totalScreenTime,socialMediaTime,gamingTime,entertainmentTime,educationTime,productivityTime,numberOfSessions,averageSessionDuration,lateNightUsage,earlyMorningUsage,sevenDayAverage,usageChangePercentage,socialMediaPercentage,gamingPercentage,productivePercentage,riskScore,riskLevel
359.4,195.0,92.6,29.8,17.4,8.7,76,4.7,83,21,391.9,12.1,54.3,25.8,7.3,73,HIGH
251.0,71.3,19.0,46.1,57.3,45.2,52,4.8,31,17,229.6,25.9,28.4,7.6,40.8,43,MODERATE
321.6,176.1,89.2,81.5,40.9,17.7,64,5.0,57,5,349.7,32.5,54.7,27.7,18.2,69,HIGH
125.7,23.3,3.2,11.4,21.1,29.9,19,6.6,0,0,119.1,-8.0,18.5,2.5,40.6,27,LOW
345.7,107.3,37.9,33.7,26.6,16.8,67,5.2,30,19,366.1,31.9,31.0,11.0,12.6,63,HIGH
167.0,83.5,13.7,49.4,3.9,19.0,47,3.6,12,16,175.6,0.2,50.0,8.2,13.7,50,MODERATE
189.7,79.3,37.7,31.3,24.7,23.9,23,8.2,31,8,164.9,-45.1,41.8,19.9,25.6,45,MODERATE
376.7,204.7,85.6,83.3,14.6,11.4,82,4.6,84,9,325.7,33.9,54.3,22.7,6.9,73,HIGH
80.9,19.3,22.2,18.1,15.4,40.0,13,6.2,20,5,83.6,7.8,23.9,27.4,68.5,7,LOW
582.1,277.8,164.6,171.3,6.3,9.8,99,5.9,148,27,634.7,30.3,47.7,28.3,2.8,91,CRITICAL
285.1,104.3,94.2,65.7,41.9,22.3,75,3.8,43,16,241.9,1.9,36.6,33.1,22.5,63,HIGH
110.8,44.3,16.8,23.0,18.1,9.8,26,4.3,0,0,112.4,5.7,40.0,15.2,25.2,13,LOW
83.6,29.1,19.6,0.0,40.3,37.2,11,7.6,0,0,80.1,2.7,34.8,23.4,92.8,21,LOW
160.7,57.7,26.2,29.3,18.0,0.0,26,6.2,32,10,177.8,-4.1,35.9,16.3,11.2,45,MODERATE
430.0,242.9,53.4,86.4,0.0,17.9,68,6.3,112,10,423.3,7.1,56.5,12.4,4.2,94,CRITICAL
196.9,64.3,35.7,62.9,38.9,22.7,51,3.9,26,8,225.0,2.8,32.7,18.1,31.2,32,MODERATE
229.5,83.4,63.1,91.8,33.8,15.1,47,4.9,18,19,231.9,-18.3,36.3,27.5,21.3,48,MODERATE
96.5,13.9,13.1,2.0,45.4,16.4,16,6.0,2,12,93.0,-13.2,14.4,13.6,64.0,10,LOW
569.9,221.4,118.2,88.1,0.0,18.7,65,8.8,75,57,579.6,28.4,38.8,20.7,3.3,85,CRITICAL
288.9,111.1,46.7,65.9,34.1,12.5,93,3.1,31,16,261.5,35.3,38.4,16.2,16.1,77,HIGH
78.8,12.0,23.7,30.6,24.9,37.8,20,3.9,4,0,82.7,-12.4,15.2,30.0,79.5,12,LOW
104.0,33.9,29.4,14.5,5.0,32.5,22,4.7,1,4,105.8,-11.8,32.6,28.3,36.1,18,LOW
242.7,57.8,47.9,27.8,22.9,47.5,38,6.4,0,11,243.0,3.6,23.8,19.7,29.0,55,MODERATE
320.3,169.8,44.8,67.1,27.4,11.0,77,4.2,76,17,339.6,43.6,53.0,14.0,12.0,71,HIGH
220.0,78.2,40.4,56.5,31.2,29.1,43,5.1,14,11,201.0,9.9,35.5,18.4,27.4,46,MODERATE
496.1,196.9,94.9,212.3,19.5,12.4,104,4.8,124,19,444.5,1.5,39.7,19.1,6.4,86,CRITICAL
452.4,209.9,40.0,145.6,0.0,12.1,109,4.2,105,46,398.5,46.6,46.4,8.8,2.7,85,CRITICAL
200.4,46.7,19.0,65.6,2.6,49.3,37,5.4,12,17,177.6,31.7,23.3,9.5,25.9,36,MODERATE
116.5,26.7,0.0,10.4,23.9,19.1,35,3.3,0,0,126.8,6.1,22.9,0.0,36.9,25,LOW
200.3,87.4,14.7,40.5,32.1,18.4,43,4.7,19,0,202.7,8.3,43.6,7.3,25.2,37,MODERATE
187.7,57.4,45.6,53.8,21.3,2.4,65,2.9,20,9,200.2,7.0,30.6,24.3,12.6,33,MODERATE
153.4,76.7,53.7,20.1,28.6,38.2,42,3.7,23,8,163.3,-2.7,50.0,35.0,43.6,33,MODERATE
78.5,17.9,19.8,13.1,27.3,5.0,37,2.1,10,0,84.3,-3.9,22.7,25.2,41.1,15,LOW
602.1,254.0,179.2,94.6,6.3,13.8,110,5.5,121,14,582.6,56.9,42.2,29.8,3.3,90,CRITICAL
56.4,22.5,16.9,10.4,45.5,13.8,37,1.5,1,7,54.8,21.6,40.0,30.0,105.2,27,LOW
85.7,27.1,25.7,26.6,29.5,16.5,25,3.4,15,4,92.5,-3.2,31.6,30.0,53.8,11,LOW
342.9,157.7,51.6,69.0,24.7,9.4,84,4.1,88,26,326.5,19.5,46.0,15.0,9.9,70,HIGH
125.5,37.7,23.7,16.2,16.4,24.0,27,4.6,0,3,137.0,12.8,30.0,18.9,32.2,11,LOW
89.4,35.8,8.3,15.2,54.9,10.0,15,6.0,4,4,96.6,-15.5,40.0,9.2,72.6,16,LOW
232.1,53.6,42.9,47.3,27.5,23.6,31,7.5,21,7,212.9,-1.7,23.1,18.5,22.0,34,MODERATE
63.7,25.5,19.1,14.6,17.9,23.2,16,4.0,3,4,65.8,-4.3,40.0,30.0,64.5,14,LOW
122.6,21.0,28.5,45.9,35.1,12.5,16,7.7,9,5,114.5,4.2,17.1,23.2,38.8,11,LOW
136.9,18.9,0.0,22.7,24.3,7.6,11,12.4,2,0,148.3,5.0,13.8,0.0,23.3,11,LOW
138.0,24.8,8.5,4.6,13.8,32.4,25,5.5,1,0,131.0,12.7,18.0,6.2,33.5,5,LOW
248.3,75.2,32.5,55.3,17.8,27.3,28,8.9,0,12,265.5,27.7,30.3,13.1,18.1,32,MODERATE
163.7,20.0,38.5,65.5,35.2,34.4,61,2.7,25,11,150.7,-9.7,12.2,23.5,42.5,59,MODERATE
339.9,143.4,68.2,86.6,20.0,16.7,87,3.9,76,10,291.1,34.3,42.2,20.1,10.8,76,HIGH
78.0,27.8,17.9,11.4,53.0,25.7,10,7.8,6,8,73.9,13.9,35.6,23.0,100.9,21,LOW
430.0,249.8,126.9,45.3,3.3,2.7,83,5.2,167,29,434.1,17.3,58.1,29.5,1.4,95,CRITICAL
243.2,91.1,3.0,54.5,10.4,51.4,47,5.2,12,10,266.4,-0.2,37.5,1.2,25.4,50,MODERATE
216.9,78.5,40.3,32.1,20.6,3.4,31,7.0,45,5,206.6,-16.5,36.2,18.6,11.0,58,MODERATE
337.7,171.1,86.6,54.6,3.7,24.2,76,4.4,59,24,321.1,8.2,50.7,25.7,8.3,63,HIGH
107.4,19.9,21.8,13.6,33.1,5.0,10,10.7,19,7,112.3,9.3,18.5,20.3,35.5,19,LOW
353.3,157.7,17.8,100.1,9.8,16.6,87,4.1,100,5,306.6,18.7,44.6,5.0,7.5,71,HIGH
71.6,28.6,9.6,28.6,30.5,42.1,18,4.0,0,3,71.2,9.6,40.0,13.5,101.3,12,LOW
479.3,187.9,115.1,155.2,18.6,13.0,80,6.0,127,53,449.7,-11.6,39.2,24.0,6.6,93,CRITICAL
150.0,62.6,34.9,10.0,58.9,29.3,31,4.8,39,0,151.6,-17.1,41.8,23.2,58.8,44,MODERATE
75.3,30.1,22.6,3.5,19.8,33.7,29,2.6,7,4,72.1,14.2,40.0,30.0,71.1,19,LOW
474.3,265.3,118.8,87.3,27.6,13.9,98,4.8,209,43,466.5,27.7,55.9,25.0,8.7,92,CRITICAL
222.1,70.0,35.6,32.2,29.5,17.3,38,5.8,32,13,251.0,16.0,31.5,16.0,21.1,53,MODERATE
118.2,20.4,16.8,7.6,31.5,10.9,18,6.6,3,9,128.3,-21.2,17.2,14.2,35.9,19,LOW
49.0,19.6,11.3,19.6,5.0,34.1,8,6.1,2,1,48.2,1.1,40.0,23.1,79.7,28,LOW
67.9,20.9,20.4,3.1,5.0,23.2,29,2.3,9,0,71.4,-24.7,30.8,30.0,41.5,14,LOW
86.4,27.0,5.4,17.5,34.2,21.9,15,5.8,2,6,87.3,13.9,31.3,6.2,64.8,25,LOW
86.2,6.0,15.2,17.1,37.3,30.7,20,4.3,4,0,80.0,13.7,7.0,17.6,78.9,24,LOW
215.1,69.0,61.0,56.6,53.4,0.0,47,4.6,15,26,233.0,32.8,32.1,28.4,24.8,46,MODERATE
203.1,34.8,39.4,26.6,7.7,6.0,45,4.5,38,12,176.0,8.8,17.2,19.4,6.7,33,MODERATE
243.3,62.9,25.8,71.9,20.2,34.4,41,5.9,0,21,246.5,-44.6,25.9,10.6,22.5,41,MODERATE
188.8,66.5,17.0,75.5,51.2,17.0,63,3.0,21,30,203.5,7.6,35.2,9.0,36.1,49,MODERATE
97.0,36.9,0.0,23.0,11.5,13.2,26,3.7,1,5,98.2,-27.8,38.1,0.0,25.5,23,LOW
196.1,78.4,24.1,25.2,47.5,22.6,48,4.1,26,17,183.4,-23.0,40.0,12.3,35.7,35,MODERATE
476.2,317.6,175.3,99.0,0.0,6.8,77,6.2,107,17,456.8,-12.2,66.7,36.8,1.4,93,CRITICAL
507.6,217.5,156.6,129.3,14.3,4.8,73,7.0,113,42,557.9,47.4,42.8,30.8,3.8,95,CRITICAL
322.8,110.1,90.5,67.7,16.6,17.9,54,6.0,96,32,304.8,53.6,34.1,28.1,10.7,78,HIGH
60.3,5.3,18.1,24.1,45.8,26.8,24,2.5,15,9,54.5,9.1,8.7,30.0,120.4,11,LOW
53.6,2.3,16.1,17.5,44.8,16.0,5,10.7,8,0,52.3,-5.8,4.2,30.0,113.5,13,LOW
350.9,195.7,72.5,77.6,23.9,22.6,63,5.6,72,9,358.9,0.4,55.8,20.7,13.3,64,HIGH
477.3,302.0,121.0,148.6,9.0,0.0,95,5.0,161,15,465.7,46.7,63.3,25.3,1.9,85,CRITICAL
358.4,116.9,74.8,67.6,21.7,8.5,70,5.1,47,21,380.5,47.5,32.6,20.9,8.4,76,HIGH
276.0,154.8,109.4,34.8,21.8,27.9,84,3.3,90,5,252.1,29.1,56.1,39.6,18.0,67,HIGH
329.6,108.6,88.4,111.1,34.2,5.5,75,4.4,93,25,332.6,28.5,32.9,26.8,12.0,63,HIGH
360.4,177.9,37.3,74.7,16.8,19.0,59,6.1,90,21,318.6,-1.3,49.4,10.4,10.0,73,HIGH
100.4,28.5,19.0,0.0,20.5,5.0,30,3.3,11,4,98.7,5.1,28.4,19.0,25.4,5,LOW
365.1,127.1,76.7,77.1,17.0,22.8,68,5.4,62,16,305.5,19.7,34.8,21.0,10.9,72,HIGH
333.8,103.7,33.1,87.4,6.7,19.0,98,3.4,58,10,330.5,26.4,31.1,9.9,7.7,69,HIGH
107.1,14.8,8.6,32.4,20.0,15.2,12,8.9,2,7,109.6,0.3,13.9,8.0,32.8,29,LOW
416.8,86.0,30.1,97.6,12.3,24.1,55,7.6,67,37,419.6,-8.3,20.6,7.2,8.7,76,HIGH
216.4,82.6,38.2,70.7,20.1,7.9,45,4.8,21,16,209.6,4.5,38.2,17.7,12.9,32,MODERATE
361.8,174.6,77.1,39.4,0.0,17.0,59,6.1,39,28,316.2,-16.7,48.3,21.3,4.7,72,HIGH
519.6,138.8,109.5,70.9,15.0,0.0,136,3.8,113,19,548.5,20.9,26.7,21.1,2.9,93,CRITICAL
85.2,8.9,17.1,21.1,52.1,9.7,38,2.2,8,7,78.4,10.1,10.4,20.1,72.5,25,LOW
196.8,48.8,21.3,65.9,5.2,13.6,59,3.3,24,13,172.6,43.4,24.8,10.8,9.5,49,MODERATE
399.1,208.2,123.8,107.7,25.6,3.7,65,6.1,108,15,334.6,51.3,52.2,31.0,7.3,77,HIGH
219.6,88.7,57.0,71.7,30.6,33.3,58,3.8,14,9,235.1,5.3,40.4,26.0,29.1,52,MODERATE
211.4,37.0,0.0,14.4,35.4,25.5,39,5.4,17,28,211.5,-9.8,17.5,0.0,28.8,57,MODERATE
98.5,12.0,6.3,21.2,41.6,16.9,18,5.5,10,2,91.2,-6.4,12.2,6.4,59.4,20,LOW
495.6,295.5,40.0,149.3,17.9,15.8,67,7.4,100,40,437.7,31.7,59.6,8.1,6.8,95,CRITICAL
388.0,80.4,80.3,99.4,16.5,11.3,71,5.5,65,30,391.3,-39.8,20.7,20.7,7.2,65,HIGH
75.7,29.9,5.3,3.4,15.6,30.3,27,2.8,1,7,68.3,8.7,39.5,7.0,60.7,23,LOW
267.3,78.9,46.3,44.0,43.1,20.2,45,5.9,11,20,227.4,10.2,29.5,17.3,23.7,37,MODERATE
326.8,100.8,18.4,53.9,30.7,12.4,74,4.4,52,26,303.4,10.3,30.8,5.6,13.2,65,HIGH
90.2,36.1,1.9,0.0,39.1,20.3,21,4.3,1,1,84.6,-5.8,40.0,2.1,65.9,12,LOW
106.1,29.1,18.0,12.4,30.2,33.3,17,6.2,2,5,109.2,31.3,27.4,16.9,59.8,29,LOW
211.2,52.0,32.5,41.4,29.9,39.2,63,3.4,11,8,183.6,-9.9,24.6,15.4,32.7,50,MODERATE
193.2,78.4,22.1,77.3,35.2,15.7,34,5.7,15,22,177.8,-17.8,40.6,11.4,26.3,37,MODERATE
52.8,17.8,15.8,12.2,9.7,10.2,16,3.3,4,3,53.9,12.3,33.7,30.0,37.8,12,LOW
363.2,165.4,15.0,76.2,25.0,17.2,73,5.0,38,12,397.9,40.8,45.5,4.1,11.6,71,HIGH
127.6,22.6,17.2,38.8,26.0,12.3,12,10.6,1,0,128.7,-19.2,17.7,13.5,30.1,8,LOW
51.5,20.6,14.1,20.6,6.3,33.3,14,3.7,0,4,48.8,5.7,40.0,27.4,76.9,6,LOW
236.8,60.2,0.0,50.7,17.4,12.9,38,6.2,16,11,242.0,3.5,25.4,0.0,12.8,43,MODERATE
508.7,229.9,40.0,213.3,11.9,10.6,91,5.6,94,34,507.9,35.2,45.2,7.9,4.4,91,CRITICAL
50.8,20.3,11.2,20.3,24.7,8.3,19,2.7,2,0,52.2,-2.3,40.0,22.0,65.0,11,LOW
516.1,210.0,52.9,140.1,14.7,5.9,110,4.7,113,44,492.5,5.9,40.7,10.2,4.0,83,CRITICAL
287.7,157.5,48.0,124.9,24.9,16.3,58,5.0,35,6,248.9,4.3,54.7,16.7,14.3,67,HIGH
50.5,20.2,2.5,20.2,31.0,37.9,28,1.8,0,1,54.9,10.4,40.0,4.9,136.3,22,LOW
369.2,127.0,67.3,84.2,0.0,1.9,81,4.6,51,13,388.3,21.7,34.4,18.2,0.5,65,HIGH
107.4,23.3,21.5,38.3,21.5,17.2,32,3.4,0,8,117.5,-5.6,21.7,20.0,36.0,9,LOW
70.7,28.3,18.4,17.3,12.6,11.4,36,2.0,1,5,74.3,-9.4,40.0,26.0,34.0,15,LOW
159.5,79.8,17.8,38.5,49.8,0.8,59,2.7,18,2,182.3,0.5,50.0,11.2,31.7,38,MODERATE
351.8,140.9,16.8,113.8,14.6,33.5,70,5.0,105,26,359.2,-13.5,40.0,4.8,13.7,79,HIGH
539.9,289.2,149.1,56.8,7.3,9.7,93,5.8,127,36,479.8,14.8,53.6,27.6,3.1,88,CRITICAL
257.6,65.8,45.2,35.2,33.1,34.8,49,5.3,31,9,263.5,-3.6,25.5,17.5,26.4,39,MODERATE
105.1,14.6,15.1,21.9,49.5,12.8,18,5.8,4,0,113.8,7.6,13.9,14.4,59.3,12,LOW
198.8,42.1,26.1,55.9,29.9,41.8,59,3.4,7,1,212.7,-18.5,21.2,13.1,36.1,40,MODERATE
238.4,81.4,35.1,14.4,48.1,15.0,36,6.6,45,6,256.5,18.4,34.2,14.7,26.5,56,MODERATE
345.3,146.5,79.1,75.4,19.5,12.8,45,7.7,42,27,278.2,11.3,42.4,22.9,9.4,75,HIGH
429.7,179.0,28.2,81.4,30.4,0.0,77,5.6,88,23,357.6,16.6,41.7,6.6,7.1,65,HIGH
96.6,12.4,18.5,19.6,8.0,30.4,13,7.4,6,7,95.8,-6.5,12.8,19.1,39.8,13,LOW
100.0,25.8,16.6,0.0,7.8,6.3,21,4.8,3,12,106.0,-7.1,25.8,16.6,14.1,28,LOW
270.0,36.2,58.2,58.1,22.8,49.4,20,13.5,15,2,280.3,12.4,13.4,21.6,26.8,36,MODERATE
377.5,156.5,70.9,119.6,0.0,16.0,51,7.4,30,8,390.2,18.4,41.5,18.8,4.2,66,HIGH
150.0,37.1,46.3,45.6,53.6,48.2,47,3.2,25,12,151.0,-42.8,24.7,30.8,67.9,37,MODERATE
360.2,147.4,68.9,44.1,9.7,16.0,72,5.0,83,20,353.0,47.8,40.9,19.1,7.2,74,HIGH
219.0,75.2,36.1,43.8,51.6,48.4,40,5.5,24,12,235.4,-24.0,34.3,16.5,45.7,44,MODERATE
222.0,57.6,30.0,37.6,28.8,37.5,46,4.8,28,15,246.6,20.9,26.0,13.5,29.9,54,MODERATE
87.6,35.1,26.3,19.0,9.9,5.0,8,11.0,3,0,93.1,4.7,40.0,30.0,17.0,21,LOW
64.7,25.9,15.1,8.6,18.9,28.2,20,3.2,2,7,65.8,19.4,40.0,23.4,72.8,12,LOW
207.1,39.0,22.0,10.0,22.6,25.6,40,5.2,45,16,190.4,14.5,18.8,10.6,23.2,33,MODERATE
182.7,84.8,14.2,22.8,35.5,49.0,37,4.9,30,20,163.6,19.7,46.4,7.8,46.3,43,MODERATE
347.2,91.4,61.3,126.4,18.0,7.6,75,4.6,51,19,350.0,-9.9,26.3,17.6,7.4,66,HIGH
283.8,170.3,69.8,89.7,27.9,14.6,71,4.0,96,19,275.3,38.7,60.0,24.6,15.0,68,HIGH
186.3,59.4,18.0,34.9,27.5,31.0,53,3.5,16,22,193.9,21.9,31.9,9.7,31.4,58,MODERATE
417.3,181.9,56.1,46.7,32.0,12.7,71,5.9,37,25,417.3,28.8,43.6,13.4,10.7,67,HIGH
458.3,231.0,157.3,106.9,3.2,18.8,74,6.2,130,22,433.7,4.6,50.4,34.3,4.8,97,CRITICAL
316.3,114.9,80.8,77.3,33.7,14.5,65,4.9,69,11,286.3,2.1,36.3,25.5,15.3,76,HIGH
60.5,19.8,12.4,19.2,35.3,11.8,17,3.6,0,4,64.2,1.8,32.7,20.5,77.9,26,LOW
378.3,77.3,93.7,64.2,17.3,20.5,72,5.3,50,26,376.7,-33.0,20.4,24.8,10.0,62,HIGH
382.8,140.3,48.3,110.7,23.8,11.2,61,6.3,50,40,412.6,18.1,36.7,12.6,9.1,72,HIGH
332.8,109.3,83.4,94.8,28.0,15.3,71,4.7,51,36,335.0,43.2,32.8,25.0,13.0,75,HIGH
45.8,11.6,13.1,18.3,24.2,34.6,5,9.2,4,5,44.2,-1.1,25.3,28.7,128.3,23,LOW
302.8,163.0,51.6,81.8,30.2,8.5,69,4.4,30,35,313.1,-11.9,53.8,17.1,12.8,69,HIGH
582.9,253.1,123.6,124.4,9.2,11.6,87,6.7,119,15,570.3,39.9,43.4,21.2,3.6,82,CRITICAL
173.3,20.0,16.3,67.3,24.0,22.5,49,3.5,43,22,175.2,-12.5,11.5,9.4,26.8,45,MODERATE
398.8,154.8,93.5,118.7,36.3,14.1,83,4.8,69,31,426.1,30.5,38.8,23.4,12.6,75,HIGH
113.7,28.4,5.5,23.8,10.1,12.4,21,5.4,5,6,109.2,6.9,24.9,4.8,19.8,16,LOW
383.8,202.7,23.6,64.5,32.4,16.1,54,7.1,34,10,411.6,-19.2,52.8,6.1,12.6,71,HIGH
111.8,12.1,0.0,29.8,30.6,9.2,13,8.6,5,10,109.4,-10.8,10.9,0.0,35.6,27,LOW
492.6,240.0,185.7,91.5,9.4,1.5,83,5.9,86,35,538.5,38.6,48.7,37.7,2.2,97,CRITICAL
214.7,63.0,30.1,36.8,35.7,37.3,46,4.7,20,10,219.4,21.9,29.3,14.0,34.0,59,MODERATE
476.7,232.1,109.1,125.3,11.4,10.0,78,6.1,99,31,488.3,27.5,48.7,22.9,4.5,86,CRITICAL
181.9,48.8,40.8,63.9,71.8,39.7,27,6.7,12,30,160.3,1.1,26.8,22.4,61.3,46,MODERATE
363.9,198.5,54.4,97.0,32.9,30.2,45,8.1,53,9,340.7,21.3,54.5,15.0,17.3,70,HIGH
140.8,34.8,19.8,24.4,30.9,5.0,17,8.3,1,9,140.5,-0.6,24.7,14.1,25.5,17,LOW
95.7,38.3,7.1,28.3,8.7,18.2,32,3.0,4,9,95.7,-1.3,40.0,7.5,28.1,26,LOW
196.3,39.0,40.4,40.7,34.6,11.6,47,4.2,6,5,201.1,0.6,19.9,20.6,23.5,51,MODERATE
270.0,57.8,49.4,30.1,28.3,25.4,39,6.9,45,9,273.3,15.6,21.4,18.3,19.9,40,MODERATE
139.3,6.3,11.0,26.0,33.0,6.9,27,5.2,4,1,150.9,-3.0,4.5,7.9,28.7,8,LOW
509.7,281.3,145.7,113.5,0.0,13.0,101,5.0,125,25,554.7,46.6,55.2,28.6,2.5,98,CRITICAL
371.1,138.4,136.2,92.0,20.3,26.2,60,6.2,83,28,318.2,45.6,37.3,36.7,12.5,68,HIGH
85.9,34.4,18.4,34.4,26.1,32.3,40,2.1,6,7,93.9,0.6,40.0,21.4,68.0,20,LOW
477.0,262.6,148.6,148.0,16.0,10.8,121,3.9,75,43,429.0,77.4,55.0,31.1,5.6,85,CRITICAL
430.0,184.5,212.4,131.0,6.7,12.8,82,5.2,75,36,469.1,9.7,42.9,49.4,4.5,92,CRITICAL
185.0,63.7,53.7,58.1,67.3,42.9,44,4.2,30,10,193.6,-15.3,34.5,29.1,59.6,51,MODERATE
89.5,21.9,12.5,35.8,38.5,14.7,10,8.9,14,8,93.8,-14.1,24.5,14.0,59.4,16,LOW
510.4,233.9,122.3,113.0,3.7,8.5,94,5.4,160,48,536.9,-6.3,45.8,24.0,2.4,94,CRITICAL
263.5,57.6,34.5,74.3,32.2,42.1,31,8.5,19,23,296.8,-7.2,21.9,13.1,28.2,39,MODERATE
345.4,108.7,55.8,36.6,9.7,9.1,45,7.7,95,22,286.6,2.9,31.5,16.2,5.5,72,HIGH
150.0,75.0,52.5,55.0,13.3,1.3,35,4.3,29,12,156.6,-13.8,50.0,35.0,9.7,48,MODERATE
86.7,15.8,14.1,18.4,36.6,20.4,22,3.9,13,4,94.2,-10.5,18.2,16.2,65.8,18,LOW
185.6,84.0,22.3,28.6,42.3,0.7,20,9.3,17,0,211.9,-20.4,45.2,12.0,23.2,38,MODERATE
75.5,15.8,22.7,12.1,31.9,15.6,13,5.8,8,0,76.4,8.7,20.9,30.0,63.0,18,LOW
507.4,198.7,125.1,96.4,22.8,12.2,111,4.6,103,65,443.0,17.0,39.2,24.7,6.9,84,CRITICAL
334.5,127.9,40.7,71.9,26.9,22.9,67,5.0,66,19,273.6,-10.5,38.2,12.2,14.9,73,HIGH
499.9,309.8,46.1,195.4,10.8,6.9,117,4.3,75,51,511.5,74.4,62.0,9.2,3.5,98,CRITICAL
124.6,33.6,25.0,10.9,5.0,38.0,17,7.3,4,3,131.5,5.5,27.0,20.0,34.5,6,LOW
129.0,9.3,0.0,22.2,52.0,34.9,21,6.1,1,2,134.5,5.7,7.2,0.0,67.3,18,LOW
59.4,21.8,10.7,23.8,5.0,25.5,36,1.7,0,0,60.9,5.1,36.7,18.0,51.4,23,LOW
368.1,217.5,99.4,116.7,11.4,25.6,50,7.4,60,37,370.9,4.6,59.1,27.0,10.1,74,HIGH
214.3,83.7,53.3,27.6,11.2,25.3,51,4.2,23,14,206.4,25.6,39.1,24.9,17.1,34,MODERATE
229.8,33.8,53.2,36.8,21.9,29.4,31,7.4,25,6,207.2,-5.0,14.7,23.2,22.3,49,MODERATE
102.4,17.3,8.8,25.4,29.9,5.6,23,4.5,1,8,97.2,-0.4,16.9,8.6,34.6,23,LOW
249.7,54.0,1.4,29.8,55.9,2.6,41,6.1,22,7,215.4,-3.0,21.6,0.6,23.5,47,MODERATE
330.9,150.7,15.0,100.4,41.7,7.3,53,6.2,73,34,308.7,18.0,45.5,4.5,14.8,64,HIGH
119.1,24.8,7.3,0.0,14.7,12.6,20,6.0,1,3,108.4,8.3,20.8,6.1,22.9,26,LOW
227.6,31.6,41.7,30.3,17.3,51.2,39,5.8,9,9,219.7,-18.4,13.9,18.3,30.1,52,MODERATE
499.1,321.2,149.5,70.7,0.0,4.5,126,4.0,107,10,528.0,22.3,64.4,29.9,0.9,96,CRITICAL
96.1,31.7,28.8,14.2,29.9,5.0,5,19.2,0,9,105.3,-0.1,33.0,30.0,36.3,20,LOW
299.4,127.7,71.9,34.5,12.6,40.0,51,5.9,57,11,317.2,15.4,42.7,24.0,17.6,62,HIGH
105.2,11.0,26.4,15.4,29.5,5.0,28,3.8,1,5,115.5,28.8,10.4,25.1,32.8,29,LOW
92.1,27.6,27.6,31.8,38.0,14.5,12,7.7,1,9,100.6,10.5,29.9,30.0,57.1,29,LOW
214.4,52.1,39.7,38.4,43.2,30.0,38,5.6,24,22,209.1,-5.3,24.3,18.5,34.1,59,MODERATE
308.8,125.9,57.5,78.4,13.3,9.3,79,3.9,72,14,299.5,29.1,40.8,18.6,7.3,62,HIGH
115.7,39.3,25.1,1.1,38.9,27.9,7,16.5,10,7,108.9,4.1,33.9,21.7,57.7,19,LOW
590.0,226.6,93.7,156.4,0.0,0.0,121,4.9,95,44,597.4,29.2,38.4,15.9,0.0,84,CRITICAL
346.7,116.9,124.4,31.1,24.9,21.8,85,4.1,92,18,364.0,29.7,33.7,35.9,13.5,78,HIGH
215.4,102.0,42.3,10.0,45.8,2.4,44,4.9,12,29,210.6,30.9,47.3,19.6,22.4,34,MODERATE
374.4,162.4,38.5,42.9,9.9,25.5,69,5.4,82,30,334.6,2.0,43.4,10.3,9.4,79,HIGH
356.5,148.6,70.4,76.9,21.6,18.6,51,7.0,61,22,359.8,20.1,41.7,19.7,11.3,76,HIGH
83.5,25.4,22.4,30.8,20.1,5.0,11,7.6,1,0,86.4,-12.1,30.4,26.8,30.1,12,LOW
376.3,70.0,70.0,93.9,30.1,10.0,83,4.5,54,18,311.7,8.5,18.6,18.6,10.6,63,HIGH
275.0,158.4,89.7,76.9,19.1,10.0,77,3.6,98,5,245.6,16.3,57.6,32.6,10.6,68,HIGH
162.1,63.5,19.1,50.6,29.1,54.2,52,3.1,25,9,185.6,35.2,39.2,11.8,51.4,44,MODERATE
205.0,68.0,33.3,61.1,20.0,0.0,47,4.4,33,15,213.3,-6.5,33.2,16.3,9.8,37,MODERATE
276.7,143.7,86.4,41.5,31.5,23.1,73,3.8,78,16,230.5,21.3,51.9,31.2,19.7,76,HIGH
129.4,20.2,35.4,43.9,23.0,13.1,25,5.2,5,3,125.3,14.6,15.6,27.3,27.9,27,LOW
83.8,27.3,25.2,7.7,27.0,11.6,29,2.9,0,0,90.1,-6.7,32.6,30.0,46.0,23,LOW
100.6,25.2,16.0,10.7,25.4,26.0,31,3.2,3,9,103.2,10.5,25.0,15.9,51.0,6,LOW
93.0,0.0,17.1,14.1,48.9,20.2,10,9.3,5,4,86.9,3.5,0.0,18.4,74.3,8,LOW
369.5,139.2,95.4,20.9,28.8,11.6,56,6.6,84,31,357.9,40.8,37.7,25.8,10.9,72,HIGH
353.0,137.4,114.4,97.2,12.3,22.3,87,4.1,37,9,291.7,17.8,38.9,32.4,9.8,76,HIGH
182.0,52.4,28.7,35.2,20.1,56.5,29,6.3,23,16,155.9,16.3,28.8,15.8,42.1,42,MODERATE
233.9,34.2,57.1,32.3,11.7,35.4,46,5.1,10,1,221.7,1.6,14.6,24.4,20.2,40,MODERATE
99.0,12.2,5.2,34.5,31.0,10.5,26,3.8,1,3,107.9,3.4,12.3,5.3,41.9,13,LOW
439.2,166.7,127.8,69.0,8.9,16.2,96,4.6,97,33,454.3,26.3,38.0,29.1,5.7,91,CRITICAL
260.7,53.3,15.2,55.2,20.1,13.3,48,5.4,9,0,246.0,36.1,20.4,5.8,12.8,57,MODERATE
94.0,22.3,28.2,9.3,5.0,25.2,24,3.9,1,3,101.9,-6.1,23.7,30.0,32.2,19,LOW
63.6,9.0,19.1,21.0,30.2,10.3,17,3.7,0,1,68.1,-9.7,14.1,30.0,63.7,19,LOW
380.0,200.1,104.4,92.8,6.3,36.4,54,7.0,59,27,332.1,34.6,52.7,27.5,11.2,77,HIGH
192.8,96.4,61.7,35.6,22.5,9.8,34,5.7,7,15,210.1,-21.2,50.0,32.0,16.7,54,MODERATE
130.0,36.1,15.6,12.2,35.5,24.7,27,4.8,2,8,138.2,15.8,27.8,12.0,46.3,16,LOW
212.4,106.2,41.3,40.7,16.5,3.4,30,7.1,11,15,238.7,-4.5,50.0,19.5,9.4,34,MODERATE
395.0,184.7,111.7,70.3,14.0,18.8,66,6.0,51,14,394.0,9.9,46.8,28.3,8.3,66,HIGH
524.3,228.5,107.1,109.8,11.8,0.2,114,4.6,94,28,466.7,36.3,43.6,20.4,2.3,96,CRITICAL
80.8,29.0,0.0,29.0,18.8,6.4,16,5.0,6,11,74.7,-8.8,35.9,0.0,31.2,21,LOW
74.9,29.9,12.0,12.0,48.3,12.8,10,7.5,1,7,71.1,-8.8,40.0,16.0,81.6,16,LOW
206.0,50.6,15.1,50.2,41.6,37.6,48,4.3,16,17,178.6,10.6,24.6,7.3,38.5,48,MODERATE
77.5,26.5,11.2,4.8,22.5,27.2,10,7.8,0,9,70.7,-10.2,34.2,14.4,64.0,9,LOW
210.0,78.8,59.4,74.5,25.6,10.2,38,5.5,7,10,202.3,-1.1,37.5,28.3,17.0,47,MODERATE
359.8,84.1,38.1,87.5,45.0,30.2,91,4.0,71,23,338.5,-4.7,23.4,10.6,20.9,78,HIGH
103.1,27.8,30.9,16.4,34.5,20.3,40,2.6,3,0,108.4,-2.5,26.9,30.0,53.2,16,LOW
333.4,140.5,80.7,71.7,29.7,22.3,62,5.4,30,34,297.7,2.9,42.1,24.2,15.6,71,HIGH
77.2,16.1,11.1,30.9,27.2,5.8,28,2.8,4,9,79.8,11.2,20.9,14.4,42.7,26,LOW
371.5,75.3,104.6,65.3,21.5,10.5,45,8.3,89,33,328.5,10.3,20.3,28.1,8.6,77,HIGH
305.9,159.0,95.4,74.9,0.7,21.9,67,4.6,61,14,300.6,19.9,52.0,31.2,7.4,71,HIGH
117.6,46.2,4.7,11.5,26.1,36.8,20,5.9,3,1,109.7,-9.6,39.3,4.0,53.5,13,LOW
121.8,24.8,0.0,12.0,5.0,25.2,26,4.7,10,6,111.1,-3.3,20.4,0.0,24.8,27,LOW
227.0,84.9,32.7,64.5,0.0,9.2,43,5.3,25,4,212.8,9.7,37.4,14.4,4.0,59,MODERATE
76.4,17.1,22.5,12.6,12.2,12.7,28,2.7,1,5,69.9,15.5,22.3,29.5,32.5,18,LOW
100.2,28.1,27.3,7.8,14.5,33.1,8,12.5,0,3,94.9,-20.2,28.1,27.3,47.6,19,LOW
430.0,268.3,92.2,152.8,13.2,2.0,95,4.5,109,23,465.6,50.9,62.4,21.4,3.5,98,CRITICAL
232.2,78.4,40.3,41.1,38.1,10.7,31,7.5,22,13,256.8,-27.9,33.8,17.4,21.0,51,MODERATE
237.7,62.4,53.4,75.8,42.8,33.0,45,5.3,32,12,221.8,22.7,26.3,22.5,31.9,56,MODERATE
107.9,30.1,9.1,28.4,42.7,27.0,23,4.7,4,4,98.8,-10.6,27.9,8.4,64.6,15,LOW
218.8,92.1,34.8,63.7,40.5,26.9,28,7.8,4,12,233.4,-4.8,42.1,15.9,30.8,53,MODERATE
492.2,201.4,167.2,118.8,0.0,9.3,100,4.9,108,35,514.3,26.9,40.9,34.0,1.9,95,CRITICAL
484.9,185.7,122.2,114.6,5.9,5.3,109,4.4,97,28,428.6,50.5,38.3,25.2,2.3,91,CRITICAL
320.2,141.1,73.0,71.8,12.1,31.9,82,3.9,71,16,327.7,41.4,44.1,22.8,13.8,69,HIGH
640.6,206.8,72.5,165.2,12.7,14.8,105,6.1,118,29,678.4,38.8,32.3,11.3,4.3,88,CRITICAL
403.0,169.9,93.9,103.9,18.0,18.8,90,4.5,68,25,372.2,37.2,42.2,23.3,9.1,78,HIGH
333.6,171.1,21.6,34.6,20.1,27.5,87,3.8,60,30,316.8,19.6,51.3,6.5,14.3,65,HIGH
168.5,60.8,33.2,20.4,35.5,29.2,47,3.6,25,17,147.0,1.8,36.1,19.7,38.4,52,MODERATE
201.4,42.7,39.9,49.1,25.2,27.2,28,7.2,31,4,218.1,-5.9,21.2,19.8,26.0,50,MODERATE
75.9,30.4,8.7,18.1,35.5,16.7,25,3.0,3,8,83.2,-14.9,40.0,11.5,68.7,20,LOW
186.6,77.9,39.1,43.5,49.4,31.1,31,6.0,13,17,196.8,23.8,41.7,20.9,43.1,47,MODERATE
119.4,11.4,4.0,28.2,23.7,14.6,27,4.4,8,1,118.4,18.5,9.6,3.4,32.0,25,LOW
329.0,160.4,77.0,62.5,16.8,3.5,89,3.7,78,26,291.0,-17.1,48.8,23.4,6.1,64,HIGH
364.0,159.9,85.4,122.7,17.9,38.5,74,4.9,59,43,399.4,36.3,43.9,23.5,15.5,79,HIGH
438.8,177.8,78.0,141.6,21.2,4.5,124,3.5,126,35,373.4,26.4,40.5,17.8,5.9,86,CRITICAL
449.2,301.4,83.5,115.7,18.2,9.3,124,3.6,112,55,429.2,8.6,67.1,18.6,6.1,90,CRITICAL
79.7,0.0,9.7,11.6,10.7,15.0,10,8.0,12,0,86.6,21.2,0.0,12.2,32.3,6,LOW
314.0,126.6,60.9,47.1,10.7,18.7,71,4.4,36,23,324.4,9.6,40.3,19.4,9.4,75,HIGH
209.6,70.7,24.6,18.5,20.9,28.3,50,4.2,23,14,179.5,-1.1,33.7,11.7,23.5,38,MODERATE
334.0,137.0,65.2,20.0,0.0,31.0,55,6.1,102,33,295.4,52.5,41.0,19.5,9.3,69,HIGH
113.1,14.1,14.6,29.1,37.4,6.5,11,10.3,9,7,122.9,-18.1,12.5,12.9,38.8,21,LOW
175.1,87.6,20.2,70.0,52.0,13.1,42,4.2,31,18,173.4,13.0,50.0,11.5,37.2,55,MODERATE
206.3,58.3,39.0,16.3,58.9,23.5,40,5.2,10,12,218.9,30.0,28.2,18.9,39.9,52,MODERATE
469.2,216.4,113.8,74.6,6.3,14.1,100,4.7,169,37,478.5,0.8,46.1,24.3,4.4,82,CRITICAL
252.9,50.5,38.5,57.8,21.8,32.2,43,5.9,4,15,237.1,-14.8,20.0,15.2,21.4,54,MODERATE
255.2,45.0,27.6,15.9,44.6,27.2,32,8.0,17,25,225.4,3.7,17.6,10.8,28.1,43,MODERATE
79.7,29.3,3.6,21.3,24.5,17.5,18,4.4,4,0,72.4,1.9,36.8,4.5,52.7,13,LOW
162.2,65.6,13.2,62.3,37.9,22.4,38,4.3,19,12,169.1,-8.9,40.5,8.1,37.2,41,MODERATE
174.7,73.7,55.0,60.1,46.3,21.8,36,4.9,13,11,161.0,3.6,42.2,31.5,39.0,57,MODERATE
104.4,29.9,18.6,35.3,28.0,10.1,7,14.9,1,0,114.0,-3.3,28.6,17.8,36.4,12,LOW
116.4,43.3,0.0,25.2,5.0,26.0,21,5.5,1,8,115.3,-5.4,37.2,0.0,26.6,12,LOW
209.7,84.5,45.5,46.1,37.2,24.6,24,8.7,4,10,224.9,2.1,40.3,21.7,29.5,53,MODERATE
382.3,169.1,81.9,104.4,26.2,26.6,70,5.5,59,14,351.1,3.3,44.2,21.4,13.8,67,HIGH
101.1,18.9,10.3,22.8,5.0,5.0,14,7.2,7,3,102.3,10.3,18.7,10.2,9.9,7,LOW
494.0,162.1,84.3,64.3,0.1,1.2,117,4.2,177,10,521.6,67.5,32.8,17.1,0.3,97,CRITICAL
101.0,4.5,18.3,32.1,44.2,15.5,21,4.8,0,7,101.2,7.4,4.5,18.1,59.1,12,LOW
89.0,35.6,0.0,19.2,42.9,18.5,5,17.8,4,10,81.9,17.3,40.0,0.0,68.9,20,LOW
450.7,315.5,101.6,159.0,19.0,10.4,118,3.8,75,28,432.1,-49.0,70.0,22.5,6.5,86,CRITICAL
497.2,170.3,40.0,84.4,13.4,16.6,99,5.0,82,19,525.8,6.8,34.3,8.0,6.0,87,CRITICAL
182.0,91.0,39.7,45.4,17.2,42.7,48,3.8,29,7,170.3,20.0,50.0,21.8,32.9,54,MODERATE
194.9,54.1,30.1,32.6,42.3,29.0,36,5.4,30,9,222.5,-0.9,27.8,15.4,36.6,47,MODERATE
348.1,136.8,31.4,66.0,15.0,21.2,70,5.0,80,15,308.2,-22.9,39.3,9.0,10.4,75,HIGH
315.5,146.5,45.7,48.6,10.8,11.3,79,4.0,76,7,332.3,-5.6,46.4,14.5,7.0,73,HIGH
81.3,5.4,0.0,15.2,8.1,16.0,27,3.0,15,6,79.6,-2.7,6.6,0.0,29.7,5,LOW
521.9,284.7,103.2,106.7,0.0,14.6,115,4.5,126,13,550.5,-2.4,54.6,19.8,2.8,86,CRITICAL
368.1,189.5,118.4,92.3,21.2,19.0,60,6.1,54,29,347.0,-3.2,51.5,32.2,10.9,75,HIGH
108.6,0.0,14.9,21.9,20.8,35.5,23,4.7,10,11,106.7,19.6,0.0,13.7,51.8,15,LOW
108.6,22.8,16.9,24.7,25.0,16.5,15,7.2,5,7,99.2,-2.5,21.0,15.5,38.2,18,LOW
233.8,70.0,18.7,71.1,4.5,36.8,26,9.0,44,0,200.7,25.7,30.0,8.0,17.7,43,MODERATE
100.9,12.2,21.8,18.0,12.6,47.7,14,7.2,0,5,103.0,5.9,12.0,21.6,59.8,17,LOW
210.1,60.7,12.4,44.1,0.0,22.6,42,5.0,24,0,197.5,9.0,28.9,5.9,10.7,38,MODERATE
487.4,247.4,149.5,57.2,15.2,7.3,98,5.0,145,56,470.0,35.6,50.8,30.7,4.6,84,CRITICAL
84.7,5.4,20.6,0.0,36.5,33.4,9,9.4,9,10,80.7,3.9,6.4,24.3,82.6,17,LOW
202.8,83.6,43.9,64.1,17.9,12.9,42,4.8,3,9,205.7,9.6,41.2,21.6,15.2,51,MODERATE
164.9,61.0,12.5,49.1,19.8,29.4,54,3.1,41,0,184.1,-10.0,37.0,7.6,29.8,38,MODERATE
189.1,70.7,55.5,54.0,25.2,32.7,37,5.1,26,23,201.2,-32.4,37.4,29.4,30.6,32,MODERATE
120.3,23.1,36.1,47.7,22.3,18.7,27,4.5,2,13,118.4,-7.5,19.2,30.0,34.1,25,LOW
72.7,29.1,15.3,0.0,34.8,29.7,12,6.1,3,7,66.7,-15.2,40.0,21.1,88.8,5,LOW
172.2,73.0,21.9,20.6,23.6,41.0,37,4.7,40,16,178.5,-2.1,42.4,12.7,37.5,54,MODERATE
100.2,25.7,11.1,0.0,32.1,43.7,23,4.4,0,8,110.2,6.9,25.6,11.0,75.6,21,LOW
392.5,108.6,85.7,87.9,8.8,22.6,72,5.5,61,28,347.6,5.4,27.7,21.8,8.0,78,HIGH
168.6,32.8,59.0,34.4,27.2,8.3,53,3.2,12,8,165.4,10.4,19.4,35.0,21.1,35,MODERATE
318.7,132.6,86.1,20.0,37.0,21.0,70,4.6,32,7,313.8,9.2,41.6,27.0,18.2,79,HIGH
98.3,8.9,11.0,39.3,10.9,8.8,32,3.1,10,0,89.8,23.4,9.0,11.2,20.1,16,LOW
552.4,154.4,97.2,181.1,4.4,7.7,126,4.4,106,47,540.9,5.3,27.9,17.6,2.2,89,CRITICAL
414.5,136.3,15.0,89.4,22.0,10.7,73,5.7,80,10,433.1,11.4,32.9,3.6,7.9,78,HIGH
159.6,79.8,21.8,26.9,29.5,15.3,43,3.7,19,2,161.8,-4.2,50.0,13.7,28.1,59,MODERATE
231.0,46.7,37.6,28.7,42.3,27.1,28,8.3,22,5,210.5,7.7,20.2,16.3,30.1,32,MODERATE
59.8,11.4,17.9,23.9,34.8,17.7,24,2.5,0,12,56.4,-0.6,19.1,30.0,87.7,11,LOW
379.5,174.8,61.8,40.3,9.2,16.2,88,4.3,59,14,413.0,-20.7,46.1,16.3,6.7,62,HIGH
412.0,101.8,108.9,97.1,38.8,40.0,89,4.6,83,6,363.0,-8.1,24.7,26.4,19.1,71,HIGH
241.8,70.7,36.1,67.6,49.0,4.2,32,7.6,20,12,266.6,0.9,29.2,14.9,22.0,50,MODERATE
202.9,56.8,53.2,37.6,25.9,46.2,48,4.2,41,22,214.0,-11.0,28.0,26.2,35.5,49,MODERATE
137.1,20.2,33.2,31.4,32.1,26.3,30,4.6,6,7,149.8,5.6,14.8,24.2,42.6,18,LOW
326.5,106.5,59.9,63.2,11.2,26.5,50,6.5,61,31,296.6,38.0,32.6,18.3,11.5,76,HIGH
527.4,218.2,54.9,162.7,14.8,9.5,65,8.1,123,28,548.9,12.5,41.4,10.4,4.6,94,CRITICAL
383.8,184.7,46.4,91.0,30.5,13.3,63,6.1,75,5,347.0,-5.9,48.1,12.1,11.4,69,HIGH
52.8,21.1,15.8,21.1,8.2,36.6,36,1.5,16,5,50.2,6.1,40.0,30.0,84.7,14,LOW
234.8,81.9,40.5,10.0,14.6,27.6,43,5.5,19,14,203.7,5.2,34.9,17.3,18.0,48,MODERATE
347.4,128.6,85.1,66.0,17.8,9.5,81,4.3,60,26,291.9,-8.3,37.0,24.5,7.8,79,HIGH
163.5,81.8,56.5,39.4,34.6,24.8,65,2.5,12,13,180.8,-2.7,50.0,34.5,36.3,58,MODERATE
172.6,42.2,41.3,37.2,28.6,49.2,33,5.2,22,23,176.4,9.9,24.4,23.9,45.0,39,MODERATE
508.8,251.9,154.5,89.8,5.5,3.8,85,6.0,139,40,457.4,54.3,49.5,30.4,1.8,89,CRITICAL
351.6,147.8,36.4,29.6,24.6,19.9,82,4.3,79,11,361.1,42.9,42.0,10.3,12.7,76,HIGH
169.7,84.8,29.5,56.7,13.6,2.9,31,5.5,19,6,189.0,28.3,50.0,17.4,9.7,57,MODERATE
411.1,147.5,57.1,109.3,19.7,6.3,68,6.0,49,5,353.1,-1.4,35.9,13.9,6.3,68,HIGH
204.7,80.9,56.7,42.8,53.0,48.0,52,3.9,15,7,191.3,-9.6,39.5,27.7,49.3,50,MODERATE
296.7,178.0,81.7,72.1,18.8,15.5,55,5.4,60,42,304.2,46.7,60.0,27.5,11.6,79,HIGH
133.2,2.7,23.6,13.1,27.9,32.1,15,8.9,4,2,142.6,-28.7,2.0,17.7,45.1,13,LOW
212.3,74.8,65.2,56.2,36.0,28.6,36,5.9,21,6,213.7,4.2,35.2,30.7,30.5,42,MODERATE
529.7,198.9,102.6,137.3,4.4,6.7,113,4.7,196,10,566.3,77.4,37.6,19.4,2.1,88,CRITICAL
87.8,21.6,10.1,15.2,38.9,14.8,34,2.6,0,4,95.9,-2.0,24.7,11.5,61.2,22,LOW
237.5,90.3,42.5,74.6,35.7,21.7,41,5.8,21,7,203.6,34.4,38.0,17.9,24.2,33,MODERATE
511.1,225.9,172.4,194.2,19.4,7.5,120,4.3,147,30,530.6,80.3,44.2,33.7,5.3,84,CRITICAL
52.2,20.3,0.0,2.1,10.0,8.9,12,4.4,2,7,47.7,10.7,38.8,0.0,36.2,27,LOW
192.5,91.8,0.0,62.5,20.7,13.7,45,4.3,4,5,169.1,-10.3,47.7,0.0,17.9,42,MODERATE
101.1,21.5,17.7,25.2,17.4,14.2,20,5.1,4,0,106.5,-17.3,21.2,17.5,31.2,25,LOW
249.2,50.7,30.3,10.0,56.0,8.9,45,5.5,20,11,251.9,19.6,20.4,12.2,26.1,52,MODERATE
349.6,153.5,74.5,157.3,12.4,26.2,75,4.7,51,28,347.2,14.4,43.9,21.3,11.1,72,HIGH
74.9,30.0,22.5,13.4,33.5,39.5,16,4.7,0,3,80.8,-7.0,40.0,30.0,97.6,10,LOW
348.2,208.9,44.4,23.1,16.6,25.9,54,6.4,38,22,294.0,-14.2,60.0,12.8,12.2,76,HIGH
517.1,144.6,111.2,137.8,0.0,0.0,76,6.8,151,10,470.6,48.7,28.0,21.5,0.0,97,CRITICAL
114.6,19.8,19.1,26.6,31.7,10.1,21,5.5,2,6,114.6,1.9,17.3,16.7,36.5,7,LOW
457.4,244.6,117.3,91.3,19.6,8.8,93,4.9,122,38,479.7,26.2,53.5,25.6,6.2,81,CRITICAL
84.2,33.7,0.3,28.8,16.4,16.0,17,5.0,7,0,86.1,5.6,40.0,0.3,38.4,21,LOW
474.8,207.0,109.5,39.1,0.0,8.4,65,7.3,118,26,489.2,41.6,43.6,23.1,1.8,88,CRITICAL
214.1,95.7,50.7,32.9,21.2,11.8,48,4.5,9,20,208.7,28.8,44.7,23.7,15.4,34,MODERATE
490.2,209.6,84.7,117.4,16.2,7.8,85,5.8,141,34,417.9,11.3,42.8,17.3,4.9,95,CRITICAL
402.9,213.3,52.2,107.0,24.3,3.9,54,7.5,96,5,424.2,68.2,52.9,13.0,7.0,62,HIGH
311.8,187.1,80.7,34.1,4.5,14.4,78,4.0,76,31,323.7,-14.8,60.0,25.9,6.0,71,HIGH
103.3,9.0,12.5,24.0,44.5,28.0,14,7.4,0,10,101.7,-2.1,8.7,12.1,70.2,18,LOW
21.4,8.6,6.4,0.0,34.3,44.0,13,1.6,3,9,22.4,26.3,40.0,30.0,365.5,22,LOW
72.2,28.9,8.6,28.9,23.1,39.6,17,4.2,3,1,71.1,-7.4,40.0,12.0,86.8,23,LOW
319.6,141.9,71.9,72.5,36.1,14.7,54,5.9,47,26,333.8,-12.9,44.4,22.5,15.9,70,HIGH
259.5,62.6,18.4,30.7,31.9,36.3,25,10.4,44,14,267.1,13.4,24.1,7.1,26.3,32,MODERATE
359.8,115.4,112.7,63.4,18.8,16.4,45,8.0,85,10,368.6,12.8,32.1,31.3,9.8,72,HIGH
330.8,182.4,15.0,73.1,0.0,8.9,75,4.4,39,5,274.1,70.4,55.1,4.5,2.7,76,HIGH
106.2,19.0,10.5,22.9,5.6,18.3,28,3.8,4,0,109.7,-5.5,17.9,9.9,22.5,8,LOW
62.9,25.2,18.9,17.3,7.9,10.1,30,2.1,0,5,68.5,-6.6,40.0,30.0,28.8,22,LOW
229.0,74.8,37.5,27.4,41.2,35.2,43,5.3,7,8,223.9,20.1,32.6,16.4,33.3,54,MODERATE
185.4,77.1,22.7,69.1,65.2,34.8,59,3.1,30,7,183.0,8.6,41.6,12.3,54.0,50,MODERATE
84.1,21.3,17.2,14.3,43.8,9.3,18,4.7,3,2,89.0,12.4,25.3,20.5,63.1,27,LOW
214.2,32.0,34.0,37.3,10.9,29.4,32,6.7,13,10,245.0,-5.3,15.0,15.9,18.8,41,MODERATE
207.7,83.9,62.1,30.5,62.3,9.9,55,3.8,13,5,236.2,-8.4,40.4,29.9,34.8,44,MODERATE
270.0,102.5,37.3,32.8,31.8,28.7,27,10.0,22,22,288.2,-27.4,38.0,13.8,22.4,49,MODERATE
96.4,38.1,0.0,38.4,22.6,14.9,11,8.8,3,0,104.5,-15.5,39.6,0.0,38.9,23,LOW
175.6,87.8,61.4,27.5,31.1,50.7,56,3.1,17,18,152.1,58.9,50.0,35.0,46.6,48,MODERATE
104.9,35.2,11.6,26.4,31.8,22.6,18,5.8,5,11,103.2,0.9,33.5,11.0,51.9,9,LOW
414.2,212.6,84.6,70.9,23.6,21.2,67,6.2,73,22,378.7,11.0,51.3,20.4,10.8,65,HIGH
74.5,15.2,22.4,23.4,5.0,24.1,17,4.4,0,10,76.2,-2.2,20.4,30.0,39.0,12,LOW
87.5,30.2,7.5,0.0,36.9,25.9,30,2.9,3,7,89.3,-1.8,34.6,8.6,71.8,19,LOW
91.0,5.5,19.3,27.4,51.7,27.9,26,3.5,4,0,86.6,-0.4,6.1,21.3,87.4,15,LOW
379.1,212.0,98.9,53.4,19.4,33.4,50,7.6,80,5,375.5,55.0,55.9,26.1,13.9,70,HIGH
176.9,51.4,61.9,36.7,48.5,18.0,52,3.4,32,19,181.1,12.0,29.1,35.0,37.6,54,MODERATE
216.0,63.7,20.2,77.5,22.1,8.1,36,6.0,0,6,196.6,-12.4,29.5,9.4,14.0,53,MODERATE
104.6,10.9,24.3,0.0,16.3,16.9,14,7.5,2,2,108.0,29.3,10.4,23.2,31.8,29,LOW
184.2,65.5,48.5,43.9,24.1,28.0,50,3.7,8,14,186.8,28.7,35.6,26.3,28.3,58,MODERATE
336.4,148.3,89.5,112.3,16.9,36.9,65,5.2,81,39,321.7,21.1,44.1,26.6,16.0,65,HIGH
170.6,74.3,48.1,42.2,43.4,27.2,56,3.0,3,9,169.4,3.7,43.6,28.2,41.4,44,MODERATE
244.7,87.5,30.7,60.4,27.1,25.5,36,6.8,19,22,223.2,6.7,35.8,12.5,21.5,46,MODERATE
204.1,80.2,66.6,33.6,13.2,48.2,20,10.2,9,10,215.5,-23.1,39.3,32.7,30.1,52,MODERATE
337.5,177.7,57.6,108.5,24.1,15.9,71,4.8,64,35,270.7,23.4,52.6,17.1,11.9,70,HIGH
185.9,81.0,10.7,47.0,32.0,0.0,36,5.2,25,15,181.9,1.3,43.6,5.8,17.2,58,MODERATE
121.6,21.9,27.7,25.9,6.7,37.1,32,3.8,2,9,112.1,1.7,18.0,22.8,36.0,18,LOW
86.3,18.0,12.8,2.7,39.4,33.5,5,17.3,7,9,82.1,-0.8,20.8,14.8,84.5,25,LOW
236.4,92.0,70.9,49.3,6.4,20.4,46,5.1,22,2,215.2,-24.4,38.9,30.0,11.3,33,MODERATE
491.9,196.3,44.3,35.0,0.0,14.6,97,5.1,154,23,491.7,25.5,39.9,9.0,3.0,91,CRITICAL
82.8,24.9,15.6,11.3,11.3,28.4,26,3.2,2,8,86.9,20.1,30.0,18.9,48.0,24,LOW
564.2,307.4,132.5,92.9,0.8,22.2,79,7.1,178,37,514.8,79.1,54.5,23.5,4.1,89,CRITICAL
218.4,53.3,54.7,67.7,46.6,25.7,33,6.6,24,19,236.5,23.4,24.4,25.0,33.1,35,MODERATE
500.1,252.0,143.3,84.6,8.5,18.0,101,5.0,135,48,441.8,15.5,50.4,28.7,5.3,83,CRITICAL
496.3,228.3,139.5,130.9,19.3,6.1,103,4.8,137,35,454.7,60.0,46.0,28.1,5.1,92,CRITICAL
187.3,93.7,34.2,30.9,47.5,25.8,37,5.1,24,6,165.8,-13.3,50.0,18.3,39.2,44,MODERATE
94.6,32.0,16.2,8.3,42.9,18.1,19,5.0,0,0,91.3,-2.1,33.8,17.1,64.5,14,LOW
488.3,212.5,90.7,114.4,0.2,9.9,69,7.1,98,46,492.4,37.4,43.5,18.6,2.1,90,CRITICAL
48.9,19.6,14.7,19.6,18.5,27.5,25,2.0,2,11,50.8,3.2,40.0,30.0,94.0,5,LOW
396.4,147.3,54.0,103.4,15.1,20.7,68,5.8,55,22,324.7,35.0,37.2,13.6,9.0,67,HIGH
266.7,71.0,25.7,41.2,67.8,27.0,34,7.8,8,0,248.8,11.5,26.6,9.6,35.5,56,MODERATE
62.7,16.4,0.0,25.1,42.7,18.7,27,2.3,4,11,68.1,13.8,26.1,0.0,98.1,29,LOW
191.5,57.1,16.4,27.2,36.5,27.0,47,4.1,24,17,186.6,20.8,29.8,8.6,33.2,41,MODERATE
109.6,13.6,29.3,14.5,24.0,16.0,23,4.8,4,5,105.7,-3.2,12.4,26.8,36.5,27,LOW
68.9,27.6,8.2,0.0,28.9,13.0,18,3.8,20,5,68.2,-3.8,40.0,11.9,60.7,28,LOW
188.1,82.7,26.9,29.6,0.0,26.5,34,5.5,23,0,190.1,8.1,44.0,14.3,14.1,43,MODERATE
193.0,96.5,67.5,44.9,59.3,47.3,36,5.4,0,10,204.3,-6.6,50.0,35.0,55.3,58,MODERATE
59.7,23.9,11.9,23.9,6.8,13.6,8,7.5,0,11,59.9,1.7,40.0,20.0,34.2,20,LOW
210.4,70.0,51.7,31.5,22.7,15.0,38,5.5,39,16,225.1,-15.4,33.3,24.6,17.9,35,MODERATE
131.8,16.6,4.6,28.0,13.1,8.6,8,16.5,0,2,141.8,-1.0,12.6,3.5,16.4,13,LOW
88.0,21.6,22.9,24.1,33.6,31.6,17,5.2,1,1,83.6,35.4,24.6,26.0,74.0,13,LOW
368.9,113.3,15.0,70.2,23.1,16.8,100,3.7,72,21,401.1,27.5,30.7,4.1,10.8,63,HIGH
208.3,55.0,23.5,50.6,39.4,23.1,45,4.6,21,12,213.4,1.4,26.4,11.3,30.0,46,MODERATE
150.6,56.7,52.1,50.5,12.1,0.0,37,4.1,21,4,165.7,7.6,37.7,34.6,8.0,53,MODERATE
112.3,44.9,0.0,5.2,16.9,15.7,31,3.6,1,12,108.1,13.8,40.0,0.0,29.0,13,LOW
270.0,84.0,18.4,47.0,25.0,23.0,27,10.0,17,26,272.6,15.4,31.1,6.8,17.8,44,MODERATE
93.3,26.9,3.8,17.0,23.0,5.0,18,5.2,2,8,90.0,4.2,28.8,4.1,30.0,14,LOW
86.7,34.7,26.0,16.3,43.4,17.9,17,5.1,19,12,78.2,8.8,40.0,30.0,70.7,17,LOW
105.4,39.0,14.8,35.3,41.2,7.1,14,7.5,3,9,103.8,-17.2,37.0,14.0,45.8,8,LOW
91.5,36.6,23.6,17.0,35.1,15.0,20,4.6,1,7,88.7,7.5,40.0,25.8,54.7,14,LOW
373.5,138.3,71.8,57.7,6.9,13.0,69,5.4,35,15,345.1,19.9,37.0,19.2,5.3,76,HIGH
82.9,23.5,24.7,10.4,23.8,31.9,24,3.5,1,10,89.2,-3.3,28.3,29.8,67.3,11,LOW
506.2,280.6,75.1,91.3,21.0,16.1,109,4.6,93,18,491.5,61.2,55.4,14.8,7.3,95,CRITICAL
228.0,79.8,24.4,72.8,20.5,46.1,47,4.9,0,6,227.4,-27.1,35.0,10.7,29.2,55,MODERATE
230.1,46.1,17.2,26.7,28.3,21.8,30,7.7,25,30,254.2,-4.1,20.0,7.5,21.8,38,MODERATE
210.7,85.5,13.3,77.7,43.5,23.9,40,5.3,27,24,214.6,6.8,40.6,6.3,32.0,59,MODERATE
188.3,73.8,23.3,10.0,26.7,4.7,44,4.3,7,8,209.3,8.3,39.2,12.4,16.6,37,MODERATE
345.8,72.6,48.6,83.9,13.6,27.7,45,7.7,78,29,333.9,39.0,21.0,14.0,11.9,66,HIGH
430.0,161.1,74.2,73.1,3.9,18.9,69,6.2,45,8,348.0,7.4,37.5,17.3,5.3,72,HIGH
245.7,51.7,19.6,21.3,32.7,0.0,47,5.2,20,21,271.9,-7.1,21.0,8.0,13.3,44,MODERATE
67.0,18.7,20.1,0.0,27.6,32.4,18,3.7,9,7,66.4,-6.4,27.9,30.0,89.5,17,LOW
192.9,39.3,40.2,25.2,27.9,51.5,49,3.9,5,1,187.4,7.7,20.4,20.9,41.2,44,MODERATE
358.9,160.3,65.2,67.4,41.2,22.8,59,6.1,59,30,381.6,1.8,44.7,18.2,17.8,78,HIGH
188.7,94.3,10.1,75.5,45.0,23.7,37,5.1,15,10,194.8,4.1,50.0,5.3,36.4,47,MODERATE
347.5,111.1,104.0,24.4,2.2,16.9,49,7.1,89,8,351.0,52.3,32.0,29.9,5.5,74,HIGH
122.4,6.2,0.0,26.9,28.7,6.9,12,10.2,2,0,134.6,1.3,5.1,0.0,29.1,7,LOW
344.1,98.8,71.2,86.0,5.6,31.3,83,4.1,37,33,353.8,11.2,28.7,20.7,10.7,67,HIGH
590.4,218.8,105.7,143.7,16.5,13.5,133,4.4,148,31,617.9,14.8,37.0,17.9,5.1,89,CRITICAL
110.7,16.6,14.9,0.0,51.6,16.3,26,4.3,0,7,113.3,-6.8,15.0,13.5,61.3,7,LOW
344.7,171.1,61.0,68.0,19.0,22.8,77,4.5,37,17,329.4,45.0,49.6,17.7,12.1,65,HIGH
486.1,153.7,115.2,112.3,2.7,18.7,93,5.2,135,23,459.6,17.6,31.6,23.7,4.4,98,CRITICAL
270.0,65.9,45.4,16.0,17.6,7.0,57,4.7,0,8,253.7,-48.9,24.4,16.8,9.1,36,MODERATE
460.4,229.2,163.5,153.9,27.7,8.0,89,5.2,86,26,456.1,0.4,49.8,35.5,7.8,88,CRITICAL
174.0,38.3,43.1,36.9,27.5,19.6,60,2.9,37,2,185.5,-4.6,22.0,24.7,27.1,54,MODERATE
196.5,45.6,43.5,32.9,32.5,31.2,34,5.8,7,30,206.5,-4.5,23.2,22.1,32.4,47,MODERATE
110.0,7.7,12.9,3.1,5.0,34.8,17,6.5,9,8,109.4,-13.7,7.0,11.7,36.2,27,LOW
229.6,34.5,73.1,20.5,45.4,10.1,34,6.8,31,20,243.1,-17.9,15.0,31.8,24.1,51,MODERATE
99.3,27.9,12.8,37.9,5.0,10.1,19,5.2,6,0,98.8,0.3,28.1,12.9,15.2,29,LOW
92.1,28.2,13.5,4.8,32.3,5.0,5,18.4,2,8,100.7,-16.7,30.6,14.7,40.5,11,LOW
122.5,48.5,2.7,26.0,18.0,18.7,40,3.1,1,0,133.9,3.0,39.6,2.2,30.0,18,LOW
255.3,73.7,34.7,27.2,28.7,21.9,26,9.8,19,5,243.5,15.5,28.9,13.6,19.8,50,MODERATE
110.0,36.5,33.0,26.1,9.2,16.9,22,5.0,5,15,106.4,2.2,33.2,30.0,23.7,7,LOW
88.8,35.2,5.1,20.3,39.5,8.3,20,4.4,2,0,84.7,2.4,39.7,5.8,53.9,14,LOW
44.0,17.6,13.2,17.6,14.0,22.3,11,4.0,5,2,41.0,6.9,40.0,30.0,82.7,7,LOW
223.5,70.3,30.3,13.8,23.0,7.8,33,6.8,22,14,245.6,37.0,31.5,13.6,13.8,39,MODERATE
178.1,78.2,21.6,24.3,40.7,29.9,53,3.4,28,5,156.7,6.4,43.9,12.1,39.7,47,MODERATE
109.3,38.8,15.6,30.7,21.3,10.4,12,9.1,0,3,103.3,16.1,35.5,14.3,29.0,10,LOW
183.6,61.5,36.9,39.6,0.0,48.6,55,3.3,27,27,208.6,-12.6,33.5,20.1,26.5,55,MODERATE
102.1,13.1,6.5,35.0,36.7,19.5,16,6.4,0,0,93.6,-12.9,12.9,6.4,55.1,18,LOW
340.6,174.0,42.3,20.0,28.5,19.7,58,5.9,35,5,372.3,19.1,51.1,12.4,14.1,75,HIGH
78.9,31.6,7.1,29.2,42.6,25.7,8,9.9,4,19,78.8,-10.8,40.0,9.0,86.6,19,LOW
353.0,155.5,34.5,83.1,20.1,6.1,81,4.4,81,17,323.1,13.6,44.1,9.8,7.4,78,HIGH
323.5,187.0,56.7,88.5,18.0,21.8,64,5.1,72,19,342.8,35.9,57.8,17.5,12.3,79,HIGH
131.8,11.9,2.2,18.7,13.0,10.2,9,14.6,8,8,120.3,-2.3,9.1,1.7,17.6,7,LOW
566.6,268.4,147.6,138.9,12.9,0.0,105,5.4,121,39,590.6,26.2,47.4,26.0,2.3,93,CRITICAL
543.6,197.3,91.9,109.0,11.1,11.1,114,4.8,203,33,521.9,46.4,36.3,16.9,4.1,85,CRITICAL
297.3,172.2,93.0,56.7,18.6,0.0,82,3.6,79,31,297.2,50.7,57.9,31.3,6.3,66,HIGH
558.1,253.1,139.3,170.4,12.9,7.4,76,7.3,114,34,584.1,34.9,45.3,25.0,3.6,82,CRITICAL
165.4,23.1,32.6,36.4,19.9,44.8,31,5.3,39,24,187.7,-30.1,14.0,19.7,39.1,35,MODERATE
204.2,58.9,40.4,32.5,31.3,20.0,38,5.4,22,12,176.2,18.7,28.8,19.8,25.1,41,MODERATE
275.0,140.5,102.2,53.2,22.1,12.7,55,5.0,84,9,229.7,24.4,51.1,37.2,12.7,73,HIGH
88.5,18.9,22.8,35.4,40.2,5.0,21,4.2,1,7,95.1,2.2,21.3,25.7,51.0,24,LOW
225.3,91.8,23.1,28.9,22.1,33.6,56,4.0,7,0,252.3,47.1,40.8,10.2,24.7,38,MODERATE
376.1,163.1,66.8,46.5,29.1,8.7,67,5.6,63,17,335.2,9.4,43.4,17.8,10.1,69,HIGH
287.9,172.7,76.3,98.3,0.0,17.5,55,5.2,95,26,316.3,23.2,60.0,26.5,6.1,65,HIGH
312.4,121.5,93.0,80.6,18.2,18.0,67,4.7,60,25,294.6,27.7,38.9,29.8,11.6,66,HIGH
368.2,160.8,85.3,52.2,39.0,14.6,66,5.6,38,18,364.0,29.7,43.7,23.2,14.5,62,HIGH
310.7,97.3,78.4,66.4,45.0,22.6,68,4.6,61,7,262.5,30.4,31.3,25.2,21.8,64,HIGH
69.4,27.8,20.8,27.0,21.6,8.5,17,4.1,4,10,70.6,-5.9,40.0,30.0,43.4,13,LOW
548.4,286.9,92.2,45.3,0.0,1.6,72,7.6,134,59,484.3,47.9,52.3,16.8,0.3,83,CRITICAL
113.5,38.3,1.9,18.5,21.9,21.9,32,3.5,13,10,112.3,-2.4,33.7,1.7,38.6,29,LOW
416.5,149.6,53.8,115.9,34.9,27.2,59,7.1,59,23,414.2,33.3,35.9,12.9,14.9,63,HIGH
511.7,161.4,40.0,167.9,3.5,17.3,111,4.6,98,48,482.8,4.9,31.5,7.8,4.1,86,CRITICAL
430.0,177.0,161.7,115.5,13.5,0.6,96,4.5,120,20,424.0,26.7,41.2,37.6,3.3,86,CRITICAL
365.6,148.3,57.3,87.4,18.6,36.1,76,4.8,46,15,363.4,19.1,40.6,15.7,14.9,73,HIGH
74.3,29.7,8.6,18.1,35.3,12.3,15,5.0,2,7,68.9,6.7,40.0,11.6,64.1,24,LOW
87.0,6.0,26.1,10.0,24.1,25.4,21,4.1,0,10,90.3,26.1,6.9,30.0,56.9,27,LOW
341.8,205.1,45.4,110.2,39.0,18.5,57,6.0,75,21,349.5,-0.9,60.0,13.3,16.8,64,HIGH
85.2,12.8,4.7,15.5,34.7,31.1,16,5.3,0,0,87.4,-6.2,15.0,5.5,77.2,19,LOW
534.7,302.8,51.1,92.6,3.4,6.2,111,4.8,85,39,577.9,13.3,56.6,9.6,1.8,98,CRITICAL
270.0,69.1,37.7,38.3,16.0,45.6,64,4.2,11,11,295.7,-3.1,25.6,14.0,22.8,42,MODERATE
101.4,17.4,19.3,11.4,5.0,5.0,20,5.1,0,0,101.0,-9.4,17.2,19.1,9.9,17,LOW
209.9,99.1,17.2,43.7,6.4,30.6,28,7.5,18,9,190.3,10.1,47.2,8.2,17.6,37,MODERATE
460.9,280.9,142.7,112.3,2.9,8.9,85,5.4,152,39,419.2,101.4,60.9,31.0,2.6,83,CRITICAL
72.0,26.3,21.6,16.6,31.4,10.6,17,4.2,1,17,68.4,5.2,36.6,30.0,58.3,6,LOW
360.3,76.5,26.1,77.6,11.3,28.0,45,8.0,76,6,356.7,10.3,21.2,7.2,10.9,69,HIGH
430.0,166.2,86.1,96.8,20.3,29.6,83,5.2,72,16,424.1,-15.5,38.7,20.0,11.6,78,HIGH
213.6,78.2,25.2,16.7,40.8,43.6,28,7.6,31,25,217.6,5.0,36.6,11.8,39.5,34,MODERATE
430.0,208.3,40.0,129.6,7.6,16.1,102,4.2,108,45,449.4,20.0,48.4,9.3,5.5,83,CRITICAL
245.9,59.3,58.4,30.7,44.0,52.2,56,4.4,23,9,220.5,-22.5,24.1,23.7,39.1,48,MODERATE
542.0,313.9,124.7,95.7,1.1,14.8,105,5.2,183,10,476.5,50.8,57.9,23.0,2.9,84,CRITICAL
111.1,39.0,13.0,18.4,40.1,48.0,21,5.3,13,4,115.3,-4.7,35.1,11.7,79.2,23,LOW
107.7,8.0,0.0,17.4,9.8,5.0,17,6.3,2,5,106.4,-3.9,7.4,0.0,13.7,9,LOW
304.2,148.2,76.7,60.8,23.3,21.3,54,5.6,72,17,321.4,2.6,48.7,25.2,14.7,79,HIGH
94.7,11.7,12.0,10.8,30.8,8.1,30,3.2,9,0,87.4,-9.7,12.4,12.7,41.0,10,LOW
510.2,295.5,82.3,152.5,0.0,15.0,79,6.5,129,37,454.4,33.3,57.9,16.1,2.9,89,CRITICAL
258.8,37.8,65.5,39.8,30.5,8.7,32,8.1,15,3,274.2,1.2,14.6,25.3,15.2,44,MODERATE
108.0,21.6,21.4,7.7,33.4,5.0,29,3.7,1,0,116.6,-6.6,20.0,19.8,35.6,14,LOW
209.9,75.1,52.5,29.9,35.5,17.4,39,5.4,23,11,193.9,18.2,35.8,25.0,25.2,48,MODERATE
233.8,91.5,47.3,56.1,28.1,36.6,45,5.2,43,11,253.7,29.2,39.1,20.2,27.7,58,MODERATE
62.7,25.1,18.8,0.0,7.6,16.6,17,3.7,7,0,67.7,-2.3,40.0,30.0,38.6,7,LOW
171.1,35.8,53.2,14.7,34.1,21.0,40,4.3,38,8,146.3,16.0,20.9,31.1,32.2,49,MODERATE
150.0,50.4,47.9,60.0,39.6,27.4,57,2.6,18,20,139.2,-1.9,33.6,31.9,44.7,40,MODERATE
89.0,33.8,0.4,18.3,5.0,16.5,25,3.6,20,10,93.9,8.1,38.0,0.4,24.1,18,LOW
185.6,49.6,40.8,18.7,44.9,17.0,40,4.6,5,11,160.9,-0.9,26.7,22.0,33.4,59,MODERATE
250.7,61.6,44.7,58.5,20.6,22.0,58,4.3,8,29,253.7,-8.4,24.6,17.8,17.0,36,MODERATE
477.7,184.1,119.5,170.9,8.2,3.8,92,5.2,105,22,506.0,-8.1,38.5,25.0,2.5,83,CRITICAL
306.9,124.0,31.0,103.7,21.2,40.0,57,5.4,47,35,260.8,41.3,40.4,10.1,19.9,73,HIGH
359.5,151.0,54.7,112.5,42.8,29.7,76,4.7,80,38,368.0,34.7,42.0,15.2,20.1,64,HIGH
568.1,308.2,77.2,111.0,9.6,5.9,124,4.6,122,10,548.5,12.2,54.3,13.6,2.7,85,CRITICAL
360.1,176.6,86.7,115.2,26.2,18.3,56,6.4,55,28,308.1,-15.0,49.0,24.1,12.4,78,HIGH
197.0,35.1,35.1,44.8,13.2,3.2,40,4.9,19,8,189.3,3.5,17.8,17.8,8.3,36,MODERATE
226.4,82.7,38.8,36.6,24.8,25.4,44,5.1,20,12,250.0,-22.3,36.6,17.1,22.2,56,MODERATE
568.3,203.5,53.1,153.5,4.8,6.0,76,7.5,148,22,624.1,27.1,35.8,9.3,1.9,89,CRITICAL
92.3,30.4,0.0,6.5,7.1,21.7,33,2.8,7,16,98.5,-21.6,32.9,0.0,31.2,11,LOW
375.4,132.7,80.0,114.1,15.7,19.2,47,8.0,49,16,340.3,-5.3,35.4,21.3,9.3,75,HIGH
211.5,51.7,43.9,21.8,62.5,44.8,53,4.0,5,13,192.0,26.8,24.4,20.8,50.7,51,MODERATE
504.9,130.0,82.1,128.0,9.2,11.8,113,4.5,116,18,525.7,66.7,25.7,16.3,4.2,82,CRITICAL
195.5,81.1,29.1,47.2,52.7,36.5,27,7.2,15,22,185.1,7.6,41.5,14.9,45.6,39,MODERATE
248.8,49.5,37.2,29.3,25.3,24.3,32,7.8,10,14,229.6,-10.2,19.9,15.0,19.9,39,MODERATE
329.3,195.9,82.5,60.9,5.2,8.3,54,6.1,65,21,359.1,14.7,59.5,25.0,4.1,74,HIGH
198.8,53.4,35.6,25.8,13.0,0.0,62,3.2,28,11,171.5,-7.0,26.9,17.9,6.5,52,MODERATE
79.3,22.5,3.3,0.0,26.1,13.0,17,4.7,1,8,85.8,-22.3,28.4,4.1,49.3,5,LOW
374.7,141.4,64.4,20.0,37.9,19.8,45,8.3,72,23,358.1,44.9,37.7,17.2,15.4,62,HIGH
106.2,19.5,16.6,9.8,18.2,41.7,27,3.9,6,3,97.2,-2.6,18.4,15.6,56.4,15,LOW
206.0,47.5,25.1,50.3,22.5,21.3,24,8.6,35,16,196.7,19.3,23.1,12.2,21.3,52,MODERATE
87.0,27.6,11.7,23.4,40.2,7.2,27,3.2,4,0,91.5,-34.1,31.7,13.5,54.5,12,LOW
361.3,149.8,77.0,20.8,10.8,21.7,85,4.3,53,19,357.4,-17.2,41.5,21.3,9.0,74,HIGH
365.0,170.9,81.3,34.9,10.3,26.5,45,8.1,70,18,307.0,36.7,46.8,22.3,10.1,75,HIGH
270.0,68.8,12.1,64.3,28.4,23.3,52,5.2,26,2,290.8,-0.8,25.5,4.5,19.1,55,MODERATE
317.3,113.5,36.5,75.7,5.9,13.8,81,3.9,44,14,262.0,19.6,35.8,11.5,6.2,74,HIGH
383.8,109.1,72.8,90.6,25.3,21.7,76,5.0,68,5,331.8,29.2,28.4,19.0,12.2,72,HIGH
93.6,13.9,15.1,2.3,17.7,5.0,25,3.7,1,8,101.5,-20.8,14.9,16.1,24.2,17,LOW
246.6,58.0,2.6,46.4,14.8,14.1,38,6.5,17,13,271.7,17.7,23.5,1.1,11.7,37,MODERATE
72.0,13.0,17.1,20.8,14.2,22.1,15,4.8,4,3,73.7,-15.6,18.0,23.7,50.4,5,LOW
377.8,152.9,112.8,114.6,16.0,20.5,76,5.0,65,6,370.4,-2.6,40.5,29.9,9.6,65,HIGH
140.8,18.4,7.8,19.9,8.1,9.6,16,8.8,6,0,127.0,1.3,13.0,5.5,12.6,25,LOW
110.5,9.9,0.3,17.8,15.7,41.1,17,6.5,5,8,110.1,-13.7,9.0,0.3,51.5,5,LOW
82.3,23.8,3.9,4.3,54.0,18.1,27,3.0,3,0,88.6,-6.0,29.0,4.8,87.6,27,LOW
119.1,38.5,13.4,20.0,34.0,21.6,25,4.8,3,0,107.2,-2.7,32.3,11.3,46.7,11,LOW
535.8,253.3,180.7,105.1,0.0,15.2,101,5.3,134,42,569.8,59.6,47.3,33.7,2.8,89,CRITICAL
324.0,194.4,94.4,63.9,25.1,15.6,57,5.7,74,16,328.1,19.7,60.0,29.1,12.6,75,HIGH
346.5,129.0,46.2,84.5,0.0,25.9,52,6.7,30,38,357.0,-0.9,37.2,13.3,7.5,67,HIGH
136.9,21.8,18.6,37.1,30.6,22.0,19,7.2,2,4,141.8,-14.2,15.9,13.6,38.4,25,LOW
89.3,29.4,13.7,35.7,33.4,7.1,20,4.5,2,6,88.3,-9.6,32.9,15.3,45.3,24,LOW
366.4,157.6,59.3,94.3,39.6,15.0,64,5.7,77,29,332.5,15.2,43.0,16.2,14.9,70,HIGH
236.2,68.8,55.7,43.3,29.2,11.2,23,10.3,44,21,200.9,-20.1,29.1,23.6,17.1,59,MODERATE
82.5,31.5,12.7,17.6,31.1,12.8,31,2.7,6,4,84.2,12.4,38.2,15.3,53.3,5,LOW
214.2,62.5,67.8,26.1,56.6,25.5,20,10.7,19,19,212.2,-1.6,29.2,31.6,38.3,37,MODERATE
344.6,144.3,23.1,42.4,19.2,29.1,59,5.8,57,37,293.1,11.5,41.9,6.7,14.0,64,HIGH
83.8,28.4,24.9,27.8,59.7,18.6,13,6.4,20,1,83.3,-3.9,33.8,29.7,93.4,21,LOW
134.1,20.2,14.4,3.0,40.6,30.8,20,6.7,1,12,126.8,-6.2,15.1,10.7,53.3,6,LOW
471.0,186.5,116.0,136.3,8.9,5.7,123,3.8,121,14,508.7,0.5,39.6,24.6,3.1,82,CRITICAL
199.2,60.0,35.7,22.1,18.5,0.0,30,6.6,23,14,225.9,-30.6,30.1,17.9,9.3,42,MODERATE
304.7,182.8,78.6,57.5,8.5,9.4,58,5.3,91,19,285.6,-13.8,60.0,25.8,5.9,72,HIGH
118.9,25.3,20.6,22.3,15.2,29.2,15,7.9,8,5,117.9,5.0,21.2,17.3,37.4,23,LOW
119.9,28.1,13.7,13.9,32.3,9.8,22,5.4,1,1,112.6,-4.5,23.4,11.4,35.1,17,LOW
72.5,20.0,17.9,17.7,39.1,5.0,8,9.1,0,5,68.7,-21.2,27.6,24.6,60.8,28,LOW
202.8,59.5,59.3,75.8,5.8,29.9,32,6.3,19,14,232.0,1.2,29.4,29.2,17.6,50,MODERATE
103.0,33.3,0.0,11.2,9.7,7.6,14,7.4,0,8,108.0,-13.8,32.3,0.0,16.8,26,LOW
142.8,18.4,6.3,22.6,26.2,39.5,35,4.1,3,0,154.7,12.7,12.9,4.4,46.0,15,LOW
117.6,27.7,10.2,33.9,18.7,33.3,24,4.9,1,0,127.9,10.7,23.5,8.7,44.2,20,LOW
520.1,269.5,164.4,96.8,21.3,16.9,93,5.6,124,25,528.2,20.4,51.8,31.6,7.4,85,CRITICAL
484.0,265.2,93.0,106.9,4.9,3.0,105,4.6,141,35,429.8,12.6,54.8,19.2,1.6,82,CRITICAL
113.3,24.0,15.8,0.0,38.7,24.2,27,4.2,3,0,117.1,13.3,21.2,13.9,55.5,10,LOW
221.7,57.7,50.2,40.6,20.2,3.0,53,4.2,22,13,203.2,23.8,26.0,22.7,10.4,43,MODERATE
513.5,198.2,95.8,88.1,18.2,5.1,95,5.4,121,54,474.3,50.3,38.6,18.7,4.5,91,CRITICAL
197.6,46.5,65.9,57.8,72.7,18.0,33,6.0,20,23,215.7,-1.6,23.5,33.4,45.9,56,MODERATE
117.3,32.7,4.7,14.2,24.9,19.5,25,4.7,1,0,125.8,-10.1,27.9,4.0,37.9,17,LOW
344.8,173.8,35.9,65.7,33.9,10.8,66,5.2,33,40,372.6,45.8,50.4,10.4,13.0,73,HIGH
476.1,205.0,53.4,81.2,17.2,10.0,87,5.5,89,26,511.2,-14.1,43.1,11.2,5.7,90,CRITICAL
564.4,130.0,144.4,185.8,22.3,0.0,118,4.8,187,32,604.5,-8.3,23.0,25.6,4.0,96,CRITICAL
522.2,205.2,59.9,117.9,0.0,3.5,123,4.2,75,41,532.4,65.4,39.3,11.5,0.7,96,CRITICAL
231.1,84.9,35.3,92.4,42.4,21.3,32,7.2,10,14,237.7,-3.8,36.7,15.3,27.6,49,MODERATE
191.4,70.9,40.9,34.7,41.8,4.0,39,4.9,28,9,170.2,1.3,37.0,21.4,23.9,33,MODERATE
70.3,28.1,5.2,17.3,33.3,8.4,20,3.5,6,0,64.7,-19.1,40.0,7.4,59.3,29,LOW
358.8,120.0,79.5,112.1,16.0,19.5,71,5.1,59,26,292.2,3.0,33.4,22.1,9.9,67,HIGH
134.3,5.3,9.5,23.2,5.0,5.0,5,26.9,0,0,126.2,8.3,4.0,7.1,7.4,15,LOW
204.2,62.9,41.2,29.5,41.2,29.0,37,5.5,13,10,229.4,-9.7,30.8,20.2,34.4,53,MODERATE
219.2,90.9,45.4,24.8,4.2,29.7,35,6.3,10,1,187.8,7.9,41.5,20.7,15.4,41,MODERATE
92.9,34.2,7.3,36.4,54.5,19.5,29,3.2,5,0,96.7,10.4,36.8,7.8,79.7,17,LOW
119.4,25.1,0.8,31.7,20.9,5.0,30,4.0,5,15,119.3,1.1,21.0,0.7,21.7,22,LOW
93.9,25.7,23.5,0.0,15.9,22.5,29,3.2,2,2,103.3,-22.5,27.4,25.0,40.9,10,LOW
154.8,59.7,0.0,33.3,42.8,31.7,34,4.6,22,3,170.5,5.0,38.6,0.0,48.2,35,MODERATE
200.7,80.7,50.2,39.3,49.7,0.0,27,7.4,11,5,223.5,11.1,40.2,25.0,24.8,53,MODERATE
209.6,39.3,34.4,83.8,22.4,27.9,52,4.0,25,14,185.6,-1.5,18.7,16.4,24.0,43,MODERATE
104.5,41.1,17.7,12.2,38.3,5.0,11,9.5,1,6,107.1,-4.6,39.3,16.9,41.4,25,LOW
201.3,65.3,0.0,38.8,46.7,46.1,50,4.0,5,22,190.6,18.0,32.4,0.0,46.1,45,MODERATE
512.1,192.4,71.0,152.2,13.6,12.6,110,4.7,93,46,492.5,20.6,37.6,13.9,5.1,97,CRITICAL
368.6,221.2,80.0,82.1,0.0,22.3,70,5.3,56,18,368.5,16.5,60.0,21.7,6.0,70,HIGH
466.0,207.5,49.8,99.4,22.1,7.8,82,5.7,192,18,471.3,4.0,44.5,10.7,6.4,94,CRITICAL
65.0,26.0,10.9,26.0,5.0,5.0,13,5.0,7,5,61.3,12.3,40.0,16.8,15.4,19,LOW
537.4,376.2,100.0,138.1,5.6,0.3,106,5.1,125,10,535.2,68.3,70.0,18.6,1.1,98,CRITICAL
220.5,92.5,31.0,36.9,38.0,0.0,39,5.7,20,4,217.4,24.0,42.0,14.1,17.2,35,MODERATE
245.5,34.1,44.4,44.8,38.5,17.7,32,7.7,23,25,224.9,20.5,13.9,18.1,22.9,43,MODERATE
478.6,187.9,156.1,84.7,13.0,5.1,65,7.4,141,33,444.8,-19.8,39.3,32.6,3.8,88,CRITICAL
220.8,92.9,49.7,54.8,0.5,31.7,62,3.6,0,17,237.0,2.1,42.1,22.5,14.6,38,MODERATE
197.9,79.9,61.7,10.0,31.7,0.0,65,3.0,16,17,182.5,4.4,40.4,31.2,16.0,39,MODERATE
121.2,39.0,12.7,19.5,5.0,26.2,24,5.0,2,4,129.4,6.8,32.2,10.5,25.7,29,LOW
56.2,22.5,4.4,22.5,11.2,38.6,13,4.3,12,3,60.5,9.8,40.0,7.8,88.6,25,LOW
468.0,223.8,40.0,147.3,9.7,5.2,67,7.0,140,23,485.5,60.7,47.8,8.5,3.2,91,CRITICAL
102.7,22.0,28.2,9.5,34.4,16.6,18,5.7,3,4,94.1,-0.8,21.5,27.5,49.7,28,LOW
260.5,65.3,15.4,44.7,25.3,66.7,54,4.8,22,11,257.1,22.1,25.0,5.9,35.3,46,MODERATE
239.0,111.8,50.0,41.7,25.3,21.9,32,7.5,25,2,242.4,-29.0,46.8,20.9,19.7,59,MODERATE
643.1,253.2,97.8,122.7,11.8,4.2,87,7.4,119,21,693.9,18.1,39.4,15.2,2.5,84,CRITICAL
347.1,146.3,33.1,127.4,14.2,21.4,71,4.9,38,5,320.2,18.1,42.1,9.5,10.3,62,HIGH
93.7,37.5,25.8,29.7,22.1,35.1,25,3.7,2,3,89.4,3.3,40.0,27.5,61.1,12,LOW
196.8,87.7,21.7,75.8,19.5,7.1,39,5.0,15,16,185.8,4.1,44.6,11.0,13.5,57,MODERATE
256.9,74.6,28.9,29.0,19.0,16.7,65,4.0,43,17,274.8,-12.3,29.0,11.3,13.9,32,MODERATE
112.4,35.2,2.3,28.1,25.8,39.2,13,8.6,3,0,111.4,1.1,31.3,2.0,57.8,16,LOW
115.6,22.4,24.9,17.0,19.5,20.1,9,12.8,9,5,110.4,-3.2,19.4,21.6,34.3,26,LOW
463.0,162.1,197.5,101.9,28.5,2.0,65,7.1,170,21,450.4,31.5,35.0,42.7,6.6,84,CRITICAL
537.7,269.6,177.5,89.0,15.0,12.5,91,5.9,129,27,586.3,80.7,50.1,33.0,5.1,91,CRITICAL
313.3,174.2,59.5,78.5,32.8,6.0,61,5.1,54,23,297.6,35.0,55.6,19.0,12.4,65,HIGH
545.6,203.7,91.7,135.2,5.4,7.8,124,4.4,95,25,532.9,20.3,37.3,16.8,2.4,90,CRITICAL
38.3,15.3,11.5,15.3,5.0,5.0,23,1.7,4,10,37.1,0.5,40.0,30.0,26.1,14,LOW
462.3,194.6,164.1,118.1,5.4,5.0,97,4.8,160,29,410.9,47.8,42.1,35.5,2.3,93,CRITICAL
77.4,25.8,23.2,0.0,5.0,30.7,6,12.9,9,3,70.8,-0.5,33.4,30.0,46.2,17,LOW
537.2,214.4,221.3,100.3,5.4,9.2,82,6.6,75,16,555.1,46.9,39.9,41.2,2.7,89,CRITICAL
210.1,54.5,17.9,33.9,18.4,34.8,29,7.2,37,18,180.9,5.4,25.9,8.5,25.3,46,MODERATE
374.1,129.3,60.0,23.3,10.4,13.4,77,4.9,31,15,338.3,41.9,34.6,16.0,6.4,70,HIGH
167.9,84.0,52.1,13.6,24.1,16.3,50,3.4,7,11,188.7,-7.3,50.0,31.0,24.1,54,MODERATE
237.8,63.4,66.4,33.6,1.2,0.0,27,8.8,31,6,230.3,13.3,26.6,27.9,0.5,50,MODERATE
501.9,181.2,90.1,134.4,12.7,9.5,96,5.2,155,28,497.4,62.8,36.1,18.0,4.4,86,CRITICAL
228.7,81.1,33.2,60.6,21.1,18.7,26,8.8,24,14,219.0,26.2,35.5,14.5,17.4,57,MODERATE
229.9,114.9,43.6,26.7,24.5,25.5,37,6.2,32,13,251.0,21.3,50.0,19.0,21.7,43,MODERATE
465.2,294.3,90.4,35.0,21.6,14.5,112,4.2,128,55,465.2,59.5,63.3,19.4,7.8,93,CRITICAL
128.8,35.6,14.4,22.9,20.6,36.3,18,7.2,14,6,121.5,13.8,27.7,11.2,44.2,14,LOW
111.4,28.1,1.8,14.8,38.2,24.2,24,4.6,3,6,117.0,-4.6,25.2,1.6,56.0,14,LOW
197.4,85.0,56.6,39.1,26.2,14.4,43,4.6,24,18,171.4,19.4,43.1,28.7,20.6,37,MODERATE
217.2,87.1,0.0,54.8,23.1,31.9,31,7.0,36,19,200.6,15.2,40.1,0.0,25.3,53,MODERATE
138.7,21.8,20.9,6.7,38.9,14.0,16,8.7,2,11,128.1,-3.1,15.7,15.1,38.1,23,LOW
555.0,142.7,46.4,166.8,3.7,4.0,72,7.7,110,27,556.0,4.6,25.7,8.4,1.4,83,CRITICAL
612.0,279.0,113.8,153.6,9.6,14.1,65,9.4,120,10,643.5,32.0,45.6,18.6,3.9,89,CRITICAL
544.5,194.5,116.6,107.4,6.4,7.3,97,5.6,166,53,552.0,44.3,35.7,21.4,2.5,94,CRITICAL
425.0,156.0,83.5,84.8,34.6,13.8,80,5.3,40,17,343.9,4.0,36.7,19.7,11.4,73,HIGH
199.8,99.9,12.9,47.7,29.7,23.2,40,5.0,20,18,197.0,16.0,50.0,6.5,26.5,46,MODERATE
302.9,170.0,50.4,74.1,25.3,37.4,48,6.3,82,28,307.6,4.0,56.1,16.6,20.7,72,HIGH
253.7,53.2,31.6,88.4,51.7,0.0,46,5.5,22,18,235.8,-8.4,21.0,12.5,20.4,37,MODERATE
430.0,252.5,126.5,148.1,12.9,2.2,93,4.6,183,16,399.6,36.1,58.7,29.4,3.5,93,CRITICAL
67.5,27.0,9.2,14.2,15.5,52.7,24,2.8,1,1,73.2,12.9,40.0,13.6,100.9,21,LOW
492.3,274.3,95.9,96.8,9.7,0.0,95,5.2,137,44,496.0,34.2,55.7,19.5,2.0,87,CRITICAL
344.7,167.8,84.8,49.5,15.4,25.5,60,5.7,84,33,326.6,43.2,48.7,24.6,11.9,74,HIGH
100.5,19.6,13.0,24.4,40.6,5.0,17,5.9,5,6,98.7,-7.6,19.6,12.9,45.4,9,LOW
70.9,18.5,10.3,2.2,12.7,6.4,16,4.4,4,1,70.0,15.0,26.2,14.6,27.0,27,LOW
380.2,162.4,62.1,60.4,30.1,16.5,57,6.7,57,27,400.6,-17.4,42.7,16.3,12.3,68,HIGH
465.5,279.8,83.1,115.9,0.0,13.2,71,6.6,157,17,400.1,53.4,60.1,17.9,2.8,90,CRITICAL
147.4,26.2,11.8,18.5,12.9,24.8,5,29.5,0,9,137.5,7.8,17.7,8.0,25.6,7,LOW
377.3,114.1,125.0,90.0,26.2,1.4,79,4.8,75,36,336.0,11.2,30.2,33.1,7.3,65,HIGH
348.2,139.2,36.7,40.2,43.2,11.7,77,4.5,68,5,300.8,57.4,40.0,10.5,15.8,75,HIGH
387.6,105.7,85.8,70.3,33.1,1.4,73,5.3,69,5,360.1,-1.5,27.3,22.1,8.9,67,HIGH
229.6,74.3,22.8,68.9,31.3,36.1,60,3.8,35,20,237.1,8.5,32.3,10.0,29.4,57,MODERATE
121.7,21.5,22.1,28.4,19.2,20.9,31,3.9,0,8,118.9,-13.8,17.7,18.1,32.9,25,LOW
308.8,167.5,89.1,62.2,26.6,23.9,64,4.8,95,12,256.4,50.4,54.2,28.9,16.4,69,HIGH
141.6,0.0,8.0,17.5,46.8,5.0,35,4.0,0,5,135.5,-5.2,0.0,5.7,36.6,20,LOW
415.0,106.1,87.8,91.6,45.0,7.2,58,7.2,81,17,454.5,7.8,25.6,21.2,12.6,78,HIGH
181.9,86.7,32.3,34.6,16.0,42.9,59,3.1,36,15,178.3,10.2,47.7,17.8,32.4,36,MODERATE
153.1,35.3,18.1,36.8,31.5,29.7,10,15.3,11,11,159.9,-6.5,23.1,11.8,40.0,6,LOW
362.6,179.7,41.3,57.6,10.4,25.7,66,5.5,58,7,294.9,16.5,49.6,11.4,10.0,65,HIGH
250.3,59.6,66.9,73.6,21.3,8.3,41,6.1,35,8,238.2,21.3,23.8,26.7,11.8,53,MODERATE
276.8,166.1,82.7,67.5,33.3,7.3,55,5.0,30,27,282.7,0.2,60.0,29.9,14.7,62,HIGH
405.9,90.5,84.3,36.7,13.9,20.1,71,5.7,69,21,397.1,3.9,22.3,20.8,8.4,62,HIGH
519.9,285.8,107.2,60.7,10.9,3.5,65,8.0,122,39,516.3,57.4,55.0,20.6,2.8,93,CRITICAL
178.5,45.4,34.1,29.6,16.7,26.6,23,7.8,9,28,189.3,13.3,25.5,19.1,24.3,35,MODERATE
98.6,35.5,2.5,1.6,48.7,12.7,29,3.4,14,4,95.4,-10.6,36.0,2.5,62.2,10,LOW
374.6,88.4,67.6,65.3,27.2,3.7,68,5.5,71,5,387.9,-5.6,23.6,18.0,8.3,63,HIGH
190.5,46.4,43.6,49.4,18.2,3.4,26,7.3,36,7,165.7,-1.1,24.3,22.9,11.3,53,MODERATE
240.7,51.6,15.4,49.3,18.5,17.1,45,5.3,18,30,228.5,3.7,21.4,6.4,14.8,47,MODERATE
178.4,71.8,2.8,27.0,19.5,21.2,38,4.7,18,18,162.7,0.2,40.2,1.6,22.8,43,MODERATE
244.9,62.1,35.6,14.9,45.3,34.4,48,5.1,12,5,216.5,9.0,25.3,14.5,32.5,35,MODERATE
307.3,119.9,53.7,112.3,13.1,5.3,69,4.5,65,15,263.8,14.5,39.0,17.5,6.0,78,HIGH
376.7,152.8,31.6,90.8,8.7,28.7,57,6.6,35,35,330.5,22.0,40.6,8.4,9.9,75,HIGH
215.1,67.7,4.5,52.2,47.4,42.2,50,4.3,8,14,209.5,17.0,31.5,2.1,41.7,42,MODERATE
235.5,47.7,37.8,34.6,48.3,14.9,37,6.4,33,3,229.6,6.2,20.2,16.0,26.8,42,MODERATE
548.0,247.6,127.0,96.0,8.8,12.7,117,4.7,83,23,588.7,-6.7,45.2,23.2,3.9,91,CRITICAL
581.0,197.2,187.9,141.3,13.8,3.7,87,6.7,123,10,637.3,15.8,33.9,32.3,3.0,96,CRITICAL
369.2,185.6,15.0,84.9,30.1,35.0,46,8.0,89,36,388.3,-26.4,50.3,4.1,17.6,75,HIGH
333.2,107.4,80.8,60.7,29.4,18.1,77,4.3,44,21,284.5,2.6,32.2,24.2,14.2,62,HIGH
213.4,40.5,25.7,39.4,66.2,11.7,40,5.3,15,15,209.6,-4.4,19.0,12.1,36.5,36,MODERATE
202.5,75.6,50.8,64.8,36.7,0.0,37,5.5,45,14,223.8,11.6,37.3,25.1,18.1,54,MODERATE
60.3,24.1,14.3,6.4,22.7,26.3,18,3.3,1,1,63.0,-2.8,40.0,23.7,81.3,12,LOW
234.6,76.1,18.9,60.1,12.0,12.4,40,5.9,15,19,269.1,10.2,32.4,8.0,10.4,54,MODERATE
133.3,33.4,16.6,17.5,33.4,5.0,21,6.3,20,8,135.8,10.6,25.1,12.4,28.8,6,LOW
342.6,70.0,23.1,83.9,2.3,9.3,68,5.0,30,16,313.7,-7.6,20.4,6.7,3.4,67,HIGH
69.6,18.0,13.0,10.9,25.5,12.5,25,2.8,3,6,70.1,10.0,25.8,18.7,54.6,13,LOW
356.8,146.2,54.6,22.7,16.2,15.2,71,5.0,36,17,320.0,30.7,41.0,15.3,8.8,72,HIGH
69.3,27.7,20.8,25.7,37.7,42.1,14,5.0,1,10,68.6,-8.0,40.0,30.0,115.1,24,LOW
136.9,13.7,3.5,33.6,30.1,8.7,21,6.5,5,0,142.4,6.4,10.0,2.5,28.4,17,LOW
39.0,0.0,8.9,15.6,5.0,14.0,15,2.6,8,11,36.5,1.7,0.0,22.9,48.7,20,LOW
472.7,257.0,123.0,119.3,2.9,10.0,65,7.3,75,28,437.1,14.3,54.4,26.0,2.7,98,CRITICAL
353.9,193.0,66.6,77.1,34.7,39.9,91,3.9,82,25,296.1,6.8,54.5,18.8,21.1,73,HIGH
226.3,90.2,43.7,57.6,37.1,26.5,50,4.5,0,12,233.8,-13.8,39.9,19.3,28.1,59,MODERATE
75.3,29.0,0.0,25.4,11.7,12.5,11,6.8,3,8,81.2,-10.4,38.5,0.0,32.1,14,LOW
189.4,87.0,0.0,34.4,42.3,20.6,32,5.9,27,19,200.7,8.8,45.9,0.0,33.2,36,MODERATE
378.1,154.1,75.8,47.5,25.0,26.4,69,5.5,54,15,405.3,22.8,40.7,20.1,13.6,71,HIGH
245.5,55.1,17.7,46.6,27.7,15.9,27,9.1,21,8,266.3,17.4,22.4,7.2,17.8,50,MODERATE
355.6,145.3,90.7,86.4,16.5,7.6,55,6.5,35,21,325.4,-1.0,40.9,25.5,6.8,62,HIGH
186.4,93.2,48.2,63.5,47.7,52.5,20,9.3,7,5,166.2,-3.5,50.0,25.9,53.7,35,MODERATE
80.7,24.4,6.9,27.0,34.2,11.4,29,2.8,3,6,77.9,0.9,30.2,8.6,56.5,28,LOW
241.6,55.1,11.0,63.8,29.6,43.2,47,5.1,21,10,215.5,13.7,22.8,4.6,30.2,41,MODERATE
190.0,72.2,42.5,46.6,32.7,22.4,53,3.6,30,4,213.1,-13.2,38.0,22.4,29.0,42,MODERATE
234.1,74.0,24.4,24.1,37.8,23.9,25,9.4,3,4,265.8,37.8,31.6,10.4,26.4,57,MODERATE
418.0,70.0,56.5,78.2,10.7,20.1,56,7.5,95,8,408.4,-33.7,16.7,13.5,7.4,65,HIGH
115.9,44.0,11.9,19.7,46.8,16.4,24,4.8,2,9,106.4,5.1,37.9,10.3,54.5,26,LOW
174.2,58.6,9.2,69.7,5.2,25.1,55,3.2,34,18,181.7,-0.7,33.7,5.3,17.4,51,MODERATE
230.1,36.0,31.3,59.3,0.0,45.0,46,5.0,30,8,225.2,-26.0,15.7,13.6,19.6,58,MODERATE
94.1,22.4,0.0,25.4,6.4,9.3,14,6.7,3,3,99.8,-9.0,23.8,0.0,16.7,19,LOW
329.7,139.1,28.0,46.2,30.3,21.0,92,3.6,59,16,274.3,9.0,42.2,8.5,15.6,67,HIGH
399.1,132.8,66.2,71.0,33.1,37.3,70,5.7,61,8,369.7,-13.8,33.3,16.6,17.7,67,HIGH
76.4,7.0,14.9,10.7,17.0,31.3,26,2.9,3,9,70.9,10.8,9.2,19.5,63.2,29,LOW
543.5,238.0,112.7,68.7,8.4,0.8,107,5.1,109,24,517.4,-10.4,43.8,20.7,1.7,96,CRITICAL
312.4,185.7,110.6,75.0,20.7,10.3,59,5.3,56,34,302.4,16.4,59.4,35.4,9.9,65,HIGH
143.9,18.9,4.4,37.8,54.4,20.0,28,5.1,1,11,134.0,14.8,13.2,3.1,51.8,9,LOW
627.1,252.9,60.2,109.0,10.0,8.5,123,5.1,91,13,670.5,43.1,40.3,9.6,3.0,82,CRITICAL
204.1,93.2,44.9,34.4,23.6,17.5,52,3.9,18,0,208.3,4.1,45.6,22.0,20.1,44,MODERATE
498.3,280.8,101.9,184.3,3.9,3.3,79,6.3,116,32,542.3,-5.1,56.4,20.5,1.5,91,CRITICAL
91.2,26.5,13.3,20.2,8.6,5.0,32,2.9,2,0,90.3,-7.7,29.0,14.5,14.9,10,LOW
122.0,31.7,16.9,32.1,14.5,29.1,28,4.4,16,0,126.2,-3.4,26.0,13.8,35.7,23,LOW
207.1,31.3,6.0,45.2,10.1,56.6,20,10.4,12,12,196.8,-1.6,15.1,2.9,32.2,32,MODERATE
544.7,175.1,100.2,140.6,7.9,13.8,99,5.5,75,43,526.8,25.1,32.1,18.4,4.0,85,CRITICAL
86.8,29.5,6.2,33.1,5.0,31.5,26,3.3,0,6,78.7,3.8,33.9,7.1,42.1,7,LOW
236.6,82.5,7.1,60.9,31.4,36.7,34,7.0,29,18,204.7,-1.3,34.9,3.0,28.8,46,MODERATE
100.0,40.0,23.1,17.4,37.9,25.6,24,4.2,0,0,92.4,28.9,40.0,23.1,63.5,29,LOW
191.4,69.1,59.0,38.2,42.4,3.5,24,8.0,16,23,210.5,6.2,36.1,30.8,24.0,55,MODERATE
517.7,217.0,45.0,124.3,26.6,15.7,101,5.1,135,22,550.4,19.1,41.9,8.7,8.2,96,CRITICAL
78.8,8.9,0.0,23.0,27.3,21.2,24,3.3,2,1,79.8,9.5,11.3,0.0,61.5,13,LOW
175.1,23.6,0.0,60.4,20.7,18.2,47,3.7,15,16,161.0,6.7,13.5,0.0,22.2,45,MODERATE
458.5,235.9,61.7,98.9,15.6,10.3,65,7.1,179,16,430.6,4.0,51.4,13.4,5.7,85,CRITICAL
248.7,49.2,36.1,11.0,0.9,33.9,20,12.4,19,20,232.3,18.4,19.8,14.5,14.0,43,MODERATE
107.6,11.1,15.7,11.1,38.3,5.0,19,5.7,0,2,113.0,1.8,10.3,14.5,40.3,12,LOW
430.0,235.9,112.3,177.6,13.7,16.7,108,4.0,122,34,435.7,66.1,54.9,26.1,7.1,86,CRITICAL
129.8,33.5,19.3,24.6,16.7,18.4,33,3.9,2,0,136.3,15.9,25.8,14.9,27.0,9,LOW
190.5,49.8,30.9,48.4,25.3,42.4,48,4.0,2,16,212.8,15.9,26.2,16.2,35.5,57,MODERATE
249.3,34.8,55.2,58.2,21.5,11.1,20,12.5,12,20,237.9,4.0,14.0,22.1,13.1,54,MODERATE
70.3,28.1,20.4,28.1,5.0,32.8,40,1.8,3,2,73.1,-16.5,40.0,28.9,53.7,10,LOW
560.0,308.1,96.6,156.8,8.3,2.4,89,6.3,127,10,600.2,43.6,55.0,17.3,1.9,90,CRITICAL
78.3,0.0,17.1,10.7,13.0,14.0,33,2.4,0,17,81.4,-14.1,0.0,21.8,34.5,16,LOW
103.0,8.1,10.6,21.3,50.6,6.7,27,3.8,1,11,94.6,-12.4,7.9,10.3,55.6,28,LOW
411.3,152.1,39.5,119.3,2.0,0.0,79,5.2,83,24,331.6,-10.7,37.0,9.6,0.5,69,HIGH
108.7,15.0,8.3,27.5,30.4,5.0,32,3.4,2,2,109.8,21.6,13.8,7.6,32.5,18,LOW
216.8,43.2,64.0,62.9,50.4,17.1,46,4.7,24,21,198.9,25.9,19.9,29.5,31.1,46,MODERATE
430.0,244.1,74.3,135.9,9.2,2.3,120,3.6,110,35,419.6,60.9,56.8,17.3,2.7,82,CRITICAL
104.0,41.6,4.4,9.8,33.4,27.9,16,6.5,9,1,110.7,6.0,40.0,4.2,59.0,24,LOW
346.1,139.0,81.5,44.8,9.4,22.4,88,3.9,64,25,302.6,34.7,40.2,23.6,9.2,74,HIGH
601.1,238.9,169.8,129.7,6.4,11.5,141,4.3,102,44,567.7,32.8,39.7,28.3,3.0,87,CRITICAL
50.5,18.6,7.3,19.1,15.4,28.9,17,3.0,15,5,47.4,1.9,36.8,14.5,87.8,29,LOW
351.9,70.0,89.2,113.0,19.4,30.3,45,7.8,37,22,347.2,28.5,19.9,25.4,14.1,75,HIGH
524.5,155.3,128.2,86.4,5.8,13.8,113,4.6,163,31,462.6,50.1,29.6,24.4,3.7,82,CRITICAL
527.0,208.3,132.8,158.9,10.8,10.4,99,5.3,101,20,508.5,-7.1,39.5,25.2,4.0,94,CRITICAL
351.8,176.3,77.9,71.0,16.4,40.0,91,3.9,74,20,353.4,29.8,50.1,22.1,16.0,77,HIGH
321.3,87.5,93.4,74.2,20.6,8.1,65,4.9,86,20,273.1,18.6,27.2,29.1,8.9,72,HIGH
135.0,35.7,13.5,0.0,24.7,21.2,29,4.7,7,12,128.4,9.2,26.4,10.0,34.0,13,LOW
364.9,117.8,110.1,91.0,11.7,18.8,55,6.6,95,36,349.5,33.3,32.3,30.2,8.4,75,HIGH
186.8,80.7,46.5,74.7,35.5,32.8,58,3.2,14,0,190.1,8.6,43.2,24.9,36.6,45,MODERATE
137.6,19.9,25.4,16.7,40.8,13.7,5,27.5,7,3,150.0,-3.6,14.5,18.4,39.6,9,LOW
79.7,31.9,13.7,16.8,18.4,15.6,21,3.8,1,12,74.2,-17.0,40.0,17.2,42.6,26,LOW
205.2,92.4,43.9,23.4,14.8,16.0,46,4.5,26,5,188.9,-16.0,45.1,21.4,15.0,57,MODERATE
444.4,219.3,108.8,92.8,5.5,13.1,107,4.2,152,36,394.6,6.2,49.4,24.5,4.2,92,CRITICAL
89.5,23.5,16.0,16.4,34.5,15.3,5,17.9,3,4,87.4,-11.8,26.2,17.9,55.7,29,LOW
68.8,22.0,20.6,0.0,30.3,5.0,20,3.4,8,14,67.9,-9.3,32.0,30.0,51.4,11,LOW
119.4,31.2,24.8,26.3,8.4,16.0,13,9.2,5,11,113.9,10.7,26.1,20.8,20.5,26,LOW
180.5,43.7,48.2,45.6,39.5,34.2,20,9.0,8,3,207.0,-9.7,24.2,26.7,40.8,33,MODERATE
330.7,140.0,51.8,23.3,21.1,20.9,57,5.8,86,15,290.0,4.0,42.3,15.7,12.7,72,HIGH
65.7,8.1,16.6,5.3,25.5,33.9,26,2.5,0,1,67.0,-0.7,12.4,25.3,90.4,11,LOW
230.0,78.5,18.3,48.9,51.9,21.9,43,5.3,19,0,202.8,5.4,34.1,8.0,32.1,52,MODERATE
115.2,39.8,0.0,12.8,37.3,14.4,13,8.9,2,10,108.0,3.9,34.5,0.0,44.9,11,LOW
446.2,312.3,67.8,120.0,11.3,3.6,65,6.9,131,21,484.6,30.9,70.0,15.2,3.3,86,CRITICAL
486.8,197.7,40.0,121.5,6.8,3.8,97,5.0,127,23,426.4,68.3,40.6,8.2,2.2,98,CRITICAL
341.7,145.5,85.0,119.8,14.2,24.9,55,6.2,71,29,358.0,-10.4,42.6,24.9,11.4,67,HIGH
218.6,43.6,30.2,24.9,55.5,54.8,49,4.5,32,14,251.1,11.6,20.0,13.8,50.4,39,MODERATE
391.8,147.0,115.9,88.6,0.0,19.1,72,5.4,86,38,414.0,38.0,37.5,29.6,4.9,75,HIGH
162.7,72.9,41.5,65.1,32.7,4.9,30,5.4,7,7,186.4,1.7,44.8,25.5,23.1,32,MODERATE
89.9,28.7,15.0,11.7,24.2,14.8,6,15.0,0,8,93.9,-18.7,31.9,16.7,43.3,28,LOW
81.8,21.6,15.0,15.0,12.4,11.0,21,3.9,14,8,86.4,-2.8,26.5,18.3,28.6,23,LOW
215.2,102.9,0.5,44.3,25.3,39.2,46,4.7,29,14,225.7,-11.8,47.8,0.2,30.0,52,MODERATE
182.8,72.0,44.4,57.1,7.7,25.0,29,6.3,26,15,209.7,-16.1,39.4,24.3,17.9,56,MODERATE
363.7,132.2,15.0,38.9,17.2,15.9,64,5.7,57,5,364.9,-1.2,36.3,4.1,9.1,74,HIGH
264.1,60.3,28.3,57.2,38.3,22.0,26,10.2,25,16,241.0,18.1,22.8,10.7,22.8,56,MODERATE
510.1,155.7,230.5,145.2,16.2,12.7,84,6.1,120,33,476.1,76.6,30.5,45.2,5.7,85,CRITICAL
525.8,267.1,130.3,75.3,12.4,13.1,83,6.3,135,24,532.6,77.9,50.8,24.8,4.8,86,CRITICAL
129.3,30.6,22.9,0.0,24.0,22.3,27,4.8,1,9,117.5,-7.6,23.7,17.7,35.8,29,LOW
380.4,122.3,15.0,95.4,31.1,20.0,72,5.3,53,25,306.0,36.8,32.1,3.9,13.4,66,HIGH
198.3,63.4,53.2,51.8,6.4,26.5,60,3.3,21,0,185.6,12.0,32.0,26.8,16.6,45,MODERATE
73.5,26.6,12.0,1.8,21.5,5.0,25,2.9,4,10,78.2,-5.7,36.1,16.3,36.0,16,LOW
245.7,59.3,46.8,56.3,43.2,25.6,31,7.9,16,14,271.8,37.7,24.2,19.0,28.0,34,MODERATE
337.4,82.3,100.5,105.2,0.0,11.0,74,4.6,75,19,361.7,18.4,24.4,29.8,3.3,63,HIGH
392.9,115.3,35.5,90.5,3.9,15.1,79,5.0,93,17,332.0,3.7,29.4,9.0,4.8,72,HIGH
160.0,41.4,0.0,22.8,16.9,21.5,25,6.4,0,12,157.0,5.4,25.9,0.0,24.0,26,LOW
164.8,67.9,24.1,57.6,16.7,13.4,20,8.2,24,10,183.3,-16.4,41.2,14.6,18.3,47,MODERATE
91.1,18.4,16.6,26.0,41.8,37.4,17,5.4,6,0,83.8,-11.6,20.2,18.2,86.9,15,LOW
140.2,25.0,9.1,29.2,27.3,21.2,15,9.3,9,7,126.7,-4.1,17.9,6.5,34.6,23,LOW
282.4,167.0,45.6,63.3,37.5,16.7,68,4.2,75,25,290.1,-2.2,59.1,16.1,19.2,63,HIGH
392.7,160.6,61.1,71.3,30.4,17.6,59,6.7,89,21,412.5,5.3,40.9,15.6,12.2,73,HIGH
216.0,48.1,25.2,41.3,14.5,7.3,65,3.3,25,5,204.4,19.7,22.3,11.7,10.1,40,MODERATE
181.9,90.9,8.8,32.5,37.2,12.2,45,4.0,24,10,200.8,20.0,50.0,4.8,27.2,36,MODERATE
491.3,238.0,180.1,114.8,15.0,8.4,95,5.2,116,41,482.0,9.7,48.4,36.7,4.8,83,CRITICAL
392.6,136.9,33.6,20.0,15.3,22.0,57,6.9,43,14,356.3,45.4,34.9,8.6,9.5,79,HIGH
62.6,7.0,12.4,6.5,22.8,19.9,9,7.0,2,3,63.6,8.4,11.1,19.8,68.2,20,LOW
378.7,155.5,91.8,47.1,37.7,24.9,81,4.7,43,31,393.4,11.0,41.1,24.2,16.5,65,HIGH
95.5,16.7,14.4,9.3,43.0,5.0,27,3.5,4,0,94.8,-14.6,17.4,15.1,50.2,28,LOW
338.6,132.8,90.0,56.6,17.4,26.1,94,3.6,75,21,343.0,6.6,39.2,26.6,12.9,67,HIGH
96.8,21.9,1.6,35.1,30.1,5.0,23,4.2,3,9,96.8,9.1,22.6,1.7,36.2,12,LOW
559.3,205.4,56.2,167.0,10.7,19.3,88,6.4,109,46,549.6,53.3,36.7,10.1,5.4,90,CRITICAL
73.5,16.4,20.3,21.8,23.2,24.3,21,3.5,7,13,79.2,12.9,22.3,27.6,64.7,19,LOW
281.0,154.1,64.3,103.6,24.6,22.8,60,4.7,65,29,287.9,16.6,54.8,22.9,16.9,78,HIGH
195.1,88.3,58.3,17.1,45.1,37.3,60,3.3,26,11,202.2,25.6,45.3,29.9,42.2,47,MODERATE
330.7,167.0,36.2,88.5,21.8,21.8,63,5.2,106,10,329.9,39.4,50.5,10.9,13.2,65,HIGH
270.0,58.0,28.2,48.2,56.0,0.0,45,6.0,45,13,303.4,-17.2,21.5,10.4,20.7,32,MODERATE
186.4,55.6,30.8,35.2,0.0,30.8,48,3.9,41,5,185.9,-10.7,29.8,16.5,16.5,43,MODERATE
211.6,67.5,45.0,41.5,44.1,31.7,34,6.2,38,1,198.4,3.3,31.9,21.3,35.8,53,MODERATE
514.3,193.2,40.0,98.7,7.0,9.8,90,5.7,99,10,531.9,29.2,37.6,7.8,3.3,87,CRITICAL
193.5,52.7,42.8,12.9,8.3,25.3,41,4.7,26,27,175.6,6.9,27.2,22.1,17.4,51,MODERATE
49.2,19.7,14.8,4.9,18.9,28.3,16,3.1,4,0,48.7,-1.8,40.0,30.0,96.0,11,LOW
191.7,80.8,23.4,61.9,30.3,17.2,49,3.9,13,17,207.9,8.8,42.1,12.2,24.8,37,MODERATE
97.1,38.8,4.0,31.0,42.4,5.0,15,6.5,2,4,103.9,27.0,40.0,4.1,48.8,26,LOW
83.3,15.9,25.0,12.2,12.9,20.9,25,3.3,5,4,88.3,-26.1,19.1,30.0,40.6,7,LOW
53.5,21.4,16.0,21.4,21.8,33.5,19,2.8,9,9,48.5,-6.2,40.0,30.0,103.5,19,LOW
363.2,154.8,37.2,146.0,14.0,22.3,58,6.3,30,10,299.1,-13.8,42.6,10.2,10.0,65,HIGH
307.9,184.7,89.5,98.3,35.4,1.6,54,5.7,81,11,337.6,11.9,60.0,29.1,12.0,63,HIGH
519.1,249.0,65.4,98.7,22.3,15.0,68,7.6,122,52,552.0,22.6,48.0,12.6,7.2,88,CRITICAL
362.0,120.1,76.2,98.8,13.0,19.2,65,5.6,98,28,346.5,31.4,33.2,21.0,8.9,66,HIGH
438.1,197.0,185.2,133.9,10.5,16.1,105,4.2,141,25,445.9,12.1,45.0,42.3,6.1,98,CRITICAL
482.0,261.4,110.9,102.1,15.5,11.9,102,4.7,185,50,469.3,53.0,54.2,23.0,5.7,91,CRITICAL
337.0,202.2,24.6,41.6,13.6,22.2,64,5.3,55,34,297.5,51.3,60.0,7.3,10.6,70,HIGH
211.4,80.0,61.9,49.0,27.1,0.0,42,5.0,22,17,198.4,-7.8,37.8,29.3,12.8,32,MODERATE
60.9,18.6,18.3,8.2,49.1,34.7,7,8.7,3,0,59.6,9.2,30.6,30.0,137.6,24,LOW
322.8,112.0,100.5,78.9,28.1,0.0,71,4.5,54,6,315.6,16.6,34.7,31.1,8.7,71,HIGH
263.5,66.5,79.5,44.4,26.8,38.0,37,7.1,23,23,267.4,5.3,25.2,30.2,24.6,39,MODERATE
321.3,88.1,40.8,107.1,18.1,18.9,52,6.2,66,9,338.0,-1.3,27.4,12.7,11.5,65,HIGH
227.4,74.3,58.5,31.7,8.5,23.9,37,6.1,11,11,224.1,-6.0,32.7,25.7,14.3,40,MODERATE
186.2,63.5,17.4,65.6,2.9,22.9,49,3.8,26,6,185.6,16.9,34.1,9.3,13.8,34,MODERATE
233.8,76.4,37.4,41.5,48.2,19.4,46,5.1,12,6,258.0,0.7,32.7,16.0,28.9,56,MODERATE
387.3,109.1,78.6,29.1,25.2,16.9,97,4.0,34,33,353.4,-19.5,28.2,20.3,10.9,69,HIGH
397.6,111.7,56.8,39.7,3.9,11.7,73,5.4,80,10,320.2,0.2,28.1,14.3,3.9,68,HIGH
218.8,109.4,36.2,46.2,41.8,25.6,21,10.4,35,0,212.5,-2.5,50.0,16.5,30.8,55,MODERATE
140.7,21.6,0.0,4.2,51.5,5.0,13,10.8,4,3,153.0,5.2,15.4,0.0,40.1,22,LOW
241.3,67.9,60.2,57.4,20.7,17.5,33,7.3,36,8,231.1,-9.4,28.1,24.9,15.9,59,MODERATE
202.8,70.5,57.3,61.9,8.1,28.7,39,5.2,35,20,191.8,28.7,34.8,28.3,18.1,38,MODERATE
329.0,145.4,102.4,98.4,25.3,24.4,70,4.7,71,22,330.5,18.0,44.2,31.1,15.1,77,HIGH
590.2,285.5,105.5,73.2,5.2,0.0,79,7.5,139,31,549.2,22.4,48.4,17.9,0.9,88,CRITICAL
529.5,277.2,150.8,183.2,5.2,5.7,79,6.7,123,30,576.8,-15.9,52.4,28.5,2.1,98,CRITICAL
79.6,21.2,0.4,28.0,35.0,37.2,18,4.4,9,0,76.0,8.1,26.6,0.6,90.6,12,LOW
90.9,36.4,10.2,23.2,28.1,19.5,16,5.7,1,6,87.9,14.9,40.0,11.2,52.3,23,LOW
229.1,44.5,46.0,54.5,35.7,22.3,63,3.6,27,4,260.9,9.5,19.4,20.1,25.3,35,MODERATE
41.9,16.8,12.6,16.8,49.8,12.4,19,2.2,3,5,41.1,-13.2,40.0,30.0,148.5,21,LOW
275.0,165.0,27.3,20.0,35.9,7.9,57,4.8,84,16,295.5,14.0,60.0,9.9,15.9,66,HIGH
109.3,36.9,27.2,43.7,28.7,23.3,7,15.6,10,2,107.8,-7.3,33.8,24.9,47.5,5,LOW
417.4,166.9,77.4,52.2,18.8,19.1,56,7.5,59,18,394.3,19.2,40.0,18.5,9.1,66,HIGH
636.1,278.3,104.1,143.2,0.0,13.8,81,7.9,128,21,650.9,12.5,43.8,16.4,2.2,81,CRITICAL
506.0,283.3,46.2,69.9,16.2,22.5,115,4.4,190,25,536.5,12.1,56.0,9.1,7.7,92,CRITICAL
96.9,18.9,0.0,38.8,27.3,24.8,19,5.1,1,1,96.3,27.3,19.5,0.0,53.8,13,LOW
100.1,5.5,30.0,18.0,35.5,10.0,22,4.6,1,0,107.4,0.4,5.5,30.0,45.4,13,LOW
90.6,15.4,1.2,11.2,24.5,41.5,15,6.0,9,6,90.5,30.3,17.0,1.3,72.9,25,LOW
336.7,153.5,100.6,73.5,28.2,22.0,63,5.3,67,35,308.0,23.3,45.6,29.9,14.9,64,HIGH
89.2,9.7,12.1,12.6,8.3,27.2,27,3.3,7,13,87.2,-5.6,10.8,13.6,39.8,10,LOW
125.7,6.0,27.4,46.8,5.2,29.3,20,6.3,9,0,130.7,-7.2,4.8,21.8,27.4,15,LOW
209.5,32.9,35.6,46.3,33.6,16.1,27,7.8,29,9,208.8,8.1,15.7,17.0,23.7,32,MODERATE
378.5,147.5,107.9,27.5,11.0,15.5,100,3.8,43,5,395.9,-13.8,39.0,28.5,7.0,62,HIGH
187.5,77.4,43.2,56.0,27.3,16.4,40,4.7,28,0,192.9,12.1,41.3,23.0,23.3,59,MODERATE
114.6,14.1,14.8,17.0,18.6,19.9,10,11.5,4,10,110.0,-3.9,12.3,12.9,33.6,10,LOW
515.7,200.9,181.1,110.1,7.6,0.0,106,4.9,83,38,560.1,42.5,39.0,35.1,1.5,98,CRITICAL
256.5,94.7,0.0,44.9,52.3,68.4,50,5.1,17,3,235.1,44.9,36.9,0.0,47.0,52,MODERATE
204.8,50.3,6.2,59.1,27.4,27.6,31,6.6,18,8,190.9,3.2,24.6,3.0,26.8,43,MODERATE
210.1,78.9,21.9,44.3,19.8,28.1,35,6.0,13,6,232.0,14.1,37.6,10.4,22.8,35,MODERATE
102.7,30.7,20.9,0.0,45.5,11.1,25,4.1,6,8,96.7,-4.6,29.9,20.3,55.1,13,LOW
332.6,137.3,61.3,55.3,36.8,27.0,69,4.8,85,5,350.6,-9.0,41.3,18.4,19.2,75,HIGH
173.7,71.1,39.6,56.7,28.1,13.6,49,3.5,6,23,195.5,0.8,40.9,22.8,24.0,51,MODERATE
613.0,169.8,80.5,116.3,9.5,10.3,88,7.0,140,47,660.5,59.7,27.7,13.1,3.2,86,CRITICAL
85.7,19.0,13.3,34.3,22.3,19.8,16,5.4,3,10,88.7,1.0,22.2,15.5,49.0,18,LOW
357.8,145.8,104.0,112.4,33.9,15.5,52,6.9,84,6,287.0,60.8,40.8,29.1,13.8,76,HIGH
191.4,38.3,67.0,60.7,26.0,38.0,40,4.8,32,13,214.7,6.6,20.0,35.0,33.5,33,MODERATE
479.3,282.5,75.8,124.9,16.8,14.4,102,4.7,131,40,448.9,39.6,58.9,15.8,6.5,87,CRITICAL
193.8,68.5,58.1,41.6,15.7,1.9,27,7.2,32,9,196.8,-5.9,35.3,30.0,9.1,33,MODERATE
92.1,31.8,8.4,19.4,35.7,57.4,26,3.5,0,0,86.4,-21.5,34.5,9.1,101.0,11,LOW
215.6,69.5,22.3,84.4,20.3,0.0,52,4.1,20,9,218.0,-4.8,32.3,10.3,9.4,51,MODERATE
401.8,97.7,64.9,64.1,30.3,0.0,95,4.2,62,29,367.3,16.7,24.3,16.1,7.5,71,HIGH
68.1,27.2,10.4,27.2,36.6,14.1,18,3.8,2,2,65.2,2.4,40.0,15.3,74.4,6,LOW
317.2,116.9,74.8,56.7,45.0,7.4,89,3.6,69,28,301.3,34.4,36.8,23.6,16.5,68,HIGH
64.1,17.9,14.7,23.4,12.9,25.1,16,4.0,3,4,70.1,-5.2,27.9,23.0,59.2,5,LOW
81.4,32.6,0.0,0.0,6.4,5.9,21,3.9,1,0,83.8,-9.3,40.0,0.0,15.1,15,LOW
116.3,21.6,26.5,17.0,20.2,33.3,17,6.8,2,11,118.3,11.5,18.5,22.8,46.0,13,LOW
45.9,18.0,0.0,14.9,32.5,9.3,8,5.7,1,5,46.7,9.8,39.1,0.0,91.3,22,LOW
455.0,244.9,92.0,117.0,10.3,0.9,75,6.1,133,22,491.5,61.5,53.8,20.2,2.5,87,CRITICAL
131.0,3.8,4.7,22.0,26.3,25.9,32,4.1,9,6,123.2,-4.9,2.9,3.6,39.8,9,LOW
396.6,162.6,140.4,93.3,32.5,18.4,56,7.1,47,21,366.3,13.3,41.0,35.4,12.8,68,HIGH
227.9,46.0,13.1,52.9,20.5,1.4,53,4.3,38,24,245.5,8.4,20.2,5.7,9.6,49,MODERATE
105.0,27.0,23.4,24.4,18.1,32.9,11,9.5,3,6,99.3,2.3,25.7,22.3,48.6,15,LOW
192.3,62.6,1.6,54.7,13.4,26.5,35,5.5,9,5,183.9,9.1,32.5,0.8,20.8,39,MODERATE
93.3,10.5,8.5,20.6,12.1,15.4,28,3.3,1,2,96.7,6.4,11.2,9.1,29.4,16,LOW
160.0,17.0,18.2,16.9,44.1,10.3,18,8.9,5,2,163.2,13.5,10.6,11.4,34.0,20,LOW
372.9,223.8,28.7,36.0,9.3,19.2,52,7.2,49,26,341.3,-9.3,60.0,7.7,7.6,65,HIGH
488.9,250.3,130.3,136.1,18.5,15.8,138,3.5,95,23,447.0,37.0,51.2,26.7,7.0,84,CRITICAL
400.6,109.3,102.8,58.5,22.0,20.3,70,5.7,78,23,344.8,35.2,27.3,25.7,10.5,72,HIGH
175.0,24.7,34.9,29.0,69.4,22.5,57,3.1,3,7,199.6,6.7,14.1,20.0,52.5,51,MODERATE
82.9,22.0,13.3,27.2,45.6,24.3,29,2.9,0,0,79.4,3.8,26.6,16.1,84.4,10,LOW
191.4,26.7,62.2,40.1,23.4,24.2,49,3.9,26,30,172.0,13.2,13.9,32.5,24.9,38,MODERATE
301.9,173.1,103.8,30.4,17.8,7.4,74,4.1,57,18,298.7,9.0,57.3,34.4,8.3,78,HIGH
430.0,177.3,83.6,126.0,18.2,12.2,74,5.8,111,33,394.4,21.4,41.2,19.4,7.1,89,CRITICAL
211.0,86.8,48.7,83.4,32.3,14.6,39,5.4,26,20,227.5,-21.4,41.1,23.1,22.3,46,MODERATE
85.4,2.2,25.6,12.6,56.7,28.2,20,4.3,2,6,78.0,-7.5,2.6,30.0,99.5,12,LOW
547.3,261.0,101.1,156.6,0.0,7.5,94,5.8,161,10,469.2,1.5,47.7,18.5,1.4,95,CRITICAL
126.1,37.6,10.3,12.0,40.1,6.3,9,14.0,3,3,127.5,-10.2,29.8,8.2,36.7,17,LOW
557.8,253.8,50.0,80.9,15.3,0.0,104,5.4,78,19,604.1,-7.3,45.5,9.0,2.7,96,CRITICAL
22.3,8.9,4.6,0.4,6.4,21.3,30,0.7,7,6,20.8,-5.5,40.0,20.7,124.3,14,LOW
314.4,139.6,99.8,75.0,3.3,16.6,55,5.7,87,26,268.3,11.1,44.4,31.8,6.3,71,HIGH
193.5,66.1,58.9,42.0,28.7,51.7,52,3.7,28,27,197.0,13.8,34.1,30.5,41.5,41,MODERATE
237.0,52.8,73.6,39.9,32.2,4.6,45,5.3,0,17,226.7,18.0,22.3,31.0,15.5,51,MODERATE
158.2,79.1,0.0,44.9,26.9,58.6,20,7.9,11,10,145.1,1.4,50.0,0.0,54.1,58,MODERATE
228.2,59.4,10.1,53.2,37.9,0.0,31,7.4,13,12,194.9,-9.5,26.0,4.4,16.6,43,MODERATE
304.4,182.7,104.9,82.6,13.4,2.4,69,4.4,38,5,305.0,17.5,60.0,34.4,5.2,64,HIGH
126.8,26.8,14.6,20.8,5.0,23.1,23,5.5,4,6,125.7,3.7,21.2,11.5,22.1,16,LOW
196.7,69.8,36.1,38.8,33.7,40.8,41,4.8,21,20,177.4,22.3,35.5,18.4,37.9,32,MODERATE
384.1,128.9,34.8,70.6,3.6,15.2,63,6.1,30,25,372.1,14.0,33.5,9.1,4.9,77,HIGH
257.6,86.1,29.2,14.2,51.1,45.6,33,7.8,33,9,270.7,32.0,33.4,11.3,37.5,44,MODERATE
386.5,182.5,68.4,113.0,0.0,36.8,78,5.0,67,11,401.6,8.4,47.2,17.7,9.5,76,HIGH
188.4,66.4,28.2,48.4,43.2,37.6,57,3.3,32,13,167.9,-2.8,35.3,14.9,42.9,41,MODERATE
408.6,142.1,115.7,74.8,24.1,17.7,60,6.8,59,33,369.7,-32.9,34.8,28.3,10.2,66,HIGH
206.6,36.1,69.9,26.2,9.6,21.8,30,6.9,21,17,197.6,22.9,17.5,33.8,15.2,56,MODERATE
357.2,156.5,127.5,102.4,37.3,20.9,53,6.7,67,25,373.7,33.5,43.8,35.7,16.3,65,HIGH
242.5,97.3,40.5,29.7,4.5,40.6,20,12.1,17,10,277.5,3.7,40.1,16.7,18.6,49,MODERATE
483.9,284.7,122.8,77.4,2.3,19.2,119,4.1,154,32,507.1,65.7,58.8,25.4,4.4,81,CRITICAL
132.2,24.4,6.7,33.1,31.5,11.5,27,4.9,14,7,134.4,-30.4,18.5,5.1,32.5,28,LOW
212.8,79.8,31.1,56.0,15.6,0.0,48,4.4,42,4,192.4,27.0,37.5,14.6,7.4,46,MODERATE
185.0,66.9,31.8,60.6,6.3,12.2,22,8.4,18,21,203.6,-4.1,36.2,17.2,10.0,40,MODERATE
31.8,12.7,9.5,6.2,30.8,17.5,34,0.9,2,12,28.9,-0.9,40.0,30.0,152.2,7,LOW
204.5,76.9,51.1,77.4,44.8,26.0,26,7.9,23,14,203.2,17.8,37.6,25.0,34.6,54,MODERATE
35.5,14.2,10.7,14.2,15.2,5.0,22,1.6,7,12,33.1,-18.8,40.0,30.0,56.8,10,LOW
506.3,225.3,194.6,83.0,0.0,9.9,122,4.1,132,39,550.9,46.8,44.5,38.4,2.0,91,CRITICAL
275.0,146.6,65.8,89.7,13.7,10.3,67,4.1,32,21,275.2,-23.0,53.3,23.9,8.7,75,HIGH
222.5,93.4,53.0,26.8,27.2,25.5,43,5.2,32,15,216.8,-47.9,42.0,23.8,23.7,44,MODERATE
190.1,53.2,19.9,76.0,29.8,24.5,48,4.0,28,0,194.6,-6.6,28.0,10.4,28.5,38,MODERATE
233.6,101.0,26.7,53.1,15.5,37.7,52,4.5,45,15,256.8,18.0,43.2,11.4,22.7,37,MODERATE
93.0,18.1,10.2,28.4,17.2,18.9,37,2.5,4,0,89.9,-8.1,19.4,11.0,38.9,14,LOW
544.4,192.3,132.9,124.5,9.5,0.6,101,5.4,131,33,497.6,38.0,35.3,24.4,1.9,81,CRITICAL
270.0,76.4,23.7,52.0,56.7,52.4,35,7.7,25,0,270.6,19.8,28.3,8.8,40.4,53,MODERATE
106.8,23.8,0.0,10.9,23.1,11.4,15,7.1,3,0,96.9,2.4,22.3,0.0,32.3,6,LOW
228.9,61.2,59.6,39.8,25.5,34.9,40,5.7,23,0,252.2,5.3,26.8,26.0,26.4,34,MODERATE
385.1,178.4,49.5,84.4,28.4,11.9,93,4.1,48,21,322.7,-9.5,46.3,12.9,10.5,71,HIGH
94.6,8.3,12.7,18.1,24.0,5.0,25,3.8,1,1,89.7,13.5,8.8,13.4,30.7,9,LOW
560.5,278.1,133.4,80.0,2.3,2.7,102,5.5,75,31,518.2,63.2,49.6,23.8,0.9,96,CRITICAL
238.0,73.7,29.2,77.0,53.3,39.0,20,11.9,40,18,248.3,41.1,31.0,12.3,38.8,49,MODERATE
168.9,64.9,56.4,67.6,28.0,25.6,65,2.6,35,7,157.6,-6.1,38.4,33.4,31.8,51,MODERATE
106.9,12.7,4.4,32.6,10.8,10.1,24,4.5,0,1,106.4,-16.2,11.9,4.1,19.6,6,LOW
565.4,213.6,146.2,182.6,18.8,7.2,66,8.6,136,41,482.4,8.8,37.8,25.9,4.6,97,CRITICAL
459.4,193.1,166.3,192.3,0.0,10.4,91,5.0,173,33,422.9,27.8,42.0,36.2,2.3,88,CRITICAL
214.8,76.3,43.0,27.7,0.0,30.2,40,5.4,15,18,208.0,4.2,35.5,20.0,14.1,43,MODERATE
321.4,110.2,43.4,59.0,17.2,28.4,69,4.7,74,21,352.9,-6.5,34.3,13.5,14.2,72,HIGH
102.5,21.7,10.4,34.5,24.7,40.1,20,5.1,0,9,95.7,-10.9,21.2,10.1,63.2,13,LOW
270.0,65.7,67.7,21.6,6.4,8.2,56,4.8,43,5,259.4,-3.3,24.3,25.1,5.4,43,MODERATE
206.6,67.6,29.4,41.6,6.2,30.3,49,4.2,27,20,215.6,8.6,32.7,14.2,17.7,58,MODERATE
538.7,247.7,141.3,202.9,11.3,0.8,99,5.4,133,49,486.6,23.1,46.0,26.2,2.3,88,CRITICAL
326.6,100.8,57.6,47.9,31.0,23.1,50,6.5,50,16,329.4,16.4,30.9,17.6,16.6,76,HIGH
92.1,26.8,7.4,22.5,48.0,10.7,29,3.2,1,12,89.9,3.6,29.1,8.0,63.6,17,LOW
251.5,72.9,20.0,66.3,30.3,25.6,27,9.3,10,5,222.7,5.8,29.0,8.0,22.2,36,MODERATE
574.2,216.8,125.1,113.7,0.0,13.7,65,8.8,91,25,540.0,-20.8,37.7,21.8,2.4,81,CRITICAL
355.1,139.3,113.9,80.2,12.0,26.5,76,4.7,48,16,343.2,10.7,39.2,32.1,10.8,77,HIGH
381.7,129.2,65.2,97.9,18.1,20.0,76,5.0,56,18,312.2,23.3,33.8,17.1,10.0,63,HIGH
366.8,163.9,74.2,94.6,25.7,13.3,87,4.2,69,16,397.5,71.8,44.7,20.2,10.6,67,HIGH
347.0,152.4,138.8,42.5,11.4,34.4,58,6.0,72,30,370.2,28.7,43.9,40.0,13.2,72,HIGH
113.2,27.2,12.7,0.0,9.1,23.9,5,22.6,14,8,106.0,0.8,24.1,11.2,29.1,23,LOW
91.4,29.2,5.1,18.2,22.0,22.2,22,4.2,0,7,92.6,-11.3,31.9,5.6,48.4,26,LOW
516.5,236.2,106.3,125.2,0.0,3.1,128,4.0,83,55,488.4,-7.2,45.7,20.6,0.6,86,CRITICAL
347.6,174.3,105.9,108.5,24.3,26.2,94,3.7,75,12,289.5,30.8,50.2,30.5,14.5,63,HIGH
111.7,6.5,11.4,23.6,33.0,37.9,16,7.0,7,12,108.8,9.8,5.8,10.2,63.5,15,LOW
326.2,186.9,129.2,80.1,13.7,10.3,87,3.7,90,34,308.1,17.3,57.3,39.6,7.3,77,HIGH
376.6,112.6,15.0,80.3,24.2,16.2,68,5.5,82,15,319.0,11.9,29.9,4.0,10.7,71,HIGH
368.2,106.4,89.0,78.4,35.2,26.1,76,4.8,31,19,305.3,5.7,28.9,24.2,16.6,75,HIGH
70.9,1.8,0.0,4.8,11.7,18.1,11,6.4,3,6,63.9,13.7,2.6,0.0,42.0,17,LOW
114.9,13.7,14.9,10.1,39.0,9.9,19,6.0,1,2,118.3,5.0,11.9,13.0,42.6,27,LOW
364.4,108.4,55.2,108.1,28.9,37.8,70,5.2,52,20,336.8,14.7,29.8,15.2,18.3,62,HIGH
637.3,232.0,72.6,93.8,16.2,0.0,107,6.0,99,10,670.3,3.5,36.4,11.4,2.5,90,CRITICAL
98.4,27.8,10.5,10.4,44.5,8.2,9,10.9,7,0,92.0,6.4,28.3,10.6,53.6,7,LOW
374.1,144.9,67.5,78.4,11.0,12.3,88,4.3,105,35,405.6,-11.1,38.7,18.1,6.2,65,HIGH
379.1,148.3,47.9,74.4,25.1,3.5,65,5.8,48,30,315.8,5.9,39.1,12.6,7.5,74,HIGH
393.9,167.1,33.0,22.0,12.5,0.0,65,6.1,110,5,426.8,13.9,42.4,8.4,3.2,75,HIGH
135.2,41.2,28.5,37.3,29.4,20.4,26,5.2,10,8,127.5,-0.4,30.5,21.1,36.8,17,LOW
44.6,0.0,13.4,17.8,21.6,36.7,25,1.8,3,13,41.8,-19.4,0.0,30.0,130.8,27,LOW
206.4,37.3,54.0,73.7,43.5,22.5,54,3.8,45,12,225.2,-18.6,18.1,26.2,32.0,38,MODERATE
225.4,103.4,42.4,36.5,8.6,11.4,47,4.8,34,14,241.7,19.4,45.9,18.8,8.9,55,MODERATE
150.0,75.0,36.7,52.8,17.0,44.1,27,5.6,31,18,151.0,-12.5,50.0,24.5,40.8,51,MODERATE
444.4,176.6,128.4,141.6,26.6,9.8,97,4.6,131,54,481.7,88.6,39.7,28.9,8.2,87,CRITICAL
51.4,20.6,2.8,20.6,40.2,5.0,17,3.0,1,10,50.2,-0.5,40.0,5.4,87.9,23,LOW
205.5,87.2,43.3,21.6,27.9,55.3,43,4.8,18,15,225.8,18.7,42.5,21.1,40.5,37,MODERATE
109.6,13.1,32.9,0.1,20.7,21.0,33,3.3,1,8,106.2,-1.5,11.9,30.0,38.1,6,LOW
141.4,27.7,11.5,0.7,21.1,16.0,27,5.2,3,7,131.6,8.1,19.6,8.2,26.2,23,LOW
339.7,124.8,59.5,114.0,13.5,14.6,79,4.3,36,11,273.9,1.8,36.7,17.5,8.3,72,HIGH
372.8,140.8,82.5,54.4,33.4,29.1,69,5.4,69,10,342.0,-11.7,37.8,22.1,16.8,62,HIGH
71.6,12.1,3.8,28.6,33.0,23.7,11,6.5,13,8,68.2,-11.7,16.9,5.3,79.1,8,LOW
330.0,198.0,60.8,99.0,36.7,31.9,59,5.6,47,19,273.1,-10.6,60.0,18.4,20.8,78,HIGH
81.7,28.9,24.5,32.7,16.6,35.2,21,3.9,4,7,80.3,16.2,35.4,30.0,63.5,28,LOW
169.5,48.2,42.4,45.2,25.4,11.3,60,2.8,11,14,193.5,-3.8,28.5,25.0,21.7,47,MODERATE
307.5,184.5,51.8,129.9,16.2,28.4,45,6.8,41,17,311.1,-26.7,60.0,16.8,14.5,78,HIGH
89.5,5.3,16.2,23.8,27.0,16.0,11,8.1,4,10,87.9,16.6,6.0,18.1,48.0,17,LOW
176.1,88.1,48.0,48.8,27.3,21.3,56,3.1,16,16,152.6,-1.3,50.0,27.3,27.6,58,MODERATE
489.9,220.4,189.9,66.5,5.6,2.5,119,4.1,189,36,534.7,37.8,45.0,38.8,1.7,91,CRITICAL
199.9,53.5,69.5,74.3,38.3,44.9,51,3.9,24,0,179.6,0.3,26.8,34.8,41.6,43,MODERATE
120.4,20.2,0.1,0.0,43.9,27.4,20,6.0,1,2,116.7,-5.2,16.7,0.1,59.2,13,LOW
229.7,60.0,10.3,43.4,40.9,22.8,32,7.2,19,11,208.0,-29.7,26.1,4.5,27.7,45,MODERATE
104.2,21.2,24.2,25.8,31.3,27.3,36,2.9,0,0,107.8,6.7,20.4,23.2,56.2,10,LOW
214.8,64.6,75.2,31.7,19.9,35.4,34,6.3,18,3,199.2,13.8,30.1,35.0,25.7,56,MODERATE
213.1,62.1,65.1,54.9,2.4,6.0,42,5.1,10,0,228.5,29.3,29.1,30.5,4.0,55,MODERATE
209.2,64.4,36.5,41.2,4.7,13.5,44,4.8,19,10,197.0,-0.8,30.8,17.5,8.7,36,MODERATE
96.2,28.0,5.0,38.5,20.0,27.7,19,5.1,2,13,98.1,-7.1,29.1,5.2,49.6,12,LOW
399.1,144.3,43.1,62.2,16.5,21.8,83,4.8,44,30,341.3,31.6,36.1,10.8,9.6,68,HIGH
479.4,274.8,125.0,162.8,18.9,0.0,125,3.8,158,26,520.7,36.7,57.3,26.1,3.9,88,CRITICAL
103.6,30.5,20.7,25.4,34.6,35.9,21,4.9,7,8,103.2,-8.1,29.4,20.0,68.2,10,LOW
196.9,35.4,0.0,22.8,6.4,30.1,35,5.6,15,4,168.5,-53.2,18.0,0.0,18.5,36,MODERATE
150.0,69.5,41.3,47.7,0.0,6.0,33,4.5,25,14,157.6,1.9,46.3,27.5,4.0,32,MODERATE
97.6,23.7,2.0,17.6,25.9,14.7,7,13.9,3,7,99.5,-10.1,24.3,2.0,41.6,12,LOW
176.0,66.6,61.6,57.6,31.9,32.6,37,4.8,37,8,157.3,-30.3,37.8,35.0,36.6,41,MODERATE
342.5,138.6,60.4,72.0,15.0,9.5,82,4.2,52,16,286.7,27.4,40.5,17.6,7.1,73,HIGH
305.7,114.9,65.7,20.0,20.2,29.9,46,6.6,67,14,312.7,54.1,37.6,21.5,16.4,69,HIGH
190.7,80.2,50.5,56.9,14.3,18.3,43,4.4,11,22,178.1,-38.2,42.0,26.5,17.1,36,MODERATE
99.9,14.2,0.0,23.1,41.6,25.7,19,5.3,5,2,95.0,11.0,14.2,0.0,67.3,27,LOW
315.8,161.8,54.1,68.5,18.7,11.2,53,6.0,32,18,299.6,31.6,51.2,17.1,9.5,66,HIGH
210.3,72.1,50.4,67.6,23.9,32.5,47,4.5,25,8,240.0,-13.5,34.3,23.9,26.8,53,MODERATE
98.8,21.5,8.8,30.8,12.6,42.2,35,2.8,10,6,98.7,13.1,21.8,8.9,55.4,10,LOW
388.7,140.2,45.4,42.0,28.1,17.9,91,4.3,39,14,369.7,16.0,36.1,11.7,11.8,63,HIGH
258.5,51.8,29.3,34.2,28.7,16.3,47,5.5,24,18,295.3,-13.9,20.0,11.3,17.4,58,MODERATE
587.5,360.4,114.7,138.1,10.4,15.7,114,5.2,87,23,575.3,2.8,61.3,19.5,4.5,91,CRITICAL
350.4,105.8,30.3,50.7,20.0,22.7,63,5.6,72,15,331.4,44.9,30.2,8.7,12.2,72,HIGH
348.8,177.2,93.3,110.0,26.6,24.0,61,5.7,53,27,363.9,5.4,50.8,26.7,14.5,70,HIGH
368.4,144.1,93.8,84.1,20.5,10.6,66,5.6,43,19,348.8,20.0,39.1,25.5,8.4,68,HIGH
96.9,22.6,16.4,31.1,28.4,13.1,27,3.6,18,8,104.3,-4.0,23.3,16.9,42.8,23,LOW
344.7,147.8,119.1,66.1,22.4,27.2,55,6.3,92,37,351.0,17.4,42.9,34.6,14.4,69,HIGH
205.2,50.7,23.5,23.4,35.7,33.6,32,6.4,40,9,195.7,32.5,24.7,11.4,33.8,44,MODERATE
248.6,76.3,5.0,50.9,41.8,20.7,43,5.8,14,0,277.3,-22.9,30.7,2.0,25.1,55,MODERATE
72.9,26.8,15.6,6.3,30.4,26.7,28,2.6,2,10,69.9,6.2,36.8,21.4,78.3,26,LOW
178.8,42.3,31.1,24.9,55.1,28.2,53,3.4,18,2,197.5,-18.6,23.7,17.4,46.6,32,MODERATE
257.6,84.1,70.0,46.1,34.3,21.0,38,6.8,9,12,270.7,-9.2,32.7,27.2,21.5,58,MODERATE
537.9,167.6,113.4,104.4,2.8,5.7,65,8.3,98,16,579.6,21.0,31.2,21.1,1.6,95,CRITICAL
297.7,110.2,84.6,40.2,5.6,19.2,52,5.7,62,13,283.8,-1.0,37.0,28.4,8.3,68,HIGH
226.5,68.3,39.9,73.0,26.2,3.1,52,4.4,27,12,228.3,13.5,30.1,17.6,13.0,32,MODERATE
205.6,92.8,27.0,64.3,17.9,36.4,42,4.9,26,12,203.8,16.5,45.2,13.1,26.4,44,MODERATE
350.3,176.6,93.7,91.4,12.6,11.5,79,4.4,81,18,322.1,8.6,50.4,26.8,6.9,76,HIGH
372.8,166.7,67.0,71.0,26.3,25.9,68,5.5,87,26,369.7,-21.3,44.7,18.0,14.0,68,HIGH
243.7,34.2,34.0,52.3,18.6,0.0,43,5.7,12,5,241.2,-1.4,14.1,14.0,7.6,32,MODERATE
323.9,158.2,19.4,67.8,38.2,16.2,45,7.2,52,13,352.8,65.1,48.8,6.0,16.8,65,HIGH
118.9,27.5,18.1,6.9,11.8,41.6,14,8.5,3,13,107.2,12.8,23.1,15.2,44.9,5,LOW
351.6,127.2,30.0,125.9,27.6,28.1,66,5.3,61,24,314.9,-22.4,36.2,8.5,15.8,66,HIGH
412.8,141.6,89.3,55.9,7.6,16.0,47,8.8,46,25,356.1,6.7,34.3,21.6,5.7,78,HIGH
173.2,61.3,33.9,26.8,61.4,17.8,28,6.2,20,19,155.5,5.3,35.4,19.6,45.8,51,MODERATE
108.4,30.1,12.2,4.7,32.7,10.0,37,2.9,1,7,102.2,-1.1,27.8,11.3,39.4,18,LOW
248.9,63.4,38.9,43.1,48.6,21.1,57,4.4,20,5,282.4,17.2,25.5,15.6,28.0,33,MODERATE
157.7,78.9,52.5,19.5,32.0,11.5,38,4.2,17,8,173.4,41.1,50.0,33.3,27.6,34,MODERATE
255.6,79.6,39.1,30.3,45.0,23.2,60,4.3,10,6,246.1,-10.3,31.1,15.3,26.7,40,MODERATE
206.4,50.2,19.2,63.4,4.6,32.2,51,4.0,19,12,190.2,25.9,24.3,9.3,17.8,37,MODERATE
590.6,272.7,135.5,230.0,4.1,3.5,100,5.9,178,18,572.2,71.9,46.2,22.9,1.3,84,CRITICAL
496.8,333.2,166.3,201.3,3.9,14.6,70,7.1,75,26,444.2,65.8,67.1,33.5,3.7,98,CRITICAL
223.7,88.3,28.0,19.8,48.1,27.0,43,5.2,14,7,237.8,20.2,39.5,12.5,33.6,53,MODERATE
140.0,16.1,14.9,0.9,33.5,12.4,27,5.2,3,2,142.8,-29.1,11.5,10.6,32.7,12,LOW
337.3,202.4,37.8,75.4,27.0,32.8,79,4.3,86,28,363.4,-8.6,60.0,11.2,17.7,78,HIGH
41.2,16.5,9.4,2.9,42.8,28.0,19,2.2,1,11,43.1,-12.5,40.0,22.8,172.1,27,LOW
242.1,64.9,38.3,40.0,38.5,14.9,53,4.6,18,8,257.8,5.4,26.8,15.8,22.1,35,MODERATE
102.7,41.1,17.4,41.1,33.5,5.0,26,4.0,5,6,108.1,-1.7,40.0,16.9,37.5,5,LOW
378.9,149.1,114.1,98.3,7.4,12.5,71,5.3,31,23,383.6,-20.8,39.4,30.1,5.3,75,HIGH
223.5,42.3,57.2,57.7,53.4,14.8,43,5.2,22,14,230.4,-21.2,18.9,25.6,30.5,59,MODERATE
90.8,25.3,20.7,26.4,5.0,12.1,29,3.1,0,13,94.6,10.9,27.9,22.9,18.8,27,LOW
308.5,156.7,123.4,117.8,0.0,5.2,56,5.5,41,5,319.3,17.8,50.8,40.0,1.7,74,HIGH
105.6,0.0,26.0,21.9,25.1,24.8,13,8.1,2,2,109.2,-14.1,0.0,24.7,47.2,17,LOW
84.9,31.9,13.5,33.5,30.5,12.5,22,3.9,6,9,82.2,-16.3,37.6,15.9,50.7,29,LOW
349.0,109.8,124.8,47.8,13.7,10.7,69,5.1,92,37,342.2,9.2,31.5,35.8,7.0,79,HIGH
219.8,68.1,43.9,22.4,33.0,26.7,44,5.0,22,1,222.6,-18.7,31.0,20.0,27.1,42,MODERATE
116.8,36.4,16.3,18.3,17.9,10.1,14,8.3,1,0,116.5,2.3,31.2,14.0,23.9,6,LOW
111.5,44.6,25.4,21.1,17.3,5.0,18,6.2,1,3,121.4,-3.8,40.0,22.8,20.0,21,LOW
254.6,76.2,53.9,52.3,42.4,11.9,36,7.1,38,24,223.6,-15.6,29.9,21.2,21.3,52,MODERATE
620.4,286.4,89.7,123.5,6.1,11.1,80,7.8,105,38,644.5,64.3,46.2,14.5,2.8,92,CRITICAL
518.9,261.2,158.0,114.3,20.0,2.7,79,6.6,140,26,535.5,34.5,50.3,30.4,4.4,98,CRITICAL
210.8,52.6,28.3,40.4,42.1,22.8,51,4.1,29,16,202.3,30.0,24.9,13.4,30.8,37,MODERATE
154.2,49.7,39.4,51.5,7.6,42.4,51,3.0,27,22,165.7,13.1,32.2,25.5,32.4,48,MODERATE
41.8,16.7,12.3,12.9,34.8,27.6,15,2.8,13,4,40.5,-10.8,40.0,29.4,149.3,26,LOW
111.0,37.7,14.6,29.2,25.7,5.0,5,22.2,0,1,119.8,9.0,33.9,13.2,27.7,27,LOW
338.9,139.8,15.0,106.7,19.1,40.0,61,5.6,66,25,326.7,-6.2,41.3,4.4,17.4,79,HIGH
90.2,33.9,21.4,16.8,28.3,10.1,25,3.6,0,4,85.0,-0.8,37.6,23.8,42.6,11,LOW
339.3,192.6,55.4,43.4,10.5,10.6,55,6.2,53,28,337.5,57.5,56.8,16.3,6.2,68,HIGH
376.4,160.0,63.1,74.4,37.5,28.9,97,3.9,69,11,376.2,8.3,42.5,16.7,17.6,66,HIGH
251.2,59.4,13.9,42.5,17.5,33.9,40,6.3,42,21,266.9,2.2,23.6,5.5,20.5,32,MODERATE
556.4,204.5,72.9,115.5,12.9,0.8,87,6.4,128,50,510.2,-35.2,36.8,13.1,2.5,96,CRITICAL
301.2,127.5,106.3,89.8,22.1,11.5,68,4.4,54,11,283.2,-5.8,42.3,35.3,11.2,78,HIGH
224.9,94.7,47.7,61.2,34.4,2.5,29,7.8,27,11,195.0,12.9,42.1,21.2,16.4,58,MODERATE
105.9,39.3,24.5,2.2,5.0,31.2,9,11.8,2,3,104.1,6.5,37.1,23.1,34.2,24,LOW
334.7,124.9,57.5,20.0,28.6,16.8,63,5.3,59,20,286.4,32.4,37.3,17.2,13.6,70,HIGH
328.6,140.1,120.0,140.9,24.1,18.1,62,5.3,81,41,330.5,57.3,42.6,36.5,12.8,74,HIGH
133.1,4.4,33.3,31.0,13.5,28.7,11,12.1,1,11,125.6,8.3,3.3,25.0,31.8,6,LOW
465.7,205.2,43.8,86.3,8.3,5.8,139,3.4,78,31,419.0,-23.6,44.1,9.4,3.0,91,CRITICAL
373.4,124.5,42.1,80.9,29.2,18.0,90,4.1,65,19,336.5,32.8,33.3,11.3,12.7,73,HIGH
555.7,215.3,153.7,105.7,0.0,8.1,67,8.3,152,43,588.7,6.0,38.7,27.7,1.5,96,CRITICAL
481.7,202.2,125.7,197.6,0.0,0.0,92,5.2,161,32,441.3,-1.2,42.0,26.1,0.0,90,CRITICAL
229.2,74.0,48.6,10.0,6.7,40.1,23,10.0,26,9,245.6,-12.9,32.3,21.2,20.4,57,MODERATE
215.2,69.9,25.6,53.8,11.2,15.0,51,4.2,0,19,211.2,-31.2,32.5,11.9,12.2,40,MODERATE
315.8,156.8,50.8,28.9,18.0,33.4,46,6.9,67,27,268.2,68.6,49.6,16.1,16.3,66,HIGH
86.0,24.2,4.9,13.8,48.0,28.0,12,7.2,1,0,79.0,6.0,28.2,5.7,88.3,21,LOW
337.4,132.5,65.3,76.2,37.2,29.7,76,4.4,36,5,316.8,23.3,39.3,19.4,19.8,78,HIGH
198.3,86.9,33.1,34.6,16.6,34.9,58,3.4,34,16,209.3,-21.6,43.8,16.7,26.0,45,MODERATE
342.9,165.1,21.6,28.6,45.0,30.3,79,4.3,51,17,335.2,18.0,48.1,6.3,22.0,76,HIGH
69.4,0.0,20.8,1.4,48.5,28.9,16,4.3,6,4,64.3,13.9,0.0,30.0,111.5,22,LOW
360.1,121.8,68.6,93.3,22.8,24.0,83,4.3,52,8,383.7,17.2,33.8,19.1,13.0,68,HIGH
575.3,165.8,119.0,110.8,21.3,0.0,160,3.6,118,42,525.0,62.7,28.8,20.7,3.7,82,CRITICAL
488.4,277.3,140.4,110.7,1.6,14.2,96,5.1,75,10,450.9,38.9,56.8,28.7,3.2,98,CRITICAL
264.6,64.6,25.6,57.3,12.8,14.8,53,5.0,20,2,293.2,-21.8,24.4,9.7,10.5,46,MODERATE
207.8,72.0,24.7,35.4,23.2,17.8,42,4.9,23,0,219.6,16.8,34.7,11.9,19.8,45,MODERATE
115.0,23.1,15.6,15.7,61.9,16.3,15,7.7,11,0,105.1,15.2,20.1,13.6,68.0,22,LOW
502.3,224.5,156.2,108.9,25.8,11.5,88,5.7,99,46,432.3,28.7,44.7,31.1,7.4,90,CRITICAL
112.3,42.6,9.4,43.9,30.3,39.5,15,7.5,8,6,113.2,-3.0,37.9,8.4,62.1,26,LOW
97.5,16.4,8.1,24.9,32.9,21.2,5,19.5,3,5,88.3,-20.2,16.8,8.3,55.5,8,LOW
175.9,69.6,23.2,67.2,54.1,35.2,23,7.6,40,24,195.8,5.3,39.6,13.2,50.7,34,MODERATE
117.0,33.7,5.8,36.3,42.6,21.6,20,5.9,3,7,107.3,-25.8,28.8,5.0,54.8,20,LOW
352.0,211.2,23.1,79.9,5.9,26.8,45,7.8,38,13,303.3,23.8,60.0,6.6,9.3,65,HIGH
151.8,35.7,20.7,4.7,5.7,23.5,21,7.2,7,1,152.5,8.3,23.5,13.7,19.2,7,LOW
192.8,90.6,61.1,42.7,23.2,58.9,50,3.9,25,22,220.6,10.4,47.0,31.7,42.6,51,MODERATE
326.8,118.8,32.3,66.7,38.9,12.9,51,6.4,78,21,323.9,-28.6,36.4,9.9,15.9,71,HIGH
63.0,20.8,17.0,2.8,33.7,5.0,13,4.8,2,0,63.8,12.6,33.0,27.0,61.4,16,LOW
337.6,127.1,94.5,53.6,18.3,4.8,70,4.8,66,29,347.0,36.9,37.6,28.0,6.8,77,HIGH
95.9,14.7,10.4,3.1,26.2,32.7,11,8.7,8,1,98.2,-17.9,15.4,10.9,61.4,13,LOW
184.2,43.3,17.8,53.3,45.5,30.2,39,4.7,14,20,161.9,42.3,23.5,9.7,41.1,54,MODERATE
238.6,53.2,41.2,46.4,53.1,23.1,41,5.8,40,6,211.6,19.7,22.3,17.3,31.9,43,MODERATE
206.4,47.8,33.5,64.7,23.4,38.4,50,4.1,18,23,190.1,-1.4,23.2,16.2,29.9,58,MODERATE
69.2,27.7,20.8,17.4,12.3,12.2,11,6.3,1,1,68.1,0.2,40.0,30.0,35.4,9,LOW
69.1,26.5,11.5,18.4,27.2,24.3,22,3.1,12,7,66.6,-3.1,38.4,16.7,74.5,18,LOW
407.7,145.2,59.2,74.3,45.0,25.5,53,7.7,65,23,354.5,-5.2,35.6,14.5,17.3,75,HIGH
202.5,81.7,50.3,77.8,29.3,22.5,33,6.1,28,0,220.6,19.0,40.3,24.8,25.6,54,MODERATE
216.8,38.0,13.5,78.5,20.7,10.9,59,3.7,34,22,218.3,-12.1,17.5,6.2,14.5,38,MODERATE
470.3,246.6,115.5,65.5,0.0,0.2,134,3.5,177,20,478.6,-21.4,52.4,24.6,0.0,98,CRITICAL
198.3,81.5,52.3,11.5,21.3,12.2,20,9.9,9,30,202.3,16.0,41.1,26.4,16.9,50,MODERATE
84.9,34.0,0.0,7.8,39.7,17.0,21,4.0,0,0,89.4,22.2,40.0,0.0,66.8,6,LOW
212.1,71.2,30.3,74.5,0.0,41.8,51,4.2,27,0,201.9,28.1,33.6,14.3,19.7,36,MODERATE
83.6,27.2,25.1,27.3,32.6,14.8,8,10.4,0,3,91.1,14.5,32.6,30.0,56.8,18,LOW
210.5,82.7,64.0,11.3,25.2,21.0,25,8.4,16,15,212.4,-0.0,39.3,30.4,22.0,45,MODERATE
301.2,129.2,68.6,28.5,26.1,8.4,46,6.5,43,41,253.8,-25.5,42.9,22.8,11.4,74,HIGH
173.2,65.9,57.6,69.3,25.2,0.1,52,3.3,18,19,174.6,10.1,38.0,33.3,14.6,34,MODERATE
362.6,136.0,45.8,65.0,0.0,12.1,57,6.4,76,18,341.6,32.1,37.5,12.6,3.3,69,HIGH
413.3,156.3,76.7,84.7,18.3,26.5,71,5.8,80,29,352.2,27.4,37.8,18.5,10.8,73,HIGH
58.9,23.6,17.7,14.3,29.8,26.2,26,2.3,4,6,55.4,7.8,40.0,30.0,95.1,15,LOW
103.2,29.1,29.4,26.8,30.3,5.0,12,8.6,5,7,109.4,8.4,28.2,28.4,34.2,15,LOW
197.9,66.8,43.5,47.8,32.3,13.5,36,5.5,45,21,171.4,-21.5,33.7,22.0,23.1,53,MODERATE
103.0,24.7,30.9,3.7,8.4,40.6,20,5.1,0,3,92.7,-14.4,24.0,30.0,47.5,9,LOW
186.8,60.5,41.0,33.7,32.2,33.6,53,3.5,31,10,210.0,2.4,32.4,21.9,35.2,35,MODERATE
317.4,159.9,27.7,53.5,18.6,0.0,79,4.0,30,26,335.2,-10.4,50.4,8.7,5.9,66,HIGH
99.9,35.9,13.7,19.1,49.9,5.0,27,3.7,20,3,96.4,1.4,35.9,13.7,55.0,20,LOW
80.2,32.1,3.9,0.0,41.6,5.0,18,4.5,0,20,80.2,-0.7,40.0,4.8,58.1,28,LOW
111.0,14.5,0.9,0.0,26.8,5.0,10,11.1,0,3,110.8,-11.9,13.0,0.8,28.6,15,LOW
153.4,57.5,22.7,31.8,39.0,12.1,34,4.5,0,9,135.2,-14.6,37.5,14.8,33.3,46,MODERATE
275.0,112.6,51.5,94.3,20.8,18.9,52,5.3,54,10,265.9,-8.9,41.0,18.7,14.5,62,HIGH
251.5,51.4,38.3,50.9,35.6,21.1,57,4.4,0,8,273.0,13.1,20.4,15.2,22.5,48,MODERATE
156.1,78.0,25.5,36.9,33.8,34.4,65,2.4,2,18,175.7,18.4,50.0,16.3,43.7,43,MODERATE
407.9,92.2,93.0,60.7,13.7,6.9,79,5.2,61,16,328.2,20.4,22.6,22.8,5.0,65,HIGH
365.7,79.3,100.8,152.0,0.0,15.1,66,5.5,82,41,300.0,26.4,21.7,27.6,4.1,76,HIGH
345.9,176.3,85.1,55.9,14.1,14.1,96,3.6,78,38,288.7,36.5,51.0,24.6,8.2,70,HIGH
427.0,162.0,63.0,104.3,30.1,0.0,67,6.4,57,23,352.8,13.7,37.9,14.8,7.1,70,HIGH
160.0,27.8,6.6,12.5,13.6,15.1,24,6.7,1,4,144.6,-17.7,17.4,4.1,17.9,21,LOW
479.6,224.9,108.9,95.2,14.0,6.9,102,4.7,98,41,415.0,14.6,46.9,22.7,4.3,98,CRITICAL
116.2,22.7,5.6,17.3,31.3,14.8,26,4.5,12,8,105.0,7.4,19.6,4.8,39.7,29,LOW
187.6,76.9,26.6,32.9,48.0,16.8,45,4.2,23,3,178.2,22.4,41.0,14.2,34.5,47,MODERATE
326.7,146.6,59.5,97.0,34.7,34.2,79,4.1,110,14,312.8,-0.4,44.9,18.2,21.1,76,HIGH
115.0,26.5,9.1,0.0,13.2,21.6,13,8.8,3,6,120.4,-10.2,23.1,7.9,30.3,24,LOW
225.7,59.4,45.1,25.4,31.1,36.9,20,11.3,16,11,216.8,1.5,26.3,20.0,30.1,50,MODERATE
215.3,82.5,33.4,23.9,28.4,34.0,37,5.8,29,21,242.4,9.3,38.3,15.5,29.0,45,MODERATE
559.4,276.8,98.2,146.5,22.0,7.7,89,6.3,168,60,506.2,80.9,49.5,17.6,5.3,83,CRITICAL
120.8,16.2,2.2,17.2,53.1,19.8,12,10.1,3,3,118.4,-15.0,13.4,1.8,60.3,20,LOW
513.6,225.9,103.9,132.5,20.9,4.3,84,6.1,169,24,473.3,33.4,44.0,20.2,4.9,88,CRITICAL
48.1,19.2,13.4,19.2,28.2,11.0,17,2.8,3,1,51.7,22.8,40.0,27.8,81.4,29,LOW
123.0,19.7,11.8,20.0,21.7,28.8,17,7.2,7,0,116.3,-5.5,16.0,9.6,41.0,16,LOW
220.4,63.8,53.8,49.7,31.8,29.7,40,5.5,22,7,207.5,-8.5,28.9,24.4,27.9,42,MODERATE
507.0,341.4,144.1,160.4,16.4,3.8,104,4.9,163,43,507.1,32.9,67.3,28.4,4.0,90,CRITICAL
558.1,245.1,72.0,95.5,2.5,11.5,84,6.6,111,32,503.1,69.0,43.9,12.9,2.5,94,CRITICAL
64.6,11.5,19.4,20.2,22.9,14.9,17,3.8,1,10,63.6,8.9,17.9,30.0,58.6,24,LOW
517.6,312.6,137.7,56.1,2.7,2.0,126,4.1,168,23,560.1,11.8,60.4,26.6,0.9,94,CRITICAL
36.1,14.5,10.8,14.5,31.7,5.0,14,2.6,8,7,36.9,-1.7,40.0,30.0,101.5,7,LOW
176.1,88.1,6.9,70.5,23.8,27.2,20,8.8,21,13,159.4,3.4,50.0,3.9,29.0,40,MODERATE
495.9,225.3,59.1,61.2,0.0,11.9,73,6.8,135,26,449.7,42.7,45.4,11.9,2.4,97,CRITICAL
341.8,133.3,100.2,123.1,5.7,24.2,62,5.5,35,21,314.2,-0.3,39.0,29.3,8.7,67,HIGH
124.9,24.5,15.5,31.2,27.8,35.0,23,5.4,2,6,126.7,2.3,19.7,12.4,50.3,9,LOW
102.3,20.6,13.2,0.0,21.7,31.6,14,7.3,0,5,97.1,-9.1,20.2,12.9,52.1,7,LOW
326.2,110.6,29.4,43.8,23.9,18.5,76,4.3,63,6,328.4,28.9,33.9,9.0,13.0,65,HIGH
200.8,65.1,42.1,41.4,14.6,4.0,65,3.1,8,7,223.2,14.3,32.4,21.0,9.3,53,MODERATE
107.5,18.6,27.2,9.5,50.7,5.0,23,4.7,10,7,98.0,-9.5,17.3,25.3,51.8,15,LOW
116.9,8.3,9.0,16.6,15.7,19.6,22,5.3,3,11,112.9,4.1,7.1,7.7,30.2,12,LOW
80.2,28.9,9.2,24.8,5.2,17.1,30,2.7,15,4,82.3,14.0,36.1,11.4,27.9,12,LOW
49.2,12.4,14.8,19.7,23.4,5.1,36,1.4,1,12,51.6,-0.6,25.2,30.0,58.1,24,LOW
387.3,157.9,92.8,88.4,16.2,8.0,71,5.5,66,29,333.7,14.7,40.8,23.9,6.2,64,HIGH
87.4,34.4,21.6,30.2,25.1,32.4,27,3.2,0,0,92.4,15.5,39.3,24.7,65.8,13,LOW
459.5,214.5,141.0,75.2,19.2,5.9,141,3.3,127,55,417.0,57.9,46.7,30.7,5.5,87,CRITICAL
196.5,98.2,11.7,74.2,48.2,53.5,22,8.9,11,23,192.2,-28.8,50.0,6.0,51.8,39,MODERATE
236.6,93.0,49.1,40.7,32.1,2.1,40,5.9,11,17,224.6,51.3,39.3,20.7,14.5,47,MODERATE
356.0,213.6,24.3,125.9,16.5,23.7,63,5.7,50,24,302.9,40.9,60.0,6.8,11.3,76,HIGH
416.7,138.9,90.7,20.0,4.9,18.9,52,8.0,105,25,347.3,39.2,33.3,21.8,5.7,70,HIGH
200.3,79.1,57.8,37.3,46.8,58.3,42,4.8,31,7,174.4,5.3,39.5,28.9,52.5,32,MODERATE
330.2,93.9,27.6,37.0,19.3,13.4,53,6.2,57,27,266.6,25.8,28.5,8.3,9.9,75,HIGH
192.8,81.3,13.7,32.5,3.2,40.1,57,3.4,18,9,197.1,13.2,42.2,7.1,22.4,53,MODERATE
64.2,25.7,19.3,16.1,21.9,5.0,29,2.2,2,7,69.2,3.6,40.0,30.0,41.9,24,LOW
71.0,17.2,17.3,28.4,36.4,12.4,12,5.9,1,8,72.0,-2.8,24.3,24.4,68.8,23,LOW
133.4,42.0,0.0,14.5,50.0,14.3,16,8.3,2,3,130.8,12.6,31.5,0.0,48.2,6,LOW
445.0,234.4,92.1,111.3,10.2,5.2,102,4.4,121,38,413.4,14.8,52.7,20.7,3.5,85,CRITICAL
104.0,10.6,0.1,0.0,35.8,13.5,40,2.6,1,0,97.3,2.9,10.2,0.1,47.4,9,LOW
367.7,205.4,80.2,63.1,32.5,10.6,48,7.7,81,15,320.9,11.0,55.8,21.8,11.7,64,HIGH
54.2,9.9,16.3,21.7,36.0,32.4,32,1.7,11,3,51.5,-6.9,18.3,30.0,126.1,29,LOW
536.5,156.2,89.5,35.0,0.5,12.3,117,4.6,85,27,546.0,28.6,29.1,16.7,2.4,92,CRITICAL
385.2,158.6,108.6,76.7,20.0,24.4,91,4.2,95,25,311.3,29.4,41.2,28.2,11.5,75,HIGH
547.6,174.9,122.0,136.5,13.8,11.4,110,5.0,103,11,498.2,6.2,31.9,22.3,4.6,92,CRITICAL
185.7,92.9,25.6,74.3,11.3,9.2,37,5.0,21,19,177.6,13.1,50.0,13.8,11.1,33,MODERATE
249.5,98.9,42.4,24.2,25.1,24.3,45,5.5,22,14,219.3,3.4,39.6,17.0,19.8,52,MODERATE
194.5,60.3,61.1,39.4,31.2,18.6,50,3.9,23,3,191.0,-12.4,31.0,31.4,25.6,41,MODERATE
35.7,14.3,10.7,10.7,27.4,22.1,14,2.6,0,5,32.5,-7.3,40.0,30.0,138.5,11,LOW
356.6,130.1,49.1,93.6,22.5,5.9,45,7.9,102,7,341.7,29.6,36.5,13.8,8.0,76,HIGH
338.0,70.0,78.5,38.7,27.6,17.1,69,4.9,79,10,293.1,26.1,20.7,23.2,13.2,78,HIGH
270.0,26.8,32.5,54.5,30.5,30.7,33,8.2,14,10,231.3,-15.3,9.9,12.0,22.7,44,MODERATE
486.9,272.6,99.4,157.5,5.6,9.5,110,4.4,99,65,424.1,45.0,56.0,20.4,3.1,87,CRITICAL
84.9,26.0,24.1,17.8,6.9,20.7,20,4.2,6,5,88.5,-7.1,30.6,28.4,32.4,22,LOW
60.6,18.2,18.2,24.2,5.0,5.0,34,1.8,6,6,56.6,-31.6,30.1,30.0,16.5,26,LOW
164.2,76.0,21.0,47.4,24.7,37.6,40,4.1,21,15,162.2,42.9,46.3,12.8,37.9,57,MODERATE
478.9,273.2,62.8,124.6,11.9,9.4,81,5.9,107,33,418.0,9.8,57.1,13.1,4.5,93,CRITICAL
74.8,19.0,22.4,23.9,17.1,26.2,20,3.7,8,9,80.7,-8.4,25.4,30.0,57.8,10,LOW
218.9,66.9,42.0,87.6,13.0,12.3,25,8.8,19,13,244.8,-3.4,30.6,19.2,11.6,58,MODERATE
60.7,24.3,0.0,20.6,53.5,8.6,13,4.7,2,8,57.9,7.2,40.0,0.0,102.3,27,LOW
94.1,18.6,16.5,20.5,43.9,51.1,29,3.2,0,1,95.9,-12.2,19.8,17.5,101.0,10,LOW
430.0,124.1,15.4,91.8,39.3,26.1,92,4.7,60,13,458.8,20.5,28.9,3.6,15.2,67,HIGH
106.0,41.8,14.2,13.1,26.0,25.7,21,5.0,4,5,100.2,0.5,39.4,13.4,48.7,10,LOW
340.6,204.4,107.3,46.5,29.0,18.7,56,6.1,43,29,282.6,4.8,60.0,31.5,14.0,70,HIGH
98.1,39.2,18.2,17.0,20.6,5.0,27,3.6,3,4,98.0,3.6,40.0,18.6,26.1,25,LOW
137.8,14.5,0.0,23.4,28.1,33.7,11,12.5,2,8,125.1,-5.9,10.5,0.0,44.9,27,LOW
398.3,168.7,28.6,50.5,13.2,12.4,72,5.5,45,31,382.2,41.0,42.4,7.2,6.4,79,HIGH
535.7,191.4,57.1,48.6,19.9,5.8,109,4.9,108,15,464.1,44.3,35.7,10.7,4.8,94,CRITICAL
191.8,73.6,22.3,49.1,16.2,47.7,23,8.3,36,12,216.1,-3.8,38.4,11.6,33.3,48,MODERATE
486.1,340.3,92.7,77.3,22.7,4.6,113,4.3,148,31,528.1,3.7,70.0,19.1,5.6,85,CRITICAL
455.7,215.6,40.0,104.7,2.4,6.6,103,4.4,112,26,463.4,34.4,47.3,8.8,2.0,91,CRITICAL
165.4,74.9,40.8,21.7,18.8,42.4,31,5.3,24,10,190.1,14.1,45.3,24.7,37.0,59,MODERATE
106.9,42.7,12.0,12.2,32.9,5.0,20,5.3,0,1,96.7,-2.2,40.0,11.2,35.5,8,LOW
159.0,28.9,37.6,60.8,19.9,50.1,50,3.2,11,12,164.9,49.6,18.1,23.6,44.0,37,MODERATE
194.8,66.6,53.7,10.0,25.7,45.7,35,5.6,40,23,182.9,3.8,34.2,27.6,36.7,34,MODERATE
338.3,134.2,21.6,85.1,0.0,18.3,45,7.5,66,19,346.1,26.9,39.7,6.4,5.4,74,HIGH
430.0,252.0,76.0,68.6,10.2,13.8,86,5.0,142,41,390.5,47.8,58.6,17.7,5.6,86,CRITICAL
435.9,192.4,86.0,76.7,11.7,7.5,113,3.9,109,39,409.1,15.7,44.1,19.7,4.4,84,CRITICAL
206.3,83.0,41.9,27.4,10.2,22.6,35,5.9,26,6,209.6,-6.1,40.3,20.3,15.9,56,MODERATE
483.8,236.1,241.9,150.9,10.9,12.0,85,5.7,134,45,466.4,27.3,48.8,50.0,4.7,82,CRITICAL
74.9,16.2,22.5,30.0,41.5,25.9,7,10.7,1,6,68.0,12.9,21.6,30.0,90.0,6,LOW
225.5,51.5,21.0,53.0,52.8,25.2,47,4.8,18,0,240.5,22.4,22.9,9.3,34.6,53,MODERATE
334.9,149.9,84.7,71.2,25.0,9.6,58,5.8,50,14,268.6,46.3,44.8,25.3,10.4,69,HIGH
130.7,25.5,11.6,22.5,46.9,10.0,16,8.2,10,10,133.0,-1.0,19.5,8.9,43.6,21,LOW
221.4,54.3,35.4,59.8,27.0,10.9,38,5.8,38,25,226.8,-31.4,24.5,16.0,17.1,55,MODERATE
106.8,0.0,16.7,6.2,29.9,7.6,13,8.2,2,3,99.8,-14.3,0.0,15.6,35.0,12,LOW
219.6,96.3,26.4,38.9,32.6,21.6,20,11.0,15,17,238.0,30.9,43.8,12.0,24.7,34,MODERATE
193.6,80.6,43.4,45.9,16.5,17.8,20,9.7,24,12,209.6,8.4,41.6,22.4,17.7,56,MODERATE
309.4,173.0,27.4,20.0,28.7,32.3,64,4.8,54,37,316.6,13.7,55.9,8.9,19.7,70,HIGH
69.5,14.6,13.6,23.8,27.8,5.0,16,4.3,2,13,71.4,16.6,21.0,19.6,47.3,11,LOW
275.0,143.0,71.0,68.0,24.0,13.2,80,3.4,41,32,242.0,52.1,52.0,25.8,13.6,66,HIGH
395.9,176.2,65.5,70.6,6.1,15.3,71,5.6,87,13,386.9,13.8,44.5,16.6,5.4,64,HIGH
114.0,30.4,30.3,25.0,52.7,26.5,28,4.1,11,3,114.1,19.4,26.7,26.6,69.5,25,LOW
322.6,149.9,23.3,37.6,21.6,16.7,70,4.6,64,45,337.3,20.8,46.5,7.2,11.9,77,HIGH
337.7,111.5,93.5,26.9,36.7,8.6,80,4.2,65,22,338.3,5.0,33.0,27.7,13.4,79,HIGH
319.2,168.5,77.4,93.3,18.7,26.1,67,4.8,79,15,350.5,9.5,52.8,24.3,14.1,68,HIGH
493.6,345.5,112.9,202.3,17.2,10.2,129,3.8,164,40,440.8,85.9,70.0,22.9,5.5,87,CRITICAL
479.3,160.9,108.2,122.6,20.9,3.3,119,4.0,84,13,495.3,20.5,33.6,22.6,5.0,81,CRITICAL
76.1,11.4,18.4,15.5,17.4,12.9,19,4.0,0,0,68.9,15.8,15.0,24.2,39.8,19,LOW
57.9,8.8,17.4,23.1,25.7,34.7,14,4.1,2,16,62.2,-4.4,15.2,30.0,104.4,29,LOW
270.0,54.3,42.9,47.9,35.3,31.4,52,5.2,25,13,237.6,6.1,20.1,15.9,24.7,44,MODERATE
150.0,67.1,50.5,28.3,17.5,0.0,61,2.5,13,13,148.7,15.9,44.7,33.7,11.6,53,MODERATE
112.3,28.2,21.6,19.2,7.2,32.7,15,7.5,0,0,104.3,-2.1,25.1,19.2,35.5,24,LOW
106.4,16.5,11.5,16.7,19.9,11.9,21,5.1,9,3,109.4,-0.5,15.5,10.8,29.9,15,LOW
361.0,155.3,83.2,67.4,14.2,9.8,46,7.8,42,16,358.4,-17.3,43.0,23.1,6.7,67,HIGH
374.4,204.1,128.4,77.1,33.7,0.0,91,4.1,50,17,399.2,27.7,54.5,34.3,9.0,65,HIGH
71.2,20.9,4.9,20.6,16.5,5.0,30,2.4,3,2,66.5,0.8,29.3,6.9,30.2,8,LOW
340.3,166.1,57.0,78.6,1.8,9.7,77,4.4,40,32,367.8,39.4,48.8,16.8,3.4,78,HIGH
406.7,179.9,113.4,84.4,20.5,22.2,84,4.8,60,33,390.4,26.0,44.2,27.9,10.5,69,HIGH
498.6,222.0,74.0,118.4,21.5,16.0,82,6.1,169,42,442.7,43.8,44.5,14.8,7.5,92,CRITICAL
562.2,194.8,43.2,165.2,13.6,7.6,96,5.9,160,36,598.4,44.1,34.6,7.7,3.8,97,CRITICAL
386.6,153.9,73.7,113.4,21.3,10.7,76,5.1,30,33,387.4,47.5,39.8,19.1,8.3,74,HIGH
189.7,79.1,41.7,19.4,17.2,42.1,45,4.2,15,5,169.7,-4.3,41.7,22.0,31.2,40,MODERATE
261.4,32.6,41.3,50.7,16.0,33.7,24,10.9,14,0,273.3,33.1,12.5,15.8,19.0,45,MODERATE
86.1,27.3,25.8,34.4,25.6,17.1,22,3.9,8,0,79.7,13.2,31.7,30.0,49.7,26,LOW
88.9,34.5,19.6,29.0,23.3,41.1,29,3.1,9,0,96.1,-16.2,38.8,22.1,72.4,27,LOW
344.0,130.2,117.7,76.1,38.1,18.1,74,4.6,53,14,278.4,27.0,37.8,34.2,16.3,74,HIGH
144.8,29.7,30.9,13.2,13.0,20.5,23,6.3,6,3,156.2,-12.0,20.5,21.3,23.2,19,LOW
228.5,70.8,18.9,63.7,52.2,39.1,53,4.3,15,20,246.5,7.6,31.0,8.3,40.0,56,MODERATE
137.1,17.2,10.2,26.2,49.3,13.8,9,15.2,3,8,148.8,-6.7,12.6,7.4,46.0,29,LOW
123.2,4.3,5.8,32.6,36.4,31.2,15,8.2,1,13,128.0,-4.8,3.5,4.7,54.9,29,LOW
269.5,112.8,48.7,46.4,15.8,38.6,44,6.1,28,25,261.5,-9.8,41.9,18.1,20.2,35,MODERATE
444.9,290.7,40.0,125.8,7.4,0.0,65,6.8,86,32,386.2,12.9,65.3,9.0,1.7,95,CRITICAL
441.1,265.6,111.3,182.3,11.8,3.6,65,6.8,153,13,438.6,17.8,60.2,25.2,3.5,93,CRITICAL
86.2,0.0,25.9,7.0,43.8,31.4,12,7.2,0,0,88.9,1.2,0.0,30.0,87.2,26,LOW
29.9,12.0,9.0,12.0,43.5,7.1,25,1.2,0,10,32.1,-21.3,40.0,30.0,169.5,15,LOW
216.1,36.8,41.4,86.4,10.1,20.7,20,10.8,18,17,192.4,18.0,17.0,19.2,14.2,34,MODERATE
124.8,23.2,0.0,3.2,21.3,6.0,16,7.8,2,5,131.8,12.9,18.6,0.0,21.9,27,LOW
122.3,48.9,14.6,0.0,14.9,17.8,11,11.1,3,13,120.4,-10.8,40.0,12.0,26.7,29,LOW
430.0,221.9,157.7,104.7,12.8,13.9,65,6.6,189,48,444.8,40.8,51.6,36.7,6.2,81,CRITICAL
135.2,16.7,17.5,7.8,5.0,19.9,14,9.7,0,0,142.6,-13.4,12.3,13.0,18.4,25,LOW
193.3,68.0,62.7,64.4,37.8,17.6,50,3.9,1,9,211.9,15.5,35.2,32.4,28.7,32,MODERATE
98.6,13.0,4.0,35.0,5.0,34.6,13,7.6,2,2,102.2,-20.5,13.2,4.0,40.2,13,LOW
46.1,18.4,7.0,18.4,5.9,30.1,36,1.3,6,10,45.4,-8.7,40.0,15.1,78.1,17,LOW
191.4,80.0,21.2,73.9,25.1,32.5,65,2.9,13,12,184.1,24.0,41.8,11.1,30.1,56,MODERATE
456.4,268.3,165.5,120.0,10.5,3.8,119,3.8,185,29,464.5,15.0,58.8,36.3,3.1,98,CRITICAL
89.7,13.3,0.0,11.2,22.1,28.0,21,4.3,6,13,85.4,0.6,14.8,0.0,55.9,25,LOW
414.9,96.3,41.3,48.5,31.2,34.4,51,8.1,93,12,390.2,25.4,23.2,10.0,15.8,65,HIGH
233.7,68.4,25.6,60.2,7.4,18.7,20,11.7,13,17,267.0,14.1,29.3,10.9,11.2,49,MODERATE
179.8,57.7,0.0,53.0,20.3,41.7,46,3.9,35,3,182.5,23.7,32.1,0.0,34.5,49,MODERATE
275.0,129.1,17.7,39.1,45.0,24.0,82,3.4,63,27,244.7,-20.9,46.9,6.4,25.1,75,HIGH
199.2,60.6,55.8,31.2,41.6,47.7,36,5.5,30,10,193.3,21.6,30.4,28.0,44.8,43,MODERATE
327.3,160.3,52.9,59.2,2.5,19.0,74,4.4,102,24,296.7,8.1,49.0,16.2,6.6,68,HIGH
77.7,31.1,12.9,11.5,15.0,20.9,18,4.3,2,4,85.0,13.4,40.0,16.6,46.1,9,LOW
323.3,134.3,36.6,31.1,26.9,21.9,79,4.1,90,27,304.8,37.0,41.5,11.3,15.1,68,HIGH
391.4,171.3,23.6,90.9,26.3,22.2,65,6.0,46,33,392.9,15.8,43.8,6.0,12.4,64,HIGH
82.9,26.0,24.9,0.0,35.3,5.0,16,5.2,0,10,83.2,-8.6,31.4,30.0,48.6,20,LOW
261.4,62.4,17.4,60.2,23.3,23.8,37,7.1,12,17,280.3,-0.2,23.9,6.7,18.0,59,MODERATE
258.0,100.9,0.0,55.9,42.9,33.1,34,7.6,19,6,255.5,-2.6,39.1,0.0,29.5,36,MODERATE
315.9,121.7,39.8,93.0,11.1,20.6,71,4.4,110,23,295.0,0.2,38.5,12.6,10.0,65,HIGH
518.3,173.4,154.2,133.7,27.6,6.6,120,4.3,75,51,559.9,51.6,33.5,29.8,6.6,95,CRITICAL
306.3,144.1,54.6,68.8,18.2,19.9,57,5.4,89,5,309.1,13.0,47.0,17.8,12.4,77,HIGH
192.1,77.3,11.5,48.7,38.4,22.0,46,4.2,10,4,182.1,9.3,40.3,6.0,31.5,47,MODERATE
503.6,280.9,137.0,90.6,0.8,3.1,97,5.2,81,33,487.3,24.8,55.8,27.2,0.8,89,CRITICAL
67.1,22.5,12.7,21.9,18.2,15.2,28,2.4,10,1,62.4,-12.9,33.6,19.0,49.8,20,LOW
218.1,86.8,22.3,14.3,40.5,29.9,28,7.8,13,5,198.2,-8.0,39.8,10.2,32.3,35,MODERATE
149.3,22.9,16.2,26.6,25.7,40.3,15,10.0,1,5,145.1,-7.3,15.3,10.9,44.2,8,LOW
327.5,170.9,46.5,48.2,19.2,5.7,92,3.6,103,15,274.2,-12.5,52.2,14.2,7.6,75,HIGH
42.4,16.9,6.4,13.4,33.4,18.7,19,2.2,5,11,41.9,-8.1,39.9,15.1,122.9,22,LOW
466.3,201.2,83.3,94.7,7.5,7.6,113,4.1,116,36,459.3,28.2,43.2,17.9,3.2,98,CRITICAL
207.8,50.2,22.4,54.7,16.5,13.5,25,8.3,15,22,214.8,-10.2,24.2,10.8,14.4,34,MODERATE
354.7,182.7,59.9,125.7,43.0,20.4,76,4.7,86,25,313.7,27.6,51.5,16.9,17.9,69,HIGH
581.8,235.6,76.2,98.7,8.4,9.7,91,6.4,94,46,635.1,34.4,40.5,13.1,3.1,94,CRITICAL
393.7,200.7,15.0,85.3,13.0,29.2,56,7.0,43,5,386.7,11.3,51.0,3.8,10.7,77,HIGH
309.2,185.5,44.0,63.9,0.0,26.8,85,3.6,81,5,294.5,31.4,60.0,14.2,8.7,66,HIGH
237.4,83.0,37.1,24.2,20.8,33.9,65,3.7,17,15,223.1,-5.0,35.0,15.6,23.1,37,MODERATE
568.0,224.8,88.0,95.6,0.0,10.1,113,5.0,129,30,525.7,31.3,39.6,15.5,1.8,83,CRITICAL
154.5,34.9,26.6,13.9,9.6,20.7,20,7.7,13,0,148.6,4.3,22.6,17.2,19.6,11,LOW
386.3,114.9,99.7,21.7,17.6,22.9,45,8.6,106,33,363.8,32.2,29.7,25.8,10.5,63,HIGH
129.6,32.8,13.3,21.8,43.1,10.2,22,5.9,8,3,129.7,2.3,25.3,10.3,41.1,20,LOW
497.6,263.3,106.8,85.7,28.8,0.0,134,3.7,157,21,503.0,74.8,52.9,21.5,5.8,86,CRITICAL
229.7,71.6,53.3,35.7,46.1,41.7,54,4.3,14,10,238.3,9.3,31.2,23.2,38.2,42,MODERATE
215.5,38.7,37.5,55.0,37.7,41.0,32,6.7,15,27,197.8,2.3,18.0,17.4,36.5,32,MODERATE
203.1,64.5,22.9,63.2,59.7,27.8,43,4.7,32,0,191.2,5.5,31.8,11.3,43.1,54,MODERATE
377.7,144.5,63.3,67.5,0.0,12.7,78,4.8,64,7,321.8,39.2,38.3,16.8,3.4,69,HIGH
438.1,274.5,141.6,83.1,16.0,17.6,127,3.4,181,39,424.9,23.6,62.7,32.3,7.7,81,CRITICAL
105.1,33.6,17.3,16.1,33.9,28.2,22,4.8,8,0,106.7,-7.2,32.0,16.4,59.0,18,LOW
235.6,59.4,0.7,35.3,30.7,43.3,35,6.7,28,14,220.8,5.8,25.2,0.3,31.4,54,MODERATE
229.3,72.8,43.6,45.7,35.8,23.2,34,6.7,10,0,240.8,1.7,31.7,19.0,25.7,59,MODERATE
540.4,236.0,94.0,180.9,27.4,6.0,118,4.6,100,23,488.9,18.3,43.7,17.4,6.2,93,CRITICAL
65.5,19.9,13.7,17.6,27.6,25.6,22,3.0,1,3,71.7,7.0,30.4,20.9,81.3,12,LOW
371.9,115.2,61.5,108.0,0.0,5.5,65,5.7,72,6,355.7,15.2,31.0,16.5,1.5,77,HIGH
97.7,17.3,14.4,33.5,26.7,10.5,12,8.1,9,2,98.1,-16.1,17.8,14.8,38.1,27,LOW
544.0,213.2,114.7,101.6,0.0,13.7,96,5.7,75,39,522.2,22.4,39.2,21.1,2.5,88,CRITICAL
230.0,68.6,53.0,45.0,3.9,19.6,39,5.9,30,0,241.3,5.7,29.8,23.1,10.2,59,MODERATE
81.6,8.2,24.5,9.2,5.3,26.0,17,4.8,8,2,80.1,-16.5,10.0,30.0,38.4,29,LOW
71.1,9.1,15.8,28.4,15.8,12.3,33,2.2,2,0,66.9,-7.8,12.7,22.2,39.5,17,LOW
293.1,175.8,83.5,28.6,20.7,28.3,49,6.0,92,5,296.5,0.6,60.0,28.5,16.7,68,HIGH
397.8,208.9,64.5,86.1,21.2,1.9,45,8.8,65,15,400.4,59.6,52.5,16.2,5.8,70,HIGH
442.2,224.8,88.3,81.0,1.5,8.9,116,3.8,141,10,389.3,43.4,50.8,20.0,2.4,81,CRITICAL
231.5,105.3,35.9,28.7,32.8,39.1,49,4.7,45,6,198.3,9.5,45.5,15.5,31.1,33,MODERATE
66.5,10.1,11.9,20.6,26.2,44.1,18,3.7,11,2,67.1,-7.0,15.2,17.9,105.6,24,LOW
346.5,143.1,81.6,66.9,29.7,37.8,100,3.5,66,23,374.7,52.7,41.3,23.5,19.5,79,HIGH
199.8,60.5,43.2,29.1,43.7,42.8,30,6.7,16,7,213.5,52.4,30.3,21.6,43.3,44,MODERATE
410.7,194.7,15.0,50.9,25.7,4.8,66,6.2,73,18,375.3,29.9,47.4,3.7,7.4,70,HIGH
261.7,76.6,19.7,42.1,28.9,32.7,46,5.7,45,8,299.5,11.9,29.3,7.5,23.5,52,MODERATE
147.2,25.5,20.8,20.0,5.0,13.6,21,7.0,1,4,148.6,16.5,17.3,14.2,12.7,15,LOW
227.2,82.5,49.2,67.2,48.6,0.0,47,4.8,15,6,221.9,15.1,36.3,21.7,21.4,43,MODERATE
358.8,108.9,29.6,81.1,25.4,18.4,65,5.5,101,21,301.5,35.7,30.4,8.2,12.2,71,HIGH
184.3,74.8,48.9,23.9,19.4,36.3,31,5.9,9,2,162.4,11.3,40.6,26.5,30.3,51,MODERATE
95.9,31.3,13.8,3.5,39.5,36.9,10,9.6,3,7,87.5,-15.3,32.7,14.4,79.6,15,LOW
208.8,55.0,54.9,20.0,23.7,40.4,45,4.6,21,14,205.0,8.2,26.3,26.3,30.7,38,MODERATE
481.4,174.3,140.3,146.7,15.3,10.6,116,4.2,174,10,458.1,-30.5,36.2,29.1,5.4,92,CRITICAL
77.6,31.1,6.3,31.1,12.1,26.3,10,7.8,1,0,76.3,-9.0,40.0,8.2,49.5,11,LOW
218.4,81.2,54.7,69.7,58.1,17.5,33,6.6,31,17,239.0,19.0,37.2,25.0,34.6,32,MODERATE
389.5,166.6,74.5,54.1,29.8,20.1,56,7.0,63,26,428.2,30.1,42.8,19.1,12.8,69,HIGH
330.8,145.2,121.1,70.5,10.6,18.3,94,3.5,54,8,357.5,7.0,43.9,36.6,8.7,72,HIGH
312.2,134.4,111.5,88.9,28.1,7.5,62,5.0,61,11,336.0,-18.8,43.0,35.7,11.4,63,HIGH
72.3,28.9,21.7,25.7,13.3,5.0,12,6.0,5,7,78.3,-16.4,40.0,30.0,25.3,24,LOW
221.4,78.8,37.6,77.1,36.9,38.7,43,5.1,30,5,243.3,-3.3,35.6,17.0,34.1,55,MODERATE
503.5,271.6,123.5,72.6,0.0,4.6,119,4.2,110,38,484.0,32.6,53.9,24.5,0.9,85,CRITICAL
541.4,214.5,106.3,137.1,11.6,4.8,118,4.6,152,10,502.2,22.2,39.6,19.6,3.0,87,CRITICAL
103.4,32.8,14.1,24.5,10.8,25.6,19,5.4,2,9,113.7,-7.6,31.7,13.7,35.2,11,LOW
326.3,71.9,59.2,41.3,9.4,25.1,61,5.3,41,24,354.7,43.3,22.0,18.1,10.6,78,HIGH
556.5,130.0,151.7,97.8,6.7,18.3,102,5.5,140,31,536.1,47.1,23.4,27.3,4.5,90,CRITICAL
256.2,73.7,23.4,54.4,25.6,0.0,53,4.8,35,26,294.5,12.6,28.8,9.1,10.0,42,MODERATE
555.2,228.8,68.1,157.6,12.0,9.8,80,6.9,75,19,608.1,2.8,41.2,12.3,3.9,96,CRITICAL
43.3,17.3,10.6,17.3,39.2,13.4,5,8.7,1,15,41.5,13.2,40.0,24.4,121.4,29,LOW
589.0,286.6,111.7,102.3,0.0,2.8,111,5.3,114,37,505.5,-22.8,48.7,19.0,0.5,98,CRITICAL
105.2,30.1,0.0,27.1,16.7,13.7,23,4.6,3,1,108.0,13.8,28.7,0.0,28.9,6,LOW
153.1,16.2,14.7,34.5,27.7,27.5,17,9.0,1,0,139.1,20.4,10.6,9.6,36.1,13,LOW
223.9,85.9,35.2,10.0,33.7,36.4,30,7.5,18,2,223.8,-41.3,38.4,15.7,31.3,56,MODERATE
337.0,155.9,57.9,98.5,22.1,15.2,45,7.5,69,16,336.6,16.7,46.3,17.2,11.1,68,HIGH
232.7,60.9,58.1,20.9,28.6,31.0,27,8.6,34,16,266.2,-24.0,26.2,25.0,25.6,44,MODERATE
293.9,139.4,65.8,39.5,18.6,19.5,75,3.9,66,11,298.3,62.3,47.4,22.4,12.9,76,HIGH
550.9,326.5,42.9,67.1,18.8,16.7,98,5.6,75,21,606.0,36.4,59.3,7.8,6.4,90,CRITICAL
442.7,259.0,150.3,82.0,8.1,9.1,109,4.1,90,48,444.3,-22.7,58.5,34.0,3.9,94,CRITICAL
188.6,49.4,28.9,42.6,30.5,38.7,36,5.2,24,12,210.5,-6.0,26.2,15.4,36.7,46,MODERATE
475.0,240.5,145.5,150.2,14.8,7.8,132,3.6,149,35,455.0,42.2,50.6,30.6,4.8,81,CRITICAL
223.8,83.2,41.0,37.4,38.3,37.9,46,4.9,11,10,218.0,22.1,37.2,18.3,34.1,44,MODERATE
81.9,27.1,19.0,21.6,23.8,5.7,31,2.6,2,14,79.2,-3.4,33.1,23.2,36.0,9,LOW
112.9,24.4,15.2,21.7,17.3,8.9,5,22.6,1,1,123.5,5.7,21.6,13.4,23.2,5,LOW
228.6,89.2,29.8,27.4,42.4,37.0,43,5.3,45,8,203.7,-11.2,39.0,13.0,34.8,52,MODERATE
208.8,42.2,22.7,34.7,34.2,50.6,33,6.3,9,11,216.5,23.6,20.2,10.9,40.6,42,MODERATE
275.0,129.5,22.3,76.8,19.4,18.6,67,4.1,57,5,273.4,16.4,47.1,8.1,13.8,72,HIGH
201.6,95.0,51.8,46.4,5.6,30.2,50,4.0,0,14,178.0,-2.5,47.1,25.7,17.7,43,MODERATE
393.5,150.6,74.5,40.1,35.9,8.1,80,4.9,92,20,377.4,39.3,38.3,18.9,11.2,74,HIGH
81.8,28.6,18.9,20.6,5.8,48.1,18,4.5,14,10,74.4,28.1,34.9,23.2,65.9,6,LOW
137.7,15.8,2.2,9.3,5.0,36.0,32,4.3,3,6,147.1,-1.1,11.4,1.6,29.8,10,LOW
226.4,88.2,52.4,54.8,13.1,61.7,25,9.1,33,15,208.3,-16.1,38.9,23.1,33.0,34,MODERATE
377.8,189.1,68.8,77.5,20.9,10.2,74,5.1,60,29,336.2,15.5,50.1,18.2,8.2,68,HIGH
325.2,131.7,87.4,20.0,21.9,9.2,70,4.6,71,5,332.7,13.0,40.5,26.9,9.6,78,HIGH
181.5,90.8,51.7,20.1,30.6,27.2,37,4.9,31,18,195.5,1.6,50.0,28.5,31.8,59,MODERATE
133.6,49.1,35.6,34.5,40.4,27.1,26,5.1,3,2,122.3,-2.0,36.7,26.7,50.5,24,LOW
417.4,177.6,106.5,38.3,22.2,23.2,72,5.8,41,30,377.8,20.7,42.6,25.5,10.9,69,HIGH
335.6,175.9,97.6,91.7,18.7,19.4,81,4.1,83,5,360.9,12.0,52.4,29.1,11.4,68,HIGH
77.3,30.9,12.4,27.9,11.0,19.3,17,4.5,7,8,72.7,-23.0,40.0,16.1,39.3,23,LOW
493.9,130.0,158.6,135.5,0.0,6.9,137,3.6,120,18,489.3,-16.6,26.3,32.1,1.4,86,CRITICAL
312.7,111.7,81.8,72.1,31.2,13.8,59,5.3,73,11,283.5,3.5,35.7,26.2,14.4,63,HIGH
490.0,217.1,148.3,137.3,7.5,1.3,124,4.0,78,40,506.2,-11.9,44.3,30.3,1.8,93,CRITICAL
232.4,83.0,47.5,10.0,47.9,47.9,36,6.5,24,4,215.7,-30.1,35.7,20.4,41.2,36,MODERATE
85.3,34.1,10.1,3.0,17.2,27.4,31,2.8,2,5,87.7,-5.3,40.0,11.8,52.4,24,LOW
345.1,156.9,106.0,100.4,20.3,35.0,81,4.3,56,6,365.2,8.9,45.5,30.7,16.0,75,HIGH
236.2,66.0,43.6,59.3,22.4,29.5,38,6.2,20,9,269.5,13.5,27.9,18.5,22.0,48,MODERATE
540.8,210.7,112.2,103.6,21.5,0.0,125,4.3,94,31,572.0,20.6,39.0,20.8,4.0,85,CRITICAL
112.3,0.7,6.1,16.0,35.5,50.0,18,6.2,7,0,114.4,1.3,0.6,5.5,76.1,22,LOW
107.9,22.3,14.8,11.7,28.1,29.2,7,15.4,2,6,115.5,8.4,20.7,13.7,53.1,7,LOW
58.4,6.3,17.5,18.7,51.7,5.0,15,3.9,4,12,61.1,16.6,10.7,30.0,97.1,8,LOW
652.6,241.2,40.0,35.0,15.8,22.9,92,7.1,113,38,640.9,8.0,37.0,6.1,5.9,88,CRITICAL
316.2,186.9,50.0,61.7,16.3,11.8,57,5.5,47,34,324.3,33.0,59.1,15.8,8.9,62,HIGH
199.6,20.0,31.6,41.9,26.6,15.6,44,4.5,22,11,179.4,12.4,10.0,15.8,21.2,37,MODERATE
367.0,148.1,134.6,58.6,37.5,4.5,80,4.6,93,5,364.5,21.1,40.3,36.7,11.4,78,HIGH
236.2,64.8,11.9,33.7,53.8,45.8,34,6.9,0,10,269.9,-0.2,27.4,5.0,42.2,52,MODERATE
178.3,56.7,20.7,31.1,26.7,51.0,34,5.2,41,18,178.8,12.1,31.8,11.6,43.5,58,MODERATE
190.5,56.0,24.1,75.6,1.2,34.8,26,7.3,10,0,193.2,-4.9,29.4,12.7,18.9,53,MODERATE
363.6,173.2,46.5,86.5,36.2,8.4,74,4.9,48,30,360.8,40.3,47.6,12.8,12.3,70,HIGH
193.8,67.8,26.0,51.2,46.7,35.2,52,3.7,35,14,175.2,2.1,35.0,13.4,42.2,57,MODERATE
108.6,20.6,12.6,11.0,16.7,23.6,26,4.2,5,0,117.1,15.5,18.9,11.6,37.1,12,LOW
285.5,131.3,22.9,62.4,9.2,21.8,70,4.1,90,19,245.2,25.4,46.0,8.0,10.9,68,HIGH
45.6,18.2,0.0,18.2,5.0,16.2,33,1.4,3,6,41.8,0.2,40.0,0.0,46.4,20,LOW
177.7,78.3,35.3,50.5,44.4,5.8,51,3.5,15,20,154.9,11.0,44.0,19.9,28.2,41,MODERATE
387.4,174.3,37.6,66.8,17.3,32.2,64,6.1,90,14,396.3,7.2,45.0,9.7,12.8,72,HIGH
329.1,177.0,77.6,70.9,10.5,21.2,61,5.4,51,34,290.4,30.0,53.8,23.6,9.6,77,HIGH
298.1,100.7,18.1,36.0,5.8,31.9,67,4.4,57,5,279.0,14.9,33.8,6.1,12.6,66,HIGH
185.2,35.8,26.7,54.1,26.4,16.2,57,3.2,0,21,159.6,-4.8,19.3,14.4,23.0,44,MODERATE
258.2,73.3,57.7,78.5,16.2,39.1,23,11.2,27,11,269.3,27.4,28.4,22.3,21.4,54,MODERATE
231.2,50.7,17.6,42.9,20.0,1.9,39,5.9,23,22,241.9,21.9,21.9,7.6,9.5,53,MODERATE
475.1,270.3,123.8,110.1,5.3,8.5,91,5.2,152,49,482.4,-6.2,56.9,26.1,2.9,87,CRITICAL
522.1,246.3,90.2,127.5,18.6,22.4,100,5.2,136,20,554.7,15.5,47.2,17.3,7.8,89,CRITICAL
198.2,35.0,35.7,60.7,20.8,12.9,60,3.3,4,0,202.1,-15.8,17.6,18.0,17.0,38,MODERATE
335.6,137.3,41.4,127.0,7.9,26.7,78,4.3,58,38,279.2,-16.3,40.9,12.3,10.3,65,HIGH
89.7,23.8,24.9,5.3,31.3,19.5,5,17.9,0,5,83.3,35.0,26.5,27.8,56.7,16,LOW
197.4,85.9,37.2,30.0,47.3,27.9,42,4.7,24,3,168.0,-4.5,43.5,18.8,38.1,46,MODERATE
165.8,72.0,13.8,57.6,20.7,9.2,51,3.3,14,9,189.0,-35.0,43.4,8.3,18.0,38,MODERATE
230.4,41.8,33.8,10.0,33.7,20.5,30,7.7,25,21,235.1,-3.6,18.2,14.7,23.5,35,MODERATE
404.8,171.7,113.5,69.7,23.6,15.0,48,8.4,89,25,350.1,18.4,42.4,28.0,9.5,70,HIGH
126.9,27.9,35.5,21.4,48.3,22.0,29,4.4,4,3,117.7,11.7,22.0,27.9,55.4,5,LOW
225.7,54.1,31.5,18.2,17.2,39.5,42,5.4,17,11,220.3,13.8,24.0,14.0,25.1,59,MODERATE
481.7,130.0,99.3,178.7,2.8,0.0,128,3.8,108,31,509.7,47.7,27.0,20.6,0.6,94,CRITICAL
239.9,63.4,47.2,56.6,37.6,41.7,55,4.4,20,17,231.9,-1.9,26.4,19.7,33.1,35,MODERATE
322.2,155.0,59.2,135.9,33.3,16.1,81,4.0,40,22,352.9,-2.6,48.1,18.4,15.3,67,HIGH
377.6,122.8,56.3,77.2,36.5,19.9,75,5.0,59,19,320.2,16.9,32.5,14.9,14.9,77,HIGH
243.9,67.2,71.2,42.9,27.9,0.0,36,6.8,32,24,208.5,-9.9,27.6,29.2,11.4,36,MODERATE
218.3,49.5,54.7,16.1,24.7,30.4,42,5.2,31,0,236.3,34.7,22.7,25.1,25.2,48,MODERATE
96.9,36.8,18.3,19.8,36.9,16.6,6,16.1,19,0,99.4,-1.1,38.0,18.9,55.3,11,LOW
354.5,117.9,46.3,20.0,40.6,28.2,48,7.4,80,14,380.9,38.1,33.3,13.1,19.4,65,HIGH
81.4,9.9,6.3,20.7,32.4,31.5,5,16.3,0,15,81.3,-11.0,12.1,7.8,78.5,15,LOW
200.1,37.7,41.4,80.0,22.8,35.3,50,4.0,24,12,197.5,-11.6,18.8,20.7,29.1,43,MODERATE
72.1,28.8,15.2,14.4,9.0,29.9,7,10.3,11,5,77.0,3.7,40.0,21.1,54.0,18,LOW
194.6,83.2,14.1,66.5,26.1,50.3,23,8.5,43,9,169.9,-1.8,42.8,7.2,39.2,49,MODERATE
533.1,293.6,96.3,182.2,19.0,5.3,136,3.9,140,62,476.9,35.6,55.1,18.1,4.6,85,CRITICAL
322.5,110.1,94.5,92.2,0.0,26.6,56,5.8,57,21,260.6,30.9,34.1,29.3,8.2,73,HIGH
93.0,36.9,22.5,23.6,31.8,18.7,34,2.7,6,0,101.3,9.8,39.7,24.2,54.3,18,LOW
518.7,185.9,82.0,151.9,21.5,0.0,101,5.1,121,33,523.8,20.1,35.8,15.8,4.2,87,CRITICAL
396.7,143.6,91.1,22.1,14.0,5.3,62,6.4,74,13,321.5,37.0,36.2,23.0,4.9,63,HIGH
189.2,73.7,0.0,35.2,57.0,31.6,44,4.3,45,0,209.7,-9.7,39.0,0.0,46.8,41,MODERATE
187.4,93.7,8.4,53.9,39.6,13.6,29,6.5,34,4,188.3,-5.9,50.0,4.5,28.4,57,MODERATE
97.6,31.2,27.7,0.0,6.4,26.2,32,3.0,2,2,99.1,-7.3,32.0,28.4,33.3,15,LOW
74.7,29.9,17.3,20.2,10.4,35.6,25,3.0,2,2,79.6,-9.4,40.0,23.1,61.6,6,LOW
180.5,46.0,29.1,42.8,51.9,29.0,48,3.8,25,13,179.2,10.6,25.5,16.1,44.8,40,MODERATE
78.5,22.6,14.2,26.6,47.6,33.4,8,9.8,7,6,83.2,-7.6,28.8,18.1,103.3,7,LOW
300.6,160.6,90.3,57.6,43.1,18.2,45,6.7,59,20,252.3,27.9,53.4,30.0,20.4,69,HIGH
121.4,26.0,0.0,16.4,31.9,16.0,17,7.1,1,0,128.1,-25.9,21.4,0.0,39.5,14,LOW
93.5,20.2,8.5,3.5,5.0,30.0,18,5.2,6,0,99.5,10.7,21.6,9.1,37.4,28,LOW
220.0,40.4,37.7,56.9,51.9,35.3,56,3.9,9,9,217.1,12.7,18.4,17.1,39.6,55,MODERATE
389.1,158.6,80.8,20.0,29.2,12.2,57,6.8,58,16,315.7,2.2,40.8,20.8,10.6,71,HIGH
611.1,274.4,142.6,86.7,19.5,12.9,100,6.1,75,31,533.0,71.2,44.9,23.3,5.3,94,CRITICAL
106.1,42.4,4.9,12.1,10.9,5.0,34,3.1,11,2,101.0,12.6,40.0,4.6,15.0,14,LOW
126.9,40.4,0.0,8.0,43.3,37.4,14,9.1,4,0,126.5,19.1,31.9,0.0,63.6,29,LOW
313.0,176.1,71.7,80.0,27.5,10.4,100,3.1,91,14,339.2,-6.0,56.3,22.9,12.1,67,HIGH
509.1,133.5,177.4,121.0,17.3,6.6,101,5.0,164,33,468.1,32.2,26.2,34.8,4.7,84,CRITICAL
229.0,40.1,0.0,25.5,26.4,63.7,48,4.8,0,6,207.4,4.0,17.5,0.0,39.3,47,MODERATE
344.0,91.3,106.4,93.2,22.8,13.4,73,4.7,97,22,327.1,-14.3,26.5,30.9,10.5,70,HIGH
374.4,184.5,109.0,67.9,35.8,21.4,77,4.9,92,27,385.5,38.2,49.3,29.1,15.3,69,HIGH
376.7,192.9,69.8,77.1,31.2,24.5,56,6.7,30,18,301.5,-28.1,51.2,18.5,14.8,78,HIGH
249.0,43.3,10.1,44.9,0.0,43.5,56,4.4,16,9,215.9,3.7,17.4,4.0,17.5,55,MODERATE
103.3,40.4,10.6,14.9,16.7,31.6,27,3.8,5,7,98.2,22.5,39.1,10.2,46.7,13,LOW
103.1,11.2,15.9,0.0,22.2,5.0,29,3.6,7,8,104.7,-11.4,10.9,15.4,26.4,15,LOW
96.1,20.5,22.2,22.6,20.0,35.5,35,2.7,0,6,90.5,-11.9,21.3,23.1,57.8,17,LOW
77.9,24.9,15.6,31.2,26.2,34.1,16,4.9,2,3,74.1,6.3,31.9,20.0,77.5,19,LOW
375.2,108.7,15.0,99.6,7.0,1.4,83,4.5,44,12,344.9,61.4,29.0,4.0,2.2,68,HIGH
536.8,209.0,103.6,93.2,13.0,12.1,141,3.8,118,11,490.8,15.4,38.9,19.3,4.7,94,CRITICAL
359.4,165.3,31.9,46.9,28.7,23.1,81,4.4,92,25,368.4,8.9,46.0,8.9,14.4,71,HIGH
261.7,93.4,17.6,67.6,35.9,15.2,39,6.7,13,12,273.7,-8.1,35.7,6.7,19.5,36,MODERATE
557.1,240.1,133.3,134.8,8.7,5.6,120,4.6,79,52,527.1,21.1,43.1,23.9,2.6,84,CRITICAL
378.6,100.9,121.6,43.3,30.6,25.5,54,7.0,85,24,370.7,59.6,26.6,32.1,14.8,62,HIGH
242.6,78.4,10.2,28.9,50.5,22.0,56,4.3,20,4,269.6,-0.5,32.3,4.2,29.9,32,MODERATE
210.2,95.5,17.5,10.0,36.8,23.3,33,6.4,29,18,217.3,-34.7,45.5,8.3,28.6,45,MODERATE
279.3,121.2,111.7,57.0,35.2,11.9,63,4.4,75,21,297.0,26.4,43.4,40.0,16.9,63,HIGH
211.3,56.9,35.7,10.0,6.8,30.2,60,3.5,26,6,196.6,-21.0,26.9,16.9,17.5,54,MODERATE
102.4,2.9,17.9,35.0,45.6,42.3,5,20.5,10,5,107.5,9.4,2.9,17.5,85.9,15,LOW
473.4,263.9,68.9,123.0,14.5,8.9,80,5.9,149,30,519.7,-43.8,55.7,14.6,4.9,82,CRITICAL
325.7,124.8,15.0,92.0,17.0,16.9,88,3.7,66,15,319.2,30.6,38.3,4.6,10.4,77,HIGH
439.6,199.2,154.1,183.2,11.8,4.5,130,3.4,122,23,433.4,8.6,45.3,35.0,3.7,89,CRITICAL
207.7,103.8,22.7,37.8,24.1,23.9,38,5.5,5,7,213.2,3.2,50.0,10.9,23.1,47,MODERATE
416.0,152.8,39.6,71.9,13.2,10.9,70,5.9,58,12,435.2,12.6,36.7,9.5,5.8,74,HIGH
225.6,41.8,64.8,83.5,30.7,61.3,37,6.1,26,23,258.1,-3.3,18.5,28.7,40.8,58,MODERATE
184.8,54.8,0.0,73.9,38.3,13.5,28,6.6,16,17,197.4,-29.1,29.6,0.0,28.0,45,MODERATE
326.3,70.0,92.9,86.0,15.5,29.2,80,4.1,68,20,281.6,19.1,21.5,28.5,13.7,75,HIGH
275.0,106.8,15.0,72.7,31.9,19.1,88,3.1,81,37,267.7,43.5,38.8,5.5,18.5,62,HIGH
213.1,50.8,0.0,66.5,4.7,33.8,42,5.1,45,19,227.7,-4.1,23.8,0.0,18.1,43,MODERATE
342.3,173.0,92.0,59.1,9.8,5.4,68,5.0,36,20,286.5,44.8,50.5,26.9,4.4,66,HIGH
306.5,165.3,100.2,95.5,27.8,17.4,61,5.0,70,28,285.7,18.1,53.9,32.7,14.7,77,HIGH
301.1,80.0,120.0,89.4,26.5,32.9,45,6.7,57,17,313.0,34.3,26.6,39.9,19.7,62,HIGH
223.9,57.9,45.3,31.6,51.2,40.0,45,5.0,19,18,254.6,12.1,25.8,20.3,40.8,35,MODERATE
324.0,116.8,58.7,55.0,9.1,26.1,66,4.9,90,11,328.2,-20.0,36.0,18.1,10.8,71,HIGH
190.1,73.0,65.7,63.3,38.2,35.9,59,3.2,34,16,180.3,24.2,38.4,34.6,39.0,42,MODERATE
232.6,53.2,54.6,52.6,0.0,29.5,37,6.3,28,19,230.7,8.5,22.9,23.5,12.7,52,MODERATE
524.7,250.6,118.5,209.1,7.6,0.0,105,5.0,119,39,573.9,50.1,47.8,22.6,1.4,89,CRITICAL
175.6,72.4,48.9,36.5,11.1,24.4,56,3.1,35,8,158.1,-18.1,41.2,27.9,20.2,37,MODERATE
116.8,13.4,14.2,16.4,9.9,24.3,15,7.8,5,8,114.6,-10.8,11.5,12.2,29.3,5,LOW
73.7,17.0,5.2,29.5,33.3,8.8,28,2.6,0,6,77.9,-9.0,23.0,7.1,57.1,22,LOW
192.7,64.8,23.5,55.2,19.3,28.4,40,4.8,24,8,218.5,-1.1,33.6,12.2,24.7,51,MODERATE
77.3,30.9,18.3,10.0,49.8,44.9,19,4.1,12,2,75.7,15.3,40.0,23.6,122.5,24,LOW
128.1,26.4,23.6,14.9,8.0,25.1,28,4.6,5,13,134.7,3.7,20.6,18.4,25.8,20,LOW
69.3,27.7,5.4,27.7,20.7,39.1,25,2.8,1,4,64.1,5.1,40.0,7.7,86.3,14,LOW
130.3,28.2,14.5,33.8,46.5,5.7,17,7.7,0,10,136.0,31.1,21.6,11.2,40.1,27,LOW
131.3,37.0,7.7,7.7,20.5,20.3,17,7.7,18,0,127.2,-15.8,28.1,5.9,31.0,18,LOW
349.5,209.7,88.1,107.8,9.0,29.0,77,4.5,35,25,334.4,6.7,60.0,25.2,10.9,66,HIGH
229.4,42.8,47.3,50.8,65.0,31.1,40,5.7,11,6,229.7,-9.9,18.7,20.6,41.9,54,MODERATE
243.3,52.8,47.4,28.4,59.7,13.0,31,7.8,28,12,218.8,10.9,21.7,19.5,29.9,32,MODERATE
96.7,7.9,9.6,21.3,7.7,24.5,15,6.4,5,3,95.5,-0.2,8.2,9.9,33.3,5,LOW
88.0,8.2,13.9,33.3,35.3,36.8,17,5.2,7,11,87.3,-0.3,9.3,15.8,81.9,16,LOW
551.9,161.5,73.5,179.5,23.5,16.5,142,3.9,145,39,515.4,5.2,29.3,13.3,7.3,89,CRITICAL
72.7,18.1,0.0,28.4,21.2,38.2,23,3.2,8,1,77.8,-22.9,24.9,0.0,81.6,14,LOW
430.0,125.7,77.5,64.4,10.5,28.6,51,8.4,51,25,422.6,34.4,29.2,18.0,9.1,66,HIGH
535.0,259.3,144.7,111.5,13.9,5.1,65,8.2,143,36,486.5,53.3,48.5,27.0,3.5,89,CRITICAL
168.2,68.7,36.2,10.0,26.0,31.7,46,3.7,32,8,155.9,17.8,40.8,21.5,34.3,42,MODERATE
123.8,29.9,13.1,24.0,54.4,19.7,15,8.3,2,7,135.5,-11.8,24.2,10.6,59.8,19,LOW
79.2,31.7,13.0,14.4,25.7,5.0,23,3.4,9,6,77.0,-13.5,40.0,16.4,38.7,6,LOW
337.5,103.7,41.4,37.1,4.6,18.6,62,5.4,71,36,319.1,15.2,30.7,12.3,6.9,68,HIGH
242.6,71.7,44.3,39.9,20.6,46.9,39,6.2,17,11,230.3,8.5,29.5,18.3,27.8,37,MODERATE
105.5,40.7,3.2,36.2,17.9,20.9,17,6.2,5,1,114.7,4.3,38.6,3.0,36.7,9,LOW
104.7,10.9,26.1,19.1,26.3,16.7,26,4.0,10,8,109.5,-2.5,10.4,24.9,41.0,17,LOW
516.8,283.9,130.8,102.0,11.5,3.0,139,3.7,121,32,527.9,37.7,54.9,25.3,2.8,87,CRITICAL
109.9,18.3,10.9,8.9,24.5,9.8,24,4.6,8,0,101.9,2.2,16.7,9.9,31.3,8,LOW
506.9,198.1,171.3,148.7,8.6,6.9,99,5.1,124,18,485.7,-19.5,39.1,33.8,3.1,82,CRITICAL
108.4,26.1,6.5,20.1,5.0,33.8,18,6.0,1,10,101.7,-9.2,24.1,6.0,35.8,24,LOW
530.6,250.2,114.3,159.7,17.1,9.2,99,5.4,129,29,532.5,-26.4,47.2,21.6,5.0,95,CRITICAL
513.1,324.9,92.7,44.5,17.0,9.9,65,7.9,139,18,497.9,39.0,63.3,18.1,5.2,93,CRITICAL
328.6,140.4,129.5,38.3,23.6,9.2,63,5.2,79,23,331.1,13.0,42.7,39.4,10.0,63,HIGH
320.1,182.8,70.9,86.0,24.3,14.9,50,6.4,45,31,272.7,2.0,57.1,22.2,12.3,68,HIGH
430.0,234.3,113.0,88.1,12.9,16.4,98,4.4,171,63,400.5,91.3,54.5,26.3,6.8,86,CRITICAL
485.2,216.4,207.0,138.3,12.5,11.1,106,4.6,75,64,481.8,-8.6,44.6,42.7,4.9,93,CRITICAL
430.0,231.5,59.6,158.5,13.2,8.7,86,5.0,181,42,400.5,43.1,53.8,13.9,5.1,93,CRITICAL
331.2,114.0,37.1,99.2,26.2,17.3,75,4.4,67,29,323.8,39.0,34.4,11.2,13.1,64,HIGH
124.5,27.3,9.7,25.8,8.5,28.2,23,5.4,1,3,118.6,6.4,22.0,7.8,29.4,23,LOW
94.1,26.5,3.2,37.6,39.7,20.5,17,5.5,13,10,84.9,6.2,28.2,3.4,63.9,18,LOW
83.1,7.3,24.9,4.8,5.0,21.1,27,3.1,3,0,85.5,19.0,8.8,30.0,31.4,6,LOW
150.0,72.5,25.3,15.3,55.2,26.6,38,3.9,17,0,145.1,-18.5,48.3,16.9,54.5,54,MODERATE
98.1,7.5,29.4,24.4,16.2,5.0,23,4.3,2,4,103.1,-10.0,7.6,30.0,21.6,19,LOW
103.7,41.5,0.0,19.6,34.6,21.5,19,5.5,0,0,106.3,-26.3,40.0,0.0,54.1,18,LOW
333.9,141.6,43.2,40.2,38.1,20.6,76,4.4,62,22,327.1,38.5,42.4,12.9,17.6,64,HIGH
160.0,22.1,8.7,22.9,23.5,27.7,29,5.5,3,0,159.8,-3.2,13.8,5.4,32.0,26,LOW
201.6,72.1,36.8,39.8,17.5,8.7,28,7.2,26,7,199.2,-41.4,35.7,18.2,13.0,59,MODERATE
224.2,60.7,25.4,40.7,60.5,18.7,29,7.7,29,10,251.9,-20.5,27.1,11.3,35.4,32,MODERATE
537.0,132.1,115.1,57.1,9.7,5.0,118,4.6,133,38,501.1,23.2,24.6,21.4,2.7,91,CRITICAL
74.5,29.8,22.3,9.6,27.2,5.0,13,5.7,1,4,80.3,4.1,40.0,30.0,43.2,20,LOW
411.8,147.7,38.0,63.5,4.3,21.7,83,5.0,62,5,381.0,40.5,35.9,9.2,6.3,69,HIGH
118.7,21.2,12.4,45.2,34.0,12.3,20,5.9,6,16,118.7,1.0,17.9,10.5,39.0,17,LOW
257.9,82.1,28.6,43.3,38.5,39.5,45,5.7,35,9,294.4,-12.9,31.8,11.1,30.2,41,MODERATE
480.2,196.2,146.2,156.2,16.4,5.4,104,4.6,128,18,492.7,4.8,40.9,30.5,4.5,97,CRITICAL
240.1,76.0,49.9,10.5,27.6,20.8,38,6.3,14,9,244.6,20.3,31.6,20.8,20.2,44,MODERATE
367.7,126.3,75.1,59.6,7.6,14.6,78,4.7,65,34,325.3,34.8,34.4,20.4,6.0,72,HIGH
203.9,71.2,44.8,27.0,20.8,0.2,54,3.8,17,15,190.1,30.6,34.9,22.0,10.3,58,MODERATE
319.5,159.4,72.9,70.7,8.0,22.5,80,4.0,48,39,275.7,51.5,49.9,22.8,9.5,73,HIGH
231.8,94.9,51.4,30.6,35.5,25.9,26,8.9,26,26,250.9,5.6,40.9,22.2,26.5,32,MODERATE
384.2,173.5,87.5,39.5,45.0,28.5,75,5.1,41,29,337.0,7.0,45.2,22.8,19.1,70,HIGH
83.1,2.7,16.1,33.2,23.5,8.6,15,5.5,0,9,82.6,-8.5,3.2,19.4,38.7,10,LOW
491.5,246.3,143.3,143.3,27.3,8.8,98,5.0,118,39,528.5,27.2,50.1,29.2,7.3,95,CRITICAL
119.1,39.8,15.9,22.4,15.7,16.2,24,5.0,0,11,115.8,0.0,33.4,13.3,26.8,15,LOW
207.2,68.6,11.4,45.8,32.5,26.9,39,5.3,35,9,178.6,9.1,33.1,5.5,28.7,53,MODERATE
378.5,119.3,42.9,103.6,24.6,25.6,54,7.0,30,11,356.1,33.1,31.5,11.3,13.3,73,HIGH
210.7,24.1,11.3,57.2,35.7,51.3,58,3.6,19,15,214.5,-0.7,11.4,5.4,41.3,49,MODERATE
162.5,41.5,37.8,42.7,38.9,6.6,38,4.3,36,2,172.0,31.6,25.5,23.3,28.0,39,MODERATE
204.5,43.1,47.9,33.7,7.5,16.9,32,6.4,34,13,222.5,29.9,21.1,23.4,12.0,39,MODERATE
181.1,52.3,0.0,72.4,53.9,9.8,39,4.6,23,4,159.2,-26.6,28.9,0.0,35.2,38,MODERATE
95.5,22.1,16.9,31.8,13.9,5.0,22,4.3,2,5,102.1,0.6,23.2,17.7,19.8,5,LOW
73.7,22.4,22.1,29.5,63.5,21.3,16,4.6,8,6,75.0,-13.5,30.5,30.0,115.1,9,LOW
236.2,79.7,0.0,63.6,28.1,18.3,24,9.8,21,12,242.3,-18.5,33.7,0.0,19.7,38,MODERATE
191.3,59.5,53.4,63.2,15.0,9.1,37,5.2,21,6,211.6,23.7,31.1,27.9,12.6,54,MODERATE
233.0,75.8,47.9,72.0,43.3,22.6,28,8.3,42,10,236.1,-3.5,32.5,20.6,28.3,39,MODERATE
389.6,119.2,18.1,34.3,31.9,8.3,73,5.3,59,28,351.7,12.9,30.6,4.6,10.3,62,HIGH
430.0,292.1,151.4,46.6,17.4,14.4,109,3.9,75,41,448.1,53.2,67.9,35.2,7.4,83,CRITICAL
99.9,31.4,9.2,19.1,24.1,29.9,11,9.1,1,4,91.2,22.9,31.5,9.2,54.1,17,LOW
193.2,96.6,22.6,53.8,25.4,20.4,34,5.7,30,18,198.2,3.8,50.0,11.7,23.7,37,MODERATE
218.8,102.8,51.4,45.5,8.9,17.5,50,4.4,7,29,231.1,5.3,47.0,23.5,12.1,32,MODERATE
115.8,33.7,16.4,34.7,24.8,41.3,16,7.2,6,2,119.0,-13.0,29.1,14.1,57.1,6,LOW
225.2,87.0,9.4,25.5,33.4,14.1,65,3.5,28,11,195.7,-4.3,38.6,4.2,21.1,54,MODERATE
268.9,71.7,28.5,14.5,26.7,28.5,37,7.3,2,5,303.4,31.2,26.7,10.6,20.5,34,MODERATE
149.9,25.9,19.7,32.7,28.0,39.6,24,6.2,2,4,146.7,-10.7,17.3,13.2,45.1,26,LOW
406.5,126.2,43.9,57.0,26.3,10.4,65,6.3,32,24,413.1,-15.4,31.0,10.8,9.0,67,HIGH
379.2,141.8,84.2,90.2,35.2,5.9,81,4.7,65,16,325.2,-7.3,37.4,22.2,10.9,74,HIGH
139.6,19.4,16.9,36.9,32.3,15.4,23,6.1,11,9,139.2,4.0,13.9,12.1,34.2,18,LOW
371.9,106.1,41.8,43.5,17.9,14.5,67,5.6,46,30,304.1,36.3,28.5,11.2,8.7,68,HIGH
84.8,12.3,0.0,7.7,26.7,37.1,28,3.0,8,6,78.5,-6.2,14.5,0.0,75.3,12,LOW
110.9,19.3,9.7,27.7,35.7,15.3,7,15.8,5,3,112.4,-14.4,17.4,8.7,46.0,24,LOW
225.9,57.0,72.5,10.0,41.8,35.7,48,4.7,24,16,237.0,20.6,25.2,32.1,34.3,34,MODERATE
87.0,18.4,6.6,0.0,26.8,25.4,9,9.7,0,4,90.8,-6.7,21.2,7.6,60.1,18,LOW
331.6,114.9,73.7,84.0,22.4,17.9,69,4.8,99,26,289.5,38.3,34.7,22.2,12.1,71,HIGH
94.3,37.7,28.3,14.5,16.0,25.6,12,7.9,6,6,97.3,-1.2,40.0,30.0,44.1,11,LOW
581.9,247.3,101.2,132.5,5.2,23.7,86,6.8,171,21,510.8,67.9,42.5,17.4,5.0,82,CRITICAL
83.1,24.5,24.9,0.0,25.3,27.5,21,4.0,0,11,80.0,7.1,29.5,30.0,63.6,26,LOW
65.6,26.2,19.7,25.8,22.0,13.7,28,2.3,2,0,61.0,14.9,40.0,30.0,54.3,14,LOW
124.7,47.2,23.4,34.0,16.3,6.1,26,4.8,16,7,127.9,3.9,37.8,18.8,18.0,20,LOW
369.2,156.8,75.1,43.8,33.4,17.8,68,5.4,83,10,311.9,23.0,42.5,20.3,13.9,75,HIGH
198.0,63.9,18.8,38.3,24.5,15.5,43,4.6,18,16,225.6,-24.2,32.3,9.5,20.2,56,MODERATE
189.2,74.8,52.3,51.0,56.1,20.1,38,5.0,24,15,193.6,9.1,39.5,27.6,40.3,37,MODERATE
488.4,264.3,50.0,120.5,8.3,8.2,65,7.5,106,32,485.1,41.5,54.1,10.2,3.4,92,CRITICAL
73.0,26.1,21.9,29.2,25.5,15.7,27,2.7,1,8,69.5,-24.9,35.7,30.0,56.4,26,LOW
247.0,73.7,24.9,10.0,26.4,40.4,37,6.7,22,15,263.0,-13.3,29.9,10.1,27.1,48,MODERATE
529.9,178.3,174.3,110.0,11.0,7.7,111,4.8,136,31,486.1,64.2,33.7,32.9,3.5,81,CRITICAL
311.7,127.1,53.3,41.0,11.2,24.6,92,3.4,80,33,315.4,39.4,40.8,17.1,11.5,79,HIGH
496.5,179.1,85.9,115.7,6.0,23.6,108,4.6,195,52,425.1,12.0,36.1,17.3,6.0,90,CRITICAL
150.0,75.0,0.0,23.4,26.6,35.1,20,7.5,21,18,142.3,22.9,50.0,0.0,41.1,34,MODERATE
587.5,276.9,139.8,108.2,16.6,0.0,106,5.5,130,10,545.7,38.2,47.1,23.8,2.8,91,CRITICAL
193.5,63.4,12.3,52.1,0.0,24.6,34,5.7,34,26,189.6,-1.0,32.8,6.4,12.7,54,MODERATE
508.9,236.3,131.6,166.8,0.0,14.7,65,7.8,135,64,442.9,26.9,46.4,25.9,2.9,94,CRITICAL
189.5,87.2,60.6,42.3,9.2,17.1,39,4.9,28,3,208.3,-8.8,46.0,32.0,13.9,51,MODERATE
110.0,34.9,27.2,33.5,17.1,27.2,6,18.3,6,0,109.1,-11.0,31.7,24.8,40.3,25,LOW
160.5,45.4,37.3,46.7,35.7,31.7,46,3.5,24,12,136.7,17.0,28.3,23.3,41.9,32,MODERATE
222.8,51.9,37.0,67.2,15.9,5.1,26,8.6,7,16,249.6,-20.3,23.3,16.6,9.4,40,MODERATE
323.0,161.2,113.8,55.4,25.5,3.9,98,3.3,70,15,278.0,11.4,49.9,35.2,9.1,65,HIGH
597.4,130.0,146.6,92.0,12.0,16.5,103,5.8,175,25,552.7,19.0,21.8,24.5,4.8,96,CRITICAL
312.6,166.4,105.9,64.1,12.8,13.9,51,6.1,39,5,288.6,-11.2,53.2,33.9,8.5,74,HIGH
227.7,36.8,49.8,51.1,20.5,13.8,37,6.2,6,25,213.5,31.8,16.2,21.9,15.0,57,MODERATE
199.0,58.1,50.5,52.3,34.4,36.9,20,9.9,25,13,205.5,35.0,29.2,25.4,35.8,43,MODERATE
367.0,153.2,100.8,112.1,28.8,12.1,52,7.1,54,39,347.7,24.2,41.7,27.5,11.2,73,HIGH
67.6,7.3,7.6,27.0,39.3,22.9,7,9.7,6,4,73.2,-22.1,10.8,11.3,92.0,29,LOW
132.2,29.9,19.5,3.2,28.1,37.0,25,5.3,6,1,128.8,0.5,22.6,14.8,49.3,28,LOW
208.9,71.9,26.6,61.4,13.9,18.8,49,4.3,8,0,202.8,6.1,34.4,12.7,15.6,42,MODERATE
303.1,145.7,18.2,123.0,24.8,19.4,90,3.4,67,22,262.0,20.9,48.1,6.0,14.6,76,HIGH
316.1,142.4,71.3,20.6,3.2,30.9,52,6.1,90,6,278.2,32.5,45.1,22.6,10.8,63,HIGH
566.1,262.5,113.0,105.7,15.5,1.4,80,7.1,75,49,531.9,10.0,46.4,20.0,3.0,98,CRITICAL
198.9,99.4,32.1,51.7,44.2,38.9,44,4.5,20,28,177.7,3.2,50.0,16.1,41.7,39,MODERATE
382.2,162.9,88.0,38.0,21.3,8.7,47,8.1,73,31,322.8,9.6,42.6,23.0,7.9,69,HIGH
243.6,55.4,40.2,32.0,44.1,15.2,62,3.9,10,1,243.2,22.1,22.8,16.5,24.3,33,MODERATE
353.5,165.5,76.1,88.8,13.9,23.3,68,5.2,55,17,386.8,15.8,46.8,21.5,10.5,73,HIGH
95.5,35.7,8.3,24.0,5.0,24.9,35,2.7,1,0,86.9,-9.1,37.4,8.7,31.3,29,LOW
152.0,58.4,0.0,27.6,7.2,30.8,42,3.6,25,11,168.7,-20.1,38.4,0.0,25.0,32,MODERATE
354.1,112.9,100.7,41.3,26.6,17.2,59,6.0,62,30,297.6,-8.2,31.9,28.4,12.4,67,HIGH
92.8,24.5,0.0,37.1,25.6,25.3,27,3.4,1,0,100.3,10.2,26.5,0.0,54.9,6,LOW
275.0,165.0,75.7,57.3,0.0,3.1,92,3.0,95,27,267.6,-6.5,60.0,27.5,1.1,75,HIGH
146.4,29.8,19.4,5.6,47.5,15.2,26,5.6,20,5,154.9,-14.7,20.3,13.3,42.8,15,LOW
61.9,24.8,8.0,24.8,48.0,5.0,14,4.4,9,0,56.0,27.5,40.0,12.9,85.6,13,LOW
233.9,65.6,39.9,45.2,14.6,25.4,25,9.4,20,25,231.6,19.8,28.0,17.0,17.1,34,MODERATE
377.4,172.0,34.9,79.4,11.9,28.1,65,5.8,34,17,404.5,28.1,45.6,9.2,10.6,62,HIGH
106.7,20.7,17.8,12.0,38.1,18.5,10,10.7,19,10,108.6,-0.6,19.4,16.7,53.1,14,LOW
148.6,31.3,7.7,15.8,31.8,34.7,32,4.6,3,2,151.4,-16.4,21.1,5.1,44.7,17,LOW
426.0,171.6,73.6,85.9,21.8,28.0,58,7.3,68,22,391.3,-5.0,40.3,17.3,11.7,76,HIGH
180.9,59.6,63.3,13.6,22.9,3.8,43,4.2,7,11,166.0,-30.1,32.9,35.0,14.8,33,MODERATE
583.9,141.7,89.3,133.4,6.8,7.7,65,9.0,156,10,563.9,-11.3,24.3,15.3,2.5,83,CRITICAL
304.6,116.1,74.5,60.2,7.5,22.9,66,4.6,33,5,318.4,5.5,38.1,24.5,10.0,63,HIGH
348.5,175.9,64.4,61.4,33.3,12.7,81,4.3,87,25,285.3,-9.5,50.5,18.5,13.2,63,HIGH
210.1,75.8,19.8,32.6,35.3,53.4,59,3.6,28,13,203.3,30.2,36.1,9.4,42.2,47,MODERATE
361.2,167.0,115.2,35.9,24.1,11.5,74,4.9,73,10,345.4,-1.8,46.2,31.9,9.9,79,HIGH
396.9,136.9,18.8,157.3,16.1,31.1,89,4.5,83,18,389.5,24.3,34.5,4.7,11.9,69,HIGH
388.2,128.8,54.6,43.1,21.1,10.8,82,4.7,71,14,326.5,36.7,33.2,14.1,8.2,64,HIGH
287.3,116.5,26.3,66.8,14.8,13.2,95,3.0,41,18,287.1,25.4,40.6,9.1,9.7,65,HIGH
430.0,253.3,206.0,104.9,0.0,12.1,132,3.3,143,56,393.0,47.8,58.9,47.9,2.8,95,CRITICAL
374.2,132.9,70.0,93.8,21.8,34.0,64,5.8,54,26,331.3,-9.8,35.5,18.7,14.9,73,HIGH
70.9,14.9,21.3,21.0,14.8,32.0,22,3.2,4,10,71.5,-6.8,21.0,30.0,65.9,6,LOW
106.0,18.7,4.5,30.2,23.4,14.1,20,5.3,10,18,97.2,13.8,17.7,4.2,35.4,21,LOW
83.9,33.5,25.2,13.7,18.7,16.6,9,9.3,1,0,79.4,-0.4,40.0,30.0,42.1,14,LOW
326.4,156.0,55.9,51.2,14.2,32.3,65,5.0,38,5,351.1,66.5,47.8,17.1,14.3,67,HIGH
312.0,134.4,15.0,60.7,17.6,5.1,52,6.0,60,23,315.7,-1.6,43.1,4.8,7.3,78,HIGH
430.0,239.5,150.9,115.3,14.0,4.9,66,6.5,125,41,395.7,-5.1,55.7,35.1,4.4,82,CRITICAL
578.6,249.3,169.6,129.2,22.1,15.2,116,5.0,152,64,580.7,54.9,43.1,29.3,6.5,82,CRITICAL
89.9,1.2,12.3,19.9,48.8,31.5,15,6.0,10,3,91.1,1.5,1.4,13.7,89.3,24,LOW
360.9,188.6,96.0,77.9,23.6,21.3,45,8.0,61,22,319.3,28.1,52.3,26.6,12.5,68,HIGH
235.1,84.9,43.3,37.1,43.5,15.0,63,3.7,20,0,259.2,-16.5,36.1,18.4,24.8,32,MODERATE
334.6,182.5,80.8,84.5,12.5,2.4,60,5.6,70,15,359.4,24.4,54.6,24.2,4.4,66,HIGH
222.7,60.7,68.6,13.7,0.0,14.0,50,4.5,9,4,242.0,22.1,27.2,30.8,6.3,55,MODERATE
539.4,183.8,56.8,172.6,17.0,10.3,73,7.4,187,46,535.4,20.4,34.1,10.5,5.1,81,CRITICAL
185.3,35.7,52.3,45.8,43.6,19.2,39,4.8,30,17,207.6,19.4,19.3,28.2,33.9,40,MODERATE
251.4,76.2,49.9,69.5,37.9,38.9,23,10.9,24,10,235.9,35.2,30.3,19.8,30.6,54,MODERATE
342.1,154.0,54.9,85.6,23.8,37.0,62,5.5,61,22,328.6,39.2,45.0,16.0,17.8,64,HIGH
290.5,156.4,116.2,95.4,28.1,9.0,94,3.1,92,11,286.7,7.6,53.9,40.0,12.8,72,HIGH
278.9,144.0,83.9,98.4,23.8,35.6,68,4.1,91,13,279.0,19.3,51.6,30.1,21.3,66,HIGH
286.5,171.9,54.0,56.5,22.9,23.5,78,3.7,100,35,260.1,0.2,60.0,18.9,16.2,77,HIGH
334.1,119.2,80.0,77.4,36.7,40.0,49,6.8,67,21,297.8,17.7,35.7,23.9,23.0,66,HIGH
126.5,32.7,1.8,16.3,43.0,27.2,16,7.9,5,1,119.1,-35.0,25.8,1.5,55.5,20,LOW
121.2,20.1,11.9,21.8,5.0,36.2,23,5.3,5,0,120.6,21.0,16.6,9.8,34.0,15,LOW
275.0,133.0,28.5,51.0,18.3,21.5,71,3.9,86,26,287.9,30.6,48.4,10.4,14.5,71,HIGH
319.1,189.3,119.0,44.4,7.5,18.4,82,3.9,42,22,341.5,5.0,59.3,37.3,8.1,79,HIGH
343.8,158.8,82.7,73.0,41.1,18.7,83,4.1,80,7,322.9,14.3,46.2,24.0,17.4,73,HIGH
69.0,27.6,8.5,27.6,22.5,26.6,12,5.8,9,5,69.0,4.4,40.0,12.3,71.2,20,LOW
191.8,59.8,51.6,66.4,12.8,2.0,33,5.8,34,21,203.7,-11.6,31.2,26.9,7.7,46,MODERATE
390.5,163.9,95.6,49.9,22.6,3.9,93,4.2,30,16,390.5,-2.5,42.0,24.5,6.8,72,HIGH
99.9,39.9,13.3,6.3,18.0,5.3,18,5.5,20,5,102.4,-10.2,40.0,13.3,23.3,18,LOW
126.4,18.6,4.7,14.5,23.6,15.3,18,7.0,1,6,138.3,-2.1,14.7,3.7,30.8,27,LOW
503.3,199.6,128.8,108.6,14.9,8.7,90,5.6,179,30,471.8,43.6,39.7,25.6,4.7,89,CRITICAL
339.3,108.4,34.6,20.0,14.5,14.2,79,4.3,65,15,343.3,15.4,32.0,10.2,8.4,67,HIGH
377.7,110.7,64.6,102.3,2.1,21.3,45,8.4,46,14,367.6,29.3,29.3,17.1,6.2,63,HIGH
243.1,64.4,40.2,51.6,0.0,1.2,34,7.1,15,2,275.1,18.5,26.5,16.5,0.5,32,MODERATE
401.4,143.8,76.2,65.9,10.2,8.5,80,5.0,69,38,414.7,39.4,35.8,19.0,4.7,66,HIGH
426.9,154.1,15.0,103.6,17.2,18.7,76,5.6,30,20,425.3,9.0,36.1,3.5,8.4,75,HIGH
120.0,19.8,19.0,19.7,11.4,23.9,10,12.0,5,10,109.6,3.4,16.5,15.9,29.5,10,LOW
440.1,229.3,84.0,135.5,14.4,3.9,112,3.9,147,42,453.5,17.8,52.1,19.1,4.2,96,CRITICAL
373.5,146.7,85.9,71.2,22.6,23.7,62,6.0,40,22,393.8,44.2,39.3,23.0,12.4,76,HIGH
376.1,186.1,27.9,42.2,23.3,40.0,86,4.4,60,5,319.0,19.8,49.5,7.4,16.8,76,HIGH
241.2,72.9,32.8,63.6,15.6,21.6,39,6.2,7,8,236.1,-32.3,30.2,13.6,15.4,50,MODERATE
104.0,31.5,5.0,9.7,6.9,9.4,5,20.8,3,7,107.6,-17.0,30.3,4.8,15.7,9,LOW
100.5,37.4,30.2,8.6,41.2,19.0,18,5.6,0,0,98.4,-5.6,37.2,30.0,59.8,14,LOW
263.0,60.1,32.8,69.2,28.6,47.4,48,5.5,0,21,251.7,21.4,22.8,12.5,28.9,47,MODERATE
211.9,75.5,13.2,53.2,23.4,28.0,53,4.0,7,9,233.0,2.9,35.6,6.2,24.3,40,MODERATE
381.7,135.9,99.7,113.6,27.7,9.9,49,7.8,36,31,321.4,15.0,35.6,26.1,9.8,62,HIGH
591.9,220.5,111.2,85.0,11.0,1.1,82,7.2,151,25,531.4,50.9,37.3,18.8,2.0,89,CRITICAL
184.3,45.9,30.2,35.2,17.9,52.5,65,2.8,17,12,162.2,1.6,24.9,16.4,38.2,35,MODERATE
561.7,203.6,110.9,118.7,0.0,0.7,94,6.0,118,39,556.1,39.6,36.2,19.7,0.1,86,CRITICAL
320.1,109.6,107.6,49.2,28.0,11.2,48,6.7,77,13,335.0,27.4,34.2,33.6,12.2,76,HIGH
85.5,34.2,10.2,11.5,14.5,15.2,11,7.8,9,2,87.0,13.6,40.0,11.9,34.8,23,LOW
353.9,202.9,80.7,72.0,21.8,5.8,72,4.9,30,11,353.3,20.4,57.3,22.8,7.8,73,HIGH
552.0,214.2,106.7,77.8,28.8,17.6,99,5.6,201,40,559.9,17.2,38.8,19.3,8.4,96,CRITICAL
177.4,51.3,22.3,39.8,7.7,26.3,56,3.2,23,24,179.5,29.0,28.9,12.6,19.2,57,MODERATE
270.0,37.7,38.3,10.0,0.0,26.5,44,6.1,37,15,298.0,2.3,14.0,14.2,9.8,59,MODERATE
206.1,65.3,18.8,57.6,24.4,12.4,37,5.6,24,12,219.7,12.6,31.7,9.1,17.9,50,MODERATE
193.0,81.2,23.2,63.3,48.3,0.0,55,3.5,45,14,187.4,15.8,42.1,12.0,25.0,56,MODERATE
101.8,0.1,14.1,20.2,36.9,31.7,15,6.8,7,4,111.1,-9.2,0.1,13.8,67.4,9,LOW
374.5,122.1,93.2,70.3,8.8,18.6,45,8.3,53,23,354.0,-21.0,32.6,24.9,7.3,70,HIGH
313.2,160.1,86.2,78.6,13.2,23.9,65,4.8,41,30,272.4,25.8,51.1,27.5,11.9,70,HIGH
226.8,54.1,34.8,73.1,58.6,28.9,20,11.3,25,19,239.5,9.0,23.9,15.3,38.6,56,MODERATE
92.3,11.8,11.4,0.0,19.7,18.9,21,4.4,10,10,101.2,4.4,12.8,12.3,41.8,12,LOW
144.4,29.5,13.1,32.4,46.8,14.2,14,10.3,11,5,130.8,10.0,20.5,9.1,42.3,28,LOW
317.5,170.8,91.1,78.4,7.2,12.7,67,4.7,78,5,338.9,5.6,53.8,28.7,6.3,77,HIGH
216.4,69.8,29.5,26.8,48.6,44.7,31,7.0,20,10,242.2,4.4,32.3,13.6,43.1,46,MODERATE
80.3,32.1,18.6,11.7,38.5,23.7,26,3.1,1,8,75.1,9.0,40.0,23.1,77.5,29,LOW
305.7,183.4,67.4,93.1,41.9,10.8,65,4.7,96,26,274.0,2.6,60.0,22.1,17.2,65,HIGH
207.1,56.4,39.7,36.7,46.9,10.4,39,5.3,5,9,223.8,-25.2,27.2,19.2,27.7,53,MODERATE
195.9,71.4,2.2,40.4,64.8,8.7,57,3.4,22,7,213.1,-18.8,36.5,1.1,37.5,46,MODERATE
98.1,26.7,14.2,21.9,29.6,16.8,21,4.7,3,1,104.2,-6.6,27.2,14.4,47.3,8,LOW
323.8,145.6,81.6,20.0,20.2,10.5,89,3.6,110,16,259.3,-19.9,45.0,25.2,9.5,68,HIGH
203.2,78.0,26.8,79.4,10.7,43.8,32,6.4,0,13,194.0,0.4,38.4,13.2,26.8,43,MODERATE
172.0,86.0,0.0,61.7,44.0,18.5,57,3.0,21,12,172.5,11.1,50.0,0.0,36.4,46,MODERATE
189.0,41.0,23.6,12.7,40.2,30.9,48,3.9,10,2,163.2,6.0,21.7,12.5,37.6,51,MODERATE
204.8,42.4,33.8,10.0,35.1,31.8,62,3.3,19,15,188.6,-10.5,20.7,16.5,32.6,44,MODERATE
99.6,23.7,24.8,2.6,36.8,18.1,9,11.1,2,1,109.0,1.8,23.8,24.9,55.1,29,LOW
300.3,108.3,74.0,20.0,12.9,32.1,82,3.7,54,15,268.6,30.5,36.1,24.7,15.0,76,HIGH
516.1,201.7,80.5,126.3,8.2,18.3,113,4.6,144,29,472.4,-22.7,39.1,15.6,5.1,84,CRITICAL
166.9,76.0,13.3,21.9,47.9,7.1,20,8.3,29,9,181.2,1.1,45.5,8.0,32.9,35,MODERATE
75.2,7.8,13.1,20.7,5.0,18.8,20,3.8,8,1,80.8,2.6,10.4,17.4,31.6,28,LOW
227.9,65.7,71.4,40.7,40.4,25.2,25,9.1,15,19,227.8,-2.8,28.8,31.3,28.8,41,MODERATE
335.9,147.1,31.0,68.5,16.3,7.6,66,5.1,54,24,276.7,-1.5,43.8,9.2,7.1,71,HIGH
559.8,171.3,41.0,122.0,3.9,8.2,104,5.4,75,41,483.1,-1.2,30.6,7.3,2.2,89,CRITICAL
330.0,138.7,90.8,60.0,4.0,23.6,71,4.6,71,26,325.3,28.0,42.0,27.5,8.4,71,HIGH
338.3,175.0,58.9,85.6,13.8,13.1,45,7.5,75,23,280.9,27.4,51.7,17.4,7.9,73,HIGH
372.4,127.3,84.3,102.2,21.8,6.0,54,6.9,50,5,313.6,42.8,34.2,22.6,7.5,71,HIGH
128.5,33.8,7.8,9.2,18.9,14.8,26,4.9,5,0,128.4,30.7,26.3,6.0,26.3,23,LOW
250.4,72.5,8.4,10.0,19.2,15.6,53,4.7,21,21,266.0,-18.8,28.9,3.3,13.9,53,MODERATE
103.1,23.4,16.0,27.1,12.7,45.1,11,9.4,5,0,108.3,7.5,22.7,15.5,56.1,7,LOW
64.1,25.2,2.4,25.7,39.8,26.1,18,3.6,12,8,70.1,6.5,39.2,3.7,102.8,27,LOW
372.9,116.7,22.7,78.8,0.0,6.5,94,4.0,93,24,347.6,24.8,31.3,6.1,1.7,68,HIGH
460.8,269.5,140.0,81.7,27.1,1.5,117,3.9,178,33,433.0,8.8,58.5,30.4,6.2,82,CRITICAL
88.1,7.7,21.9,25.8,20.1,39.4,15,5.9,12,0,88.4,-4.5,8.7,24.8,67.6,27,LOW
193.7,67.8,40.3,33.2,51.8,8.2,45,4.3,24,11,207.2,-18.3,35.0,20.8,31.0,53,MODERATE
205.5,42.7,58.4,34.4,19.6,0.0,48,4.3,2,5,189.2,15.6,20.8,28.4,9.6,54,MODERATE
380.4,85.1,68.1,38.5,12.3,0.0,88,4.3,57,11,338.2,25.2,22.4,17.9,3.2,67,HIGH
238.0,37.4,66.5,13.8,13.0,21.1,65,3.7,18,11,214.1,30.8,15.7,27.9,14.3,43,MODERATE
208.9,81.4,34.4,39.3,37.9,34.1,22,9.5,23,30,240.2,-19.0,39.0,16.4,34.5,50,MODERATE
104.7,38.1,31.4,32.3,28.7,32.5,21,5.0,7,5,103.5,-9.8,36.4,30.0,58.5,10,LOW
86.7,28.2,16.4,21.8,15.4,44.4,22,3.9,8,3,80.3,8.9,32.5,18.9,69.0,16,LOW
126.4,29.9,12.7,9.3,37.0,5.0,25,5.1,3,0,134.9,7.7,23.6,10.0,33.2,15,LOW
324.4,148.0,18.8,109.6,0.0,1.6,83,3.9,103,17,320.0,17.0,45.6,5.8,0.5,77,HIGH
209.5,59.6,8.2,37.0,28.5,15.6,50,4.2,33,11,240.4,9.1,28.4,3.9,21.0,39,MODERATE
256.3,40.4,35.2,55.5,5.8,11.2,40,6.4,11,5,240.6,-1.3,15.8,13.7,6.6,56,MODERATE
113.9,22.0,0.0,23.6,25.0,21.7,20,5.7,8,0,120.2,8.2,19.3,0.0,40.9,11,LOW
102.9,9.8,30.9,27.3,18.7,25.2,34,3.0,4,4,96.6,-10.7,9.5,30.0,42.7,10,LOW
533.8,275.0,167.4,112.3,13.7,9.5,98,5.4,96,18,497.3,44.7,51.5,31.4,4.3,88,CRITICAL
211.6,49.1,11.3,62.3,39.0,40.9,30,7.1,44,0,227.2,17.8,23.2,5.3,37.8,33,MODERATE
88.3,11.7,26.5,20.7,25.2,19.7,21,4.2,1,4,82.8,-0.4,13.3,30.0,50.9,19,LOW
43.2,15.7,13.0,16.5,9.5,5.7,35,1.2,0,14,43.3,-1.4,36.3,30.0,35.4,26,LOW
185.2,80.2,31.0,43.4,34.2,29.0,24,7.7,37,12,197.8,1.4,43.3,16.7,34.1,57,MODERATE
294.4,84.6,103.9,72.1,16.8,16.1,50,5.9,73,18,254.9,1.3,28.7,35.3,11.2,68,HIGH
109.2,38.0,18.3,0.0,17.5,34.4,13,8.4,12,3,100.3,-12.5,34.8,16.8,47.5,15,LOW
199.2,27.1,69.7,42.0,45.6,6.4,53,3.8,44,11,190.7,-13.2,13.6,35.0,26.1,45,MODERATE
188.4,53.9,22.2,66.8,22.6,31.9,65,2.9,21,20,212.4,35.1,28.6,11.8,28.9,38,MODERATE
430.0,301.0,109.5,131.6,0.0,15.9,102,4.2,164,49,404.6,61.4,70.0,25.5,3.7,82,CRITICAL
454.8,267.6,90.1,110.0,15.8,7.1,89,5.1,107,10,459.8,47.1,58.8,19.8,5.0,88,CRITICAL
417.0,112.1,33.7,55.1,11.6,23.3,61,6.8,34,28,375.9,-20.7,26.9,8.1,8.4,69,HIGH
227.6,50.9,35.6,27.1,27.3,16.7,56,4.1,45,0,209.0,-29.6,22.3,15.6,19.3,44,MODERATE
532.1,199.9,40.0,167.4,2.2,5.6,94,5.7,123,45,558.1,28.1,37.6,7.5,1.5,81,CRITICAL
227.8,70.2,31.5,70.6,9.2,16.0,31,7.3,18,12,202.4,12.7,30.8,13.8,11.1,41,MODERATE
266.6,45.7,39.3,19.5,30.2,30.8,40,6.7,30,12,248.6,-4.4,17.1,14.7,22.9,32,MODERATE
374.2,151.1,78.4,72.4,22.7,28.0,49,7.6,35,24,344.5,49.7,40.4,20.9,13.5,73,HIGH
190.0,53.3,66.5,49.5,0.2,17.2,43,4.4,44,20,206.0,-11.6,28.1,35.0,9.2,58,MODERATE
357.1,147.9,67.2,68.7,0.0,30.6,67,5.3,36,24,373.6,-0.8,41.4,18.8,8.6,74,HIGH
531.9,255.2,60.8,79.5,19.2,9.5,95,5.6,132,53,482.3,46.1,48.0,11.4,5.4,88,CRITICAL
357.1,155.7,71.6,77.8,16.3,32.2,79,4.5,65,15,367.3,15.4,43.6,20.1,13.6,72,HIGH
336.7,171.2,48.2,51.2,0.0,21.4,71,4.7,80,22,358.5,62.6,50.8,14.3,6.3,72,HIGH
345.1,137.8,102.2,86.4,16.7,35.2,63,5.5,76,18,369.2,53.9,39.9,29.6,15.0,76,HIGH
245.9,73.6,34.2,36.2,34.2,48.7,44,5.6,45,4,220.8,4.6,29.9,13.9,33.7,42,MODERATE
331.8,158.9,50.9,95.1,28.5,18.0,45,7.4,99,17,301.7,77.6,47.9,15.3,14.0,78,HIGH
148.0,36.7,0.0,13.2,5.0,8.6,5,29.6,3,4,137.4,-19.5,24.8,0.0,9.2,9,LOW
489.9,179.4,92.1,173.2,3.8,11.7,113,4.3,87,20,474.6,54.7,36.6,18.8,3.2,82,CRITICAL
225.7,56.0,19.1,33.2,53.2,15.6,43,5.2,12,18,237.3,-4.7,24.8,8.5,30.5,59,MODERATE
134.7,9.4,13.2,3.2,45.7,25.2,24,5.6,4,0,142.2,-6.8,7.0,9.8,52.6,17,LOW
207.5,78.7,14.7,77.1,16.8,0.0,42,4.9,42,16,177.7,18.5,37.9,7.1,8.1,49,MODERATE
339.0,126.7,37.9,93.3,15.9,24.2,51,6.6,51,17,301.2,15.2,37.4,11.2,11.8,77,HIGH
363.2,168.0,56.2,133.1,0.0,18.6,64,5.7,53,13,300.2,17.8,46.3,15.5,5.1,66,HIGH
53.1,3.8,15.9,21.3,35.0,28.1,34,1.6,2,0,54.9,-7.1,7.2,30.0,118.7,29,LOW
104.4,23.4,0.0,28.8,41.2,5.0,16,6.5,20,0,97.4,-26.4,22.4,0.0,44.2,24,LOW
511.5,209.5,68.3,58.0,21.7,3.8,79,6.5,110,28,444.6,69.0,41.0,13.4,5.0,95,CRITICAL
219.3,77.9,42.9,39.7,49.4,20.6,54,4.1,17,4,229.2,11.6,35.5,19.6,31.9,37,MODERATE
385.1,142.0,118.1,85.4,14.1,18.9,49,7.9,58,24,374.3,31.5,36.9,30.7,8.6,70,HIGH
248.2,69.3,50.4,45.2,45.8,31.0,42,5.9,21,4,225.1,14.1,27.9,20.3,30.9,57,MODERATE
230.1,56.6,33.7,34.8,26.8,10.5,46,5.0,34,5,260.7,28.1,24.6,14.7,16.2,51,MODERATE
249.5,61.4,35.9,39.4,25.9,30.6,48,5.2,14,5,240.4,-6.0,24.6,14.4,22.6,42,MODERATE
546.2,187.0,100.6,200.4,11.3,10.4,85,6.4,114,53,539.9,30.8,34.2,18.4,4.0,81,CRITICAL
250.8,37.7,62.2,52.6,32.4,49.2,58,4.3,29,15,239.8,16.1,15.0,24.8,32.6,59,MODERATE
110.9,38.3,19.1,17.1,35.1,42.8,18,6.2,3,0,119.0,-26.1,34.6,17.2,70.3,29,LOW
487.9,265.5,133.0,101.8,3.0,0.0,109,4.5,166,10,508.0,18.7,54.4,27.3,0.6,84,CRITICAL
82.1,32.9,24.6,32.9,12.8,6.2,23,3.6,1,8,82.7,-10.4,40.0,30.0,23.0,26,LOW
76.0,27.8,1.7,12.1,5.0,31.0,17,4.5,11,0,70.0,-1.0,36.6,2.3,47.4,28,LOW
67.3,10.6,20.2,26.9,23.9,32.0,22,3.1,7,1,68.2,-0.4,15.8,30.0,83.1,18,LOW
153.2,61.8,40.9,61.3,0.0,8.1,35,4.4,21,10,136.8,2.8,40.3,26.7,5.3,50,MODERATE
69.8,27.0,0.0,25.8,34.9,29.0,16,4.4,0,6,63.1,17.1,38.7,0.0,91.5,29,LOW
98.7,22.9,15.9,19.8,63.8,5.0,5,19.7,0,6,106.5,-4.5,23.2,16.1,69.6,24,LOW
199.2,67.4,36.6,30.4,33.7,6.4,30,6.6,29,3,205.9,14.7,33.9,18.4,20.1,43,MODERATE
100.6,10.6,25.8,22.5,28.0,19.9,15,6.7,20,6,98.7,5.7,10.6,25.7,47.6,12,LOW
116.9,23.1,24.4,17.3,36.3,19.2,35,3.3,2,12,105.3,11.1,19.8,20.9,47.5,9,LOW
102.2,28.1,13.7,29.7,36.9,5.0,30,3.4,6,0,106.1,-13.1,27.5,13.4,41.0,15,LOW
167.3,25.6,39.1,54.9,19.2,16.3,32,5.2,11,17,148.1,-16.2,15.3,23.3,21.2,42,MODERATE
97.4,21.0,16.4,26.2,31.4,20.5,31,3.1,1,7,106.8,8.7,21.5,16.8,53.2,8,LOW
95.8,33.3,25.9,28.3,29.1,8.0,19,5.0,0,2,89.7,-11.8,34.7,27.0,38.8,20,LOW
348.6,126.0,17.0,43.3,39.7,20.5,71,4.9,59,19,340.4,8.5,36.1,4.9,17.2,79,HIGH
205.4,73.3,44.4,82.2,37.0,42.3,42,4.9,42,30,236.0,14.6,35.7,21.6,38.6,40,MODERATE
187.6,48.1,57.3,35.7,11.1,17.7,38,4.9,40,19,167.1,25.7,25.6,30.5,15.3,36,MODERATE
376.1,145.2,38.6,123.4,21.4,10.9,47,8.0,39,16,385.7,60.4,38.6,10.3,8.6,69,HIGH
230.6,33.5,18.9,76.7,0.0,22.9,56,4.1,20,8,233.5,7.3,14.5,8.2,9.9,32,MODERATE
433.2,284.5,104.4,178.1,2.8,0.0,97,4.5,145,41,417.2,-0.4,65.7,24.1,0.6,85,CRITICAL
381.4,128.8,53.9,75.7,30.5,4.3,75,5.1,55,16,409.9,62.0,33.8,14.1,9.1,69,HIGH
219.3,67.7,14.7,20.1,28.8,26.2,42,5.2,30,10,233.5,15.1,30.9,6.7,25.1,45,MODERATE
385.0,142.6,53.8,75.8,16.8,3.1,52,7.4,79,16,410.2,18.6,37.0,14.0,5.2,76,HIGH
248.6,62.5,14.1,41.8,23.0,46.4,56,4.4,23,1,284.8,-17.1,25.1,5.7,27.9,46,MODERATE
231.4,27.8,22.3,41.6,12.4,0.0,38,6.1,30,22,249.4,-4.9,12.0,9.6,5.4,54,MODERATE
224.8,55.6,23.9,10.0,39.0,44.5,31,7.3,3,18,213.5,-24.6,24.7,10.6,37.1,52,MODERATE
159.5,50.8,49.7,63.8,10.9,35.7,20,8.0,20,20,179.5,-4.9,31.9,31.2,29.2,57,MODERATE
99.0,38.9,8.9,7.9,28.8,5.0,17,5.8,1,6,98.0,19.1,39.3,9.0,34.2,16,LOW
493.6,296.1,92.7,70.5,6.2,5.8,108,4.6,111,38,432.8,8.2,60.0,18.8,2.5,87,CRITICAL
344.1,159.5,102.6,101.8,14.7,16.7,81,4.2,83,19,358.1,16.8,46.4,29.8,9.1,72,HIGH
301.8,138.9,77.7,55.6,7.8,15.9,52,5.8,77,5,325.8,20.0,46.0,25.7,7.9,66,HIGH
357.4,183.2,51.7,123.6,32.5,32.7,68,5.3,39,24,365.1,-19.3,51.3,14.5,18.2,63,HIGH
58.1,23.3,10.5,13.1,41.4,42.9,15,3.9,3,6,58.0,-0.3,40.0,18.0,144.9,29,LOW
208.2,69.8,42.2,48.6,26.5,24.1,35,5.9,25,10,195.8,8.3,33.5,20.3,24.3,53,MODERATE
112.9,45.2,33.9,11.8,49.4,24.6,23,4.9,0,0,110.9,9.9,40.0,30.0,65.5,29,LOW
335.1,160.9,85.4,92.7,24.8,23.8,68,4.9,44,5,351.9,6.0,48.0,25.5,14.5,70,HIGH
339.3,173.2,87.6,67.7,40.5,11.3,88,3.9,88,37,336.2,21.8,51.1,25.8,15.3,70,HIGH
514.6,169.2,190.2,137.3,9.3,14.3,83,6.2,84,30,518.1,31.2,32.9,37.0,4.6,81,CRITICAL
92.6,28.1,20.4,5.0,46.5,5.0,14,6.6,6,4,93.8,-22.3,30.4,22.0,55.6,17,LOW
315.3,149.4,94.2,20.0,4.7,14.6,68,4.6,63,28,276.4,28.5,47.4,29.9,6.1,73,HIGH
314.0,127.4,30.2,63.1,11.4,21.8,76,4.1,70,17,275.0,12.2,40.6,9.6,10.6,66,HIGH
169.3,57.6,59.2,28.0,26.9,17.0,35,4.8,24,23,183.9,13.2,34.0,35.0,25.9,32,MODERATE
218.5,72.5,39.9,44.0,52.7,5.3,54,4.0,31,17,204.8,25.1,33.2,18.3,26.5,45,MODERATE
330.3,176.0,45.9,21.0,33.1,13.6,51,6.5,49,37,268.5,3.5,53.3,13.9,14.1,68,HIGH
185.9,93.0,30.4,10.0,48.2,20.4,20,9.3,18,16,181.5,12.3,50.0,16.4,36.9,50,MODERATE
558.1,309.8,73.2,175.1,0.0,14.9,92,6.1,179,25,505.8,20.3,55.5,13.1,2.7,89,CRITICAL
114.6,30.1,5.3,19.4,24.9,6.1,32,3.6,4,9,103.4,2.5,26.3,4.6,27.1,7,LOW
237.7,54.0,3.2,56.7,15.9,4.2,26,9.1,29,13,267.7,19.1,22.7,1.3,8.4,33,MODERATE
536.9,200.3,109.3,192.6,24.3,5.6,94,5.7,103,10,520.8,53.9,37.3,20.4,5.6,91,CRITICAL
162.2,74.0,4.2,35.7,24.5,13.4,37,4.4,34,6,158.6,14.8,45.6,2.6,23.4,35,MODERATE
79.8,23.3,0.0,31.9,5.0,24.5,21,3.8,12,1,72.3,8.6,29.2,0.0,36.9,14,LOW
98.9,19.5,5.3,16.3,23.3,32.8,22,4.5,2,8,96.4,16.5,19.7,5.4,56.8,8,LOW
174.6,63.7,61.1,36.6,11.4,22.7,33,5.3,5,13,180.2,-7.8,36.5,35.0,19.6,33,MODERATE
50.5,20.2,15.2,19.3,29.2,6.5,39,1.3,0,5,54.3,1.3,40.0,30.0,70.6,22,LOW
376.6,162.4,63.4,102.9,24.1,8.4,53,7.1,67,29,398.4,54.1,43.1,16.8,8.6,63,HIGH
150.0,60.2,34.3,60.0,30.7,0.3,47,3.2,12,2,170.5,-10.0,40.1,22.9,20.7,53,MODERATE
164.0,30.2,47.1,10.0,15.3,0.0,36,4.6,27,12,154.4,48.1,18.4,28.7,9.4,52,MODERATE
466.0,319.5,108.5,171.5,0.0,3.0,111,4.2,117,16,484.8,-18.0,68.6,23.3,0.6,95,CRITICAL
319.5,144.2,60.7,74.9,20.0,24.1,70,4.6,89,22,351.2,-0.3,45.1,19.0,13.8,62,HIGH
201.3,99.2,42.7,80.5,49.0,50.5,29,6.9,29,8,198.1,-24.9,49.3,21.2,49.5,53,MODERATE
239.8,66.3,26.6,41.4,3.8,22.3,50,4.8,26,24,264.5,0.3,27.7,11.1,10.9,51,MODERATE
107.7,43.1,3.7,30.0,25.5,23.0,19,5.7,9,5,105.1,-1.2,40.0,3.4,45.0,26,LOW
430.0,157.9,185.1,133.1,5.8,0.0,96,4.5,159,65,458.9,75.3,36.7,43.1,1.3,96,CRITICAL
200.9,77.4,0.0,45.1,23.1,9.1,35,5.7,15,11,218.8,-19.6,38.5,0.0,16.0,47,MODERATE
51.3,20.5,15.4,20.5,27.1,13.5,16,3.2,1,4,46.3,7.4,40.0,30.0,79.0,16,LOW
453.7,267.3,121.6,145.4,0.7,0.0,81,5.6,139,59,393.6,2.3,58.9,26.8,0.1,88,CRITICAL
265.9,67.5,54.8,38.0,47.8,40.9,54,4.9,23,6,288.0,-20.1,25.4,20.6,33.4,45,MODERATE
184.4,70.9,47.9,63.2,15.6,31.5,33,5.6,4,4,201.3,-8.5,38.5,26.0,25.5,49,MODERATE
167.5,76.6,6.7,48.0,23.3,43.3,37,4.5,35,7,164.5,23.0,45.8,4.0,39.7,49,MODERATE
77.4,31.0,16.8,9.5,16.2,35.7,27,2.9,5,0,84.5,-9.9,40.0,21.7,67.1,28,LOW
91.5,20.5,27.5,30.9,31.2,17.2,16,5.7,1,4,92.1,-18.8,22.4,30.0,52.9,8,LOW
112.9,23.5,22.4,14.6,36.7,32.5,17,6.6,1,6,122.7,-14.9,20.8,19.9,61.3,22,LOW
204.6,50.7,28.5,81.8,16.3,20.8,37,5.5,19,9,210.4,10.0,24.8,13.9,18.1,41,MODERATE
253.7,108.3,36.1,56.0,23.1,38.2,27,9.4,0,5,261.2,-21.2,42.7,14.2,24.2,48,MODERATE
306.8,159.6,64.1,78.1,15.3,13.8,70,4.4,44,9,259.5,10.1,52.0,20.9,9.5,68,HIGH
77.2,30.9,23.2,30.9,6.3,5.0,25,3.1,0,6,71.1,7.8,40.0,30.0,14.7,15,LOW
480.7,217.1,95.3,121.0,0.0,6.6,127,3.8,86,13,527.7,-3.2,45.2,19.8,1.4,93,CRITICAL
78.0,31.2,23.4,31.2,12.2,25.7,25,3.1,1,2,71.3,-9.3,40.0,30.0,48.6,28,LOW
223.9,63.3,65.3,69.7,44.4,36.4,26,8.6,29,15,240.2,15.9,28.3,29.2,36.1,59,MODERATE
394.8,175.7,96.1,22.7,38.1,10.3,60,6.6,50,29,383.7,14.0,44.5,24.3,12.3,79,HIGH
115.4,30.1,23.1,21.4,28.4,17.0,9,12.8,0,12,112.8,-7.9,26.0,20.0,39.4,13,LOW
91.0,21.4,15.0,11.8,24.3,35.3,26,3.5,4,4,87.1,4.8,23.5,16.4,65.4,26,LOW
198.3,47.2,25.7,40.6,40.8,18.9,32,6.2,17,5,226.3,-11.8,23.8,13.0,30.1,37,MODERATE
81.5,15.4,11.0,14.6,34.2,5.0,11,7.4,7,6,86.1,-9.4,18.9,13.5,48.1,28,LOW
185.1,76.8,28.1,40.9,49.1,44.4,38,4.9,14,5,161.7,17.5,41.5,15.2,50.5,39,MODERATE
382.9,129.3,45.7,100.5,24.4,6.1,55,7.0,96,10,363.4,38.6,33.8,11.9,8.0,62,HIGH
323.7,194.2,77.4,135.4,22.2,15.5,88,3.7,71,21,333.4,-8.4,60.0,23.9,11.7,79,HIGH
82.4,28.2,17.9,17.2,13.2,11.7,12,6.9,0,0,81.7,8.2,34.2,21.8,30.3,21,LOW
266.7,65.2,42.7,25.4,62.0,20.0,38,7.0,17,6,244.8,-8.1,24.5,16.0,30.7,43,MODERATE
214.7,66.4,25.2,61.5,2.1,17.0,36,6.0,2,23,234.9,-19.5,30.9,11.7,8.9,40,MODERATE
494.4,198.8,40.0,122.9,13.0,6.2,82,6.0,168,40,420.7,60.8,40.2,8.1,3.9,87,CRITICAL
309.0,158.9,15.0,87.4,3.1,17.0,50,6.2,65,25,254.5,51.1,51.4,4.9,6.5,78,HIGH
85.7,8.8,7.9,26.3,29.8,22.0,12,7.1,3,4,83.1,17.1,10.3,9.2,60.5,22,LOW
74.5,19.9,12.4,17.7,41.8,35.3,18,4.1,4,10,81.6,10.9,26.7,16.7,103.5,7,LOW
197.5,92.4,36.3,79.0,41.1,15.3,42,4.7,11,6,209.7,85.6,46.8,18.4,28.6,52,MODERATE
150.0,66.5,51.1,34.6,45.3,25.9,40,3.8,31,7,149.1,-0.2,44.3,34.1,47.5,58,MODERATE
250.1,49.5,22.5,41.8,56.8,22.5,26,9.6,15,18,281.8,17.4,19.8,9.0,31.7,42,MODERATE
458.0,297.6,54.6,147.2,2.9,1.3,85,5.4,146,12,421.9,35.2,65.0,11.9,0.9,85,CRITICAL
59.8,23.9,17.9,12.1,11.0,18.6,33,1.8,1,4,59.5,6.6,40.0,30.0,49.5,27,LOW
233.5,65.6,19.2,29.0,53.0,46.5,43,5.4,15,22,255.1,-7.5,28.1,8.2,42.6,47,MODERATE
79.8,19.0,23.9,26.5,12.4,13.2,16,5.0,2,13,82.2,-3.9,23.8,30.0,32.1,20,LOW
356.1,145.5,83.5,49.7,27.2,0.4,48,7.4,101,7,352.3,-25.1,40.8,23.4,7.7,69,HIGH
324.2,110.5,89.8,27.0,23.6,26.4,76,4.3,57,7,294.5,30.9,34.1,27.7,15.4,76,HIGH
226.4,57.8,8.9,41.0,26.5,40.7,45,5.0,41,21,232.1,-3.2,25.5,3.9,29.7,42,MODERATE
105.5,40.7,21.1,0.0,44.6,21.6,19,5.6,7,6,97.1,-7.1,38.5,20.0,62.7,5,LOW
206.0,49.5,51.9,46.5,27.4,13.8,26,7.9,37,16,232.8,-24.2,24.0,25.2,20.0,32,MODERATE
219.3,75.9,19.5,43.6,27.7,16.7,65,3.4,12,20,221.6,-2.1,34.6,8.9,20.2,35,MODERATE
382.3,138.3,63.2,35.2,44.9,40.0,56,6.8,89,19,379.0,53.3,36.2,16.5,22.2,79,HIGH
317.1,132.2,116.9,70.3,22.9,20.7,91,3.5,53,17,318.0,15.7,41.7,36.9,13.8,73,HIGH
49.2,19.7,14.8,19.7,8.3,34.7,33,1.5,6,5,45.3,-19.2,40.0,30.0,87.3,14,LOW
42.0,16.8,9.8,16.8,44.7,43.1,20,2.1,4,6,41.0,23.0,40.0,23.4,209.3,13,LOW
75.6,23.5,11.3,25.9,8.9,14.9,5,15.1,2,13,76.5,1.5,31.1,14.9,31.5,28,LOW
203.0,58.2,14.2,37.6,0.0,16.1,41,5.0,28,9,202.8,11.3,28.6,7.0,8.0,41,MODERATE
336.0,163.1,66.8,20.0,35.7,38.7,65,5.2,47,35,280.1,59.6,48.5,19.9,22.1,65,HIGH
383.5,140.7,43.2,96.8,24.5,14.9,62,6.2,46,27,336.2,10.1,36.7,11.3,10.3,68,HIGH
78.1,23.3,7.1,16.3,5.0,22.6,20,3.9,7,0,81.4,-19.3,29.8,9.1,35.3,10,LOW
508.4,302.8,40.0,108.5,15.4,0.0,93,5.5,85,17,472.1,17.9,59.6,7.9,3.0,86,CRITICAL
341.7,155.5,99.5,35.1,24.9,9.7,65,5.3,55,24,339.5,30.1,45.5,29.1,10.1,77,HIGH
166.3,82.4,25.6,48.8,7.4,13.9,51,3.3,45,0,148.3,1.4,49.5,15.4,12.8,52,MODERATE
472.5,277.8,97.6,61.2,22.4,2.5,108,4.4,139,37,480.5,37.3,58.8,20.7,5.3,88,CRITICAL
203.9,63.9,27.4,46.8,29.4,12.4,62,3.3,4,17,206.0,3.2,31.3,13.4,20.5,51,MODERATE
84.0,26.6,25.2,2.8,42.4,20.1,12,7.0,0,7,86.4,0.8,31.6,30.0,74.5,28,LOW
557.8,230.7,167.2,140.8,22.9,12.9,113,4.9,120,65,547.3,30.8,41.4,30.0,6.4,86,CRITICAL
430.0,244.1,168.1,172.0,0.0,4.7,112,3.8,103,33,398.5,10.1,56.8,39.1,1.1,85,CRITICAL
330.6,85.2,53.0,96.5,30.2,13.3,87,3.8,64,6,281.0,-18.4,25.8,16.0,13.2,78,HIGH
409.8,118.5,127.3,111.0,36.4,21.1,85,4.8,44,13,362.5,34.8,28.9,31.1,14.0,78,HIGH
72.5,10.9,11.9,27.7,10.2,17.7,26,2.8,0,3,69.4,-21.3,15.1,16.4,38.5,10,LOW
521.1,214.7,132.3,35.0,11.8,1.7,113,4.6,75,23,484.0,27.0,41.2,25.4,2.6,83,CRITICAL
242.1,63.2,47.3,23.5,50.7,57.2,48,5.0,0,7,264.1,16.0,26.1,19.6,44.6,43,MODERATE
466.2,212.0,167.4,55.6,0.0,13.0,90,5.2,75,31,410.7,22.9,45.5,35.9,2.8,81,CRITICAL
198.4,68.3,40.1,51.4,12.4,0.0,34,5.8,26,6,195.8,-1.4,34.4,20.2,6.2,47,MODERATE
145.4,40.5,11.0,6.8,30.2,21.0,22,6.6,7,5,148.0,6.8,27.8,7.6,35.3,20,LOW
379.2,193.5,91.2,78.9,8.3,29.4,76,5.0,105,8,333.2,37.0,51.0,24.0,9.9,77,HIGH
516.5,224.5,82.3,159.2,6.6,7.5,69,7.5,134,23,537.4,16.1,43.5,15.9,2.7,81,CRITICAL
424.4,154.6,50.8,87.6,23.9,29.4,74,5.7,110,18,411.4,15.8,36.4,12.0,12.6,62,HIGH
400.9,125.5,77.5,50.2,0.0,4.4,61,6.6,82,23,388.7,21.1,31.3,19.3,1.1,69,HIGH
116.2,38.0,10.4,15.5,52.7,18.7,14,8.3,3,6,111.8,7.3,32.7,9.0,61.5,18,LOW
357.9,144.0,41.8,90.2,32.4,26.7,64,5.6,72,36,331.3,41.6,40.2,11.7,16.5,70,HIGH
334.6,145.3,53.2,29.8,15.6,27.3,86,3.9,110,36,315.1,-8.3,43.4,15.9,12.8,62,HIGH
397.7,164.1,41.9,71.4,8.6,13.3,78,5.1,84,22,422.5,1.5,41.3,10.5,5.5,74,HIGH
344.6,190.3,60.1,55.5,25.0,17.2,49,7.0,101,13,303.2,38.4,55.2,17.4,12.3,73,HIGH
56.3,4.6,10.4,12.6,40.8,7.8,13,4.3,0,1,58.2,-15.6,8.1,18.4,86.3,6,LOW
326.5,125.0,112.8,130.9,8.9,11.3,85,3.8,75,26,348.1,37.7,38.3,34.5,6.2,65,HIGH
347.7,175.2,37.6,82.8,30.8,3.3,100,3.5,88,20,352.6,-0.2,50.4,10.8,9.8,62,HIGH
212.0,53.0,49.0,43.8,16.9,11.2,24,8.8,15,20,233.0,8.2,25.0,23.1,13.3,39,MODERATE
229.3,65.6,11.4,62.6,63.7,33.4,55,4.2,43,5,199.1,-28.4,28.6,5.0,42.3,54,MODERATE
542.8,234.7,115.6,129.0,23.2,0.0,78,7.0,148,35,547.5,34.6,43.2,21.3,4.3,97,CRITICAL
74.2,17.3,6.8,7.2,56.9,36.0,35,2.1,0,0,68.1,0.9,23.4,9.2,125.1,10,LOW
177.9,62.2,40.4,29.1,16.8,23.0,51,3.5,29,5,188.0,16.7,34.9,22.7,22.4,32,MODERATE
490.5,159.6,101.6,111.2,12.3,13.0,65,7.5,101,18,425.6,59.3,32.5,20.7,5.2,86,CRITICAL
329.0,100.1,26.8,86.3,37.4,14.0,59,5.6,78,13,265.5,24.0,30.4,8.1,15.6,71,HIGH
227.8,77.5,44.6,23.0,35.5,5.1,39,5.8,13,14,244.0,11.0,34.0,19.6,17.8,57,MODERATE
183.7,45.3,33.0,53.7,32.5,13.9,35,5.2,8,10,206.6,24.4,24.7,17.9,25.2,45,MODERATE
263.4,76.1,24.0,53.1,7.3,40.8,24,11.0,19,13,298.5,23.7,28.9,9.1,18.3,48,MODERATE
81.0,21.3,11.6,12.5,43.4,25.5,22,3.7,0,9,75.9,-3.2,26.2,14.3,85.1,17,LOW
353.5,97.9,63.6,42.1,12.3,19.4,45,7.9,48,25,345.2,-13.1,27.7,18.0,9.0,73,HIGH
253.0,47.3,47.1,21.4,51.1,28.7,53,4.8,1,17,271.8,4.9,18.7,18.6,31.5,52,MODERATE
131.3,24.1,0.0,30.7,16.2,28.4,20,6.6,1,0,118.4,2.0,18.3,0.0,33.9,16,LOW
107.6,31.3,0.0,18.5,5.0,30.8,26,4.1,0,0,98.9,-9.2,29.1,0.0,33.3,11,LOW
305.0,129.5,99.0,79.3,29.1,19.7,88,3.5,44,33,303.0,43.8,42.4,32.5,16.0,65,HIGH
405.8,113.7,69.2,45.7,2.6,15.1,53,7.7,51,40,412.9,27.3,28.0,17.0,4.4,75,HIGH
176.9,45.8,17.2,39.3,59.3,26.2,56,3.2,28,20,193.3,-45.4,25.9,9.7,48.3,43,MODERATE
80.3,29.0,6.9,7.7,5.0,34.7,16,5.0,0,5,80.2,-15.1,36.1,8.6,49.4,6,LOW
224.5,64.2,51.3,16.0,20.0,23.2,58,3.9,21,15,239.6,-5.6,28.6,22.9,19.2,47,MODERATE
430.0,210.7,189.2,125.9,10.9,14.0,105,4.1,97,32,375.6,-0.4,49.0,44.0,5.8,91,CRITICAL
513.1,264.4,114.2,169.2,10.9,16.5,78,6.6,120,23,460.8,37.7,51.5,22.2,5.4,83,CRITICAL
234.7,90.2,25.4,22.3,40.4,3.3,26,9.0,9,8,213.3,-19.1,38.4,10.8,18.6,58,MODERATE
486.8,273.0,98.6,120.5,2.1,11.6,68,7.2,121,31,465.4,17.1,56.1,20.3,2.8,88,CRITICAL
372.9,165.6,24.8,39.1,13.9,24.4,47,7.9,61,18,322.1,35.4,44.4,6.6,10.3,74,HIGH
357.2,160.9,86.0,74.8,0.0,23.4,69,5.2,46,5,355.4,51.9,45.0,24.1,6.5,75,HIGH
136.9,16.3,13.3,7.2,37.6,11.2,17,8.1,9,18,138.8,-3.0,11.9,9.7,35.7,15,LOW
177.2,67.6,62.0,60.4,53.0,16.6,40,4.4,9,6,185.1,-11.7,38.2,35.0,39.3,42,MODERATE
259.0,61.1,12.2,31.6,15.9,30.4,31,8.4,25,6,275.5,-33.2,23.6,4.7,17.9,58,MODERATE
105.9,16.1,11.6,21.5,17.5,28.0,34,3.1,2,1,104.6,-1.8,15.2,10.9,43.0,24,LOW
202.5,61.8,39.9,33.4,0.0,42.9,63,3.2,14,3,225.6,2.5,30.5,19.7,21.2,43,MODERATE
228.0,102.2,31.2,39.9,39.2,20.1,63,3.6,24,9,259.4,-4.7,44.8,13.7,26.0,39,MODERATE
294.6,123.2,78.7,38.9,12.1,0.0,77,3.8,51,9,258.0,-10.5,41.8,26.7,4.1,69,HIGH
436.7,203.9,135.5,76.4,7.5,14.5,133,3.3,140,29,450.9,15.5,46.7,31.0,5.0,93,CRITICAL
207.0,46.1,56.1,10.0,25.1,24.4,42,4.9,24,16,185.6,4.4,22.3,27.1,23.9,37,MODERATE
317.8,190.7,104.2,38.6,29.6,0.0,82,3.9,51,23,256.5,-24.4,60.0,32.8,9.3,76,HIGH
245.3,87.7,42.7,55.2,36.3,0.0,43,5.7,8,13,256.2,-15.6,35.8,17.4,14.8,42,MODERATE
351.0,112.9,33.0,36.7,21.7,17.9,49,7.2,57,6,291.9,31.0,32.2,9.4,11.3,62,HIGH
183.4,59.7,35.8,58.3,16.4,5.3,50,3.7,3,22,179.2,2.2,32.6,19.5,11.8,39,MODERATE
379.9,181.6,63.8,98.0,0.0,31.3,65,5.8,67,16,306.6,48.7,47.8,16.8,8.2,63,HIGH
359.4,130.3,36.7,66.3,22.2,20.5,83,4.3,91,23,387.5,29.4,36.2,10.2,11.9,71,HIGH
293.6,148.0,117.5,78.6,10.0,17.2,62,4.7,41,28,277.0,30.9,50.4,40.0,9.3,65,HIGH
532.7,284.8,40.0,134.9,20.7,18.1,87,6.1,152,52,518.1,38.0,53.5,7.5,7.3,95,CRITICAL
89.5,21.7,18.1,29.8,37.9,13.0,18,5.0,7,6,88.8,5.9,24.2,20.2,56.9,24,LOW
359.5,160.1,143.8,39.7,31.8,29.8,75,4.8,51,36,371.0,-30.2,44.5,40.0,17.1,68,HIGH
392.5,158.3,84.4,63.9,38.9,24.4,69,5.7,62,29,373.9,4.7,40.3,21.5,16.1,66,HIGH
97.2,18.6,21.6,17.4,5.0,5.0,25,3.9,4,3,87.6,-1.5,19.1,22.2,10.3,7,LOW
342.7,168.6,85.2,121.6,12.2,15.8,62,5.5,66,45,349.4,18.7,49.2,24.9,8.2,79,HIGH
231.7,58.7,60.1,28.6,32.5,13.4,47,4.9,21,10,250.8,26.4,25.3,25.9,19.8,37,MODERATE
198.8,55.4,24.3,44.5,0.0,8.5,34,5.8,36,5,212.7,8.2,27.9,12.2,4.3,59,MODERATE
77.4,31.0,1.8,18.9,21.3,5.9,19,4.1,20,3,72.8,-3.7,40.0,2.3,35.2,24,LOW
159.6,40.8,31.6,63.8,35.6,25.3,41,3.9,13,7,165.0,12.7,25.6,19.8,38.1,38,MODERATE
184.6,68.0,38.3,57.7,33.9,5.5,59,3.1,37,1,190.4,11.0,36.8,20.8,21.3,33,MODERATE
160.0,31.2,17.1,27.4,35.6,18.3,14,11.4,0,7,165.6,17.0,19.5,10.7,33.7,23,LOW
84.3,14.9,13.3,9.3,24.5,15.7,15,5.6,9,0,85.2,-10.7,17.6,15.7,47.6,23,LOW
517.5,258.1,98.8,128.1,2.9,0.9,98,5.3,144,10,444.1,15.5,49.9,19.1,0.7,83,CRITICAL
335.8,141.6,57.0,76.7,19.1,20.3,82,4.1,76,29,352.5,-0.7,42.2,17.0,11.7,66,HIGH
601.2,288.2,95.5,127.2,11.2,19.1,114,5.3,96,36,605.5,48.1,47.9,15.9,5.0,84,CRITICAL
207.7,31.8,50.5,10.0,70.7,47.5,38,5.5,22,14,189.3,-5.6,15.3,24.3,56.9,57,MODERATE
150.0,56.6,52.5,36.5,18.9,59.2,63,2.4,27,21,169.9,-35.1,37.7,35.0,52.1,36,MODERATE
430.0,301.0,58.6,127.6,0.0,0.0,115,3.7,160,35,399.3,46.5,70.0,13.6,0.0,95,CRITICAL
195.2,39.3,64.3,67.1,33.2,25.5,47,4.2,24,5,196.7,-2.4,20.1,32.9,30.1,46,MODERATE
69.6,25.7,19.3,27.8,27.6,15.6,13,5.4,3,5,69.4,5.2,37.0,27.7,62.1,16,LOW
138.0,31.5,16.8,14.3,5.0,11.7,20,6.9,3,2,142.3,17.3,22.8,12.2,12.1,11,LOW
275.0,119.2,70.6,81.0,5.4,10.7,76,3.6,37,21,286.6,45.2,43.4,25.7,5.9,77,HIGH
104.7,23.9,9.9,22.9,24.1,33.5,20,5.2,2,1,112.6,6.3,22.8,9.4,55.0,18,LOW
580.6,218.9,59.1,140.4,6.9,6.8,100,5.8,96,10,534.0,26.7,37.7,10.2,2.3,94,CRITICAL
89.0,29.9,23.8,27.1,23.7,24.0,21,4.2,3,1,85.5,4.4,33.6,26.7,53.6,18,LOW
408.3,175.6,59.7,111.0,6.4,28.8,81,5.0,61,31,329.8,8.2,43.0,14.6,8.6,63,HIGH
107.6,35.4,3.0,16.0,17.9,12.2,34,3.2,5,7,102.9,25.5,32.9,2.8,27.9,15,LOW
98.9,39.5,13.8,37.3,31.4,31.7,16,6.2,1,0,98.4,2.8,40.0,13.9,63.8,12,LOW
430.0,301.0,116.4,88.2,7.0,0.0,126,3.4,171,33,402.0,36.0,70.0,27.1,1.6,86,CRITICAL
101.4,24.1,0.0,19.7,25.9,49.6,18,5.6,0,6,101.2,13.7,23.8,0.0,74.4,10,LOW
308.2,157.5,88.0,20.0,19.5,14.6,58,5.3,74,8,321.1,27.2,51.1,28.6,11.1,73,HIGH
315.6,189.4,110.9,80.7,39.0,30.1,69,4.6,71,35,315.0,-2.8,60.0,35.1,21.9,62,HIGH
112.4,15.6,12.4,3.4,23.3,22.1,20,5.6,3,5,112.3,16.2,13.9,11.0,40.4,28,LOW
610.6,249.3,122.9,81.7,1.4,9.8,127,4.8,105,62,648.2,12.7,40.8,20.1,1.8,96,CRITICAL
96.9,9.6,25.0,14.1,5.0,14.9,32,3.0,0,9,90.5,-3.9,9.9,25.8,20.5,26,LOW
64.4,25.8,5.7,25.8,18.7,23.1,8,8.0,6,0,62.5,5.3,40.0,8.9,64.9,24,LOW
373.9,188.2,85.7,20.0,7.3,16.4,70,5.3,82,20,308.0,19.1,50.3,22.9,6.3,65,HIGH
323.2,158.5,82.1,91.0,29.2,19.7,75,4.3,46,21,295.2,7.5,49.0,25.4,15.1,65,HIGH
335.6,103.7,85.8,114.6,45.0,21.9,67,5.0,46,5,322.8,21.9,30.9,25.6,19.9,72,HIGH
508.3,270.8,165.8,35.0,4.1,2.0,95,5.4,92,41,526.0,32.3,53.3,32.6,1.2,94,CRITICAL
284.8,170.9,56.3,85.2,41.4,12.4,58,4.9,62,20,228.8,59.5,60.0,19.8,18.9,73,HIGH
184.3,66.8,38.0,49.6,31.2,30.2,65,2.8,45,6,191.8,-36.7,36.2,20.6,33.3,58,MODERATE
80.8,17.8,8.4,11.6,15.2,15.4,14,5.8,0,6,83.2,15.3,22.0,10.4,37.8,18,LOW
422.6,146.2,53.8,35.5,16.3,18.8,98,4.3,39,20,345.2,-21.9,34.6,12.7,8.3,66,HIGH
178.9,89.4,23.8,71.5,49.5,34.2,63,2.8,45,10,181.3,-9.6,50.0,13.3,46.8,44,MODERATE
253.1,70.7,24.9,40.0,54.7,21.5,33,7.7,13,7,240.9,-5.7,27.9,9.8,30.1,40,MODERATE
198.9,83.9,38.6,10.0,15.4,39.6,47,4.2,42,25,199.0,-1.2,42.2,19.4,27.6,48,MODERATE
20.0,8.0,6.0,8.0,5.0,5.0,23,0.9,7,0,18.4,-2.0,40.0,30.0,50.0,10,LOW
210.7,80.3,27.9,10.0,37.4,8.0,30,7.0,22,11,235.2,-20.4,38.1,13.3,21.6,47,MODERATE
467.7,293.7,77.8,106.1,18.4,12.5,130,3.6,141,23,442.3,79.4,62.8,16.6,6.6,97,CRITICAL
116.9,17.4,4.5,28.2,24.2,8.2,16,7.3,3,9,127.0,-1.1,14.9,3.9,27.8,14,LOW
419.9,202.8,47.1,79.2,23.9,20.0,95,4.4,66,22,420.9,33.2,48.3,11.2,10.5,74,HIGH
378.0,148.9,79.0,66.5,7.3,15.6,52,7.3,43,32,303.6,8.8,39.4,20.9,6.1,66,HIGH
172.1,70.0,34.5,48.4,34.9,25.9,49,3.5,23,0,172.1,-26.5,40.7,20.1,35.3,51,MODERATE
343.7,141.5,114.6,95.6,16.1,39.0,75,4.6,45,22,297.4,29.8,41.2,33.4,16.0,67,HIGH
224.1,79.7,66.2,49.7,31.0,11.4,47,4.8,30,10,251.1,14.8,35.6,29.5,18.9,41,MODERATE
207.8,45.2,21.8,20.2,22.8,16.1,20,10.4,30,29,234.1,15.9,21.7,10.5,18.7,37,MODERATE
206.2,103.1,3.7,34.6,6.8,6.9,32,6.4,25,14,209.1,-7.2,50.0,1.8,6.6,44,MODERATE
433.4,303.4,118.2,88.4,13.6,8.9,91,4.8,82,11,435.7,82.7,70.0,27.3,5.2,88,CRITICAL
353.5,70.0,95.3,82.8,3.9,34.2,45,7.9,75,25,308.7,-9.3,19.8,27.0,10.8,70,HIGH
130.3,21.3,9.3,30.5,32.6,17.8,31,4.2,7,3,141.2,-11.2,16.3,7.1,38.7,19,LOW
336.3,138.0,44.0,101.2,24.5,10.9,77,4.4,61,11,290.6,2.3,41.0,13.1,10.5,63,HIGH
522.4,365.6,66.1,107.4,29.2,5.1,107,4.9,190,18,476.3,20.3,70.0,12.7,6.6,88,CRITICAL
255.2,75.2,45.9,23.5,41.1,29.1,22,11.6,39,13,242.1,-2.1,29.5,18.0,27.5,45,MODERATE
452.2,275.5,82.7,85.6,8.8,13.9,104,4.3,134,36,491.0,39.7,60.9,18.3,5.0,88,CRITICAL
501.7,264.8,172.0,110.8,1.6,8.2,138,3.6,91,44,441.4,61.4,52.8,34.3,2.0,86,CRITICAL
198.7,70.2,49.3,33.6,20.4,49.9,53,3.7,31,18,225.8,13.3,35.3,24.8,35.4,37,MODERATE
330.6,160.5,76.2,127.3,41.8,12.0,83,4.0,72,5,316.0,2.7,48.5,23.0,16.3,73,HIGH
124.1,28.6,17.6,11.4,50.6,43.3,26,4.8,2,3,121.0,-8.1,23.0,14.2,75.7,10,LOW
150.0,65.3,0.0,59.6,21.7,0.0,32,4.7,15,21,134.4,8.5,43.5,0.0,14.4,32,MODERATE
522.2,278.0,148.9,117.5,3.2,10.3,142,3.7,136,27,547.6,41.4,53.2,28.5,2.6,95,CRITICAL
297.1,152.7,67.5,75.0,10.8,11.7,84,3.5,73,10,248.0,-24.9,51.4,22.7,7.6,64,HIGH
173.0,47.3,29.2,66.3,18.5,31.8,45,3.8,41,11,183.2,-26.6,27.3,16.9,29.1,32,MODERATE
556.2,278.6,123.2,177.1,6.4,10.8,124,4.5,75,38,610.5,46.1,50.1,22.1,3.1,82,CRITICAL
85.0,4.6,25.5,34.0,13.7,34.0,15,5.7,0,2,87.4,30.7,5.4,30.0,56.2,6,LOW
81.7,32.7,3.7,0.3,31.9,22.9,22,3.7,5,9,85.0,6.1,40.0,4.5,67.1,22,LOW
333.3,162.2,20.4,90.7,0.0,21.1,71,4.7,68,12,294.1,30.1,48.7,6.1,6.3,78,HIGH
118.0,19.2,10.7,46.2,21.3,28.8,20,5.9,3,0,114.4,12.7,16.3,9.0,42.5,26,LOW
176.1,65.3,27.7,18.7,4.6,12.3,44,4.0,21,7,155.9,8.6,37.1,15.7,9.6,57,MODERATE
379.2,138.2,74.2,62.4,17.4,18.7,78,4.9,73,18,400.9,19.2,36.4,19.6,9.5,75,HIGH
344.0,80.0,55.3,101.9,1.9,7.1,61,5.6,50,19,371.4,-6.0,23.2,16.1,2.6,63,HIGH
311.3,159.8,72.9,73.3,26.9,8.7,47,6.6,54,16,309.7,11.8,51.3,23.4,11.4,75,HIGH
175.8,51.9,13.0,17.8,53.9,33.1,43,4.1,14,19,162.1,-9.8,29.5,7.4,49.5,52,MODERATE
346.5,134.6,77.5,80.1,13.2,19.3,57,6.1,61,16,325.3,-9.9,38.9,22.4,9.4,69,HIGH
220.3,88.6,33.3,60.1,40.3,5.7,59,3.7,4,19,205.5,-22.3,40.2,15.1,20.9,33,MODERATE
574.3,183.7,80.0,126.8,3.6,13.3,82,7.0,137,35,500.5,69.6,32.0,13.9,2.9,81,CRITICAL
338.3,121.5,64.3,45.5,26.3,11.9,63,5.4,84,26,325.0,18.3,35.9,19.0,11.3,79,HIGH
56.8,20.4,8.2,11.1,14.8,39.8,14,4.1,1,0,62.2,-19.2,35.9,14.4,96.1,28,LOW
388.7,174.7,89.5,104.5,8.1,19.9,73,5.3,56,24,362.2,45.1,45.0,23.0,7.2,62,HIGH
50.2,20.1,15.1,20.1,23.0,24.8,15,3.3,0,4,52.9,2.2,40.0,30.0,95.3,13,LOW
350.3,150.8,26.1,72.9,23.9,31.3,56,6.3,110,25,355.6,-15.4,43.0,7.5,15.8,68,HIGH
501.5,220.0,81.0,90.3,7.6,0.0,65,7.7,128,33,525.0,50.0,43.9,16.1,1.5,97,CRITICAL
214.8,88.5,6.1,43.5,18.6,38.0,51,4.2,28,6,208.4,20.9,41.2,2.8,26.4,43,MODERATE
192.4,66.5,38.3,57.4,30.2,27.9,39,4.9,23,22,208.5,16.6,34.6,19.9,30.2,53,MODERATE
541.1,233.8,82.2,67.6,9.1,2.8,81,6.7,75,35,566.4,18.6,43.2,15.2,2.2,96,CRITICAL
352.1,140.9,93.5,70.7,5.7,34.7,74,4.8,59,21,337.9,28.4,40.0,26.6,11.5,65,HIGH
374.3,154.4,103.0,152.6,6.0,10.0,100,3.7,73,21,362.1,15.5,41.2,27.5,4.3,71,HIGH
333.0,193.0,84.4,57.8,4.2,7.7,84,4.0,99,20,320.4,21.2,57.9,25.3,3.6,78,HIGH
161.6,66.4,24.8,64.3,8.3,16.9,63,2.6,10,10,168.0,-16.9,41.1,15.3,15.6,42,MODERATE
120.7,35.5,3.6,29.8,24.0,20.9,20,6.0,3,4,129.2,-13.4,29.4,3.0,37.2,25,LOW
209.6,41.6,37.4,54.6,22.0,50.4,31,6.8,25,18,191.0,3.6,19.8,17.8,34.5,44,MODERATE
336.9,133.0,23.0,82.0,18.9,13.6,52,6.5,46,26,282.6,37.4,39.5,6.8,9.7,65,HIGH
324.2,158.3,72.4,83.4,9.9,17.3,45,7.2,67,31,275.2,-13.3,48.8,22.3,8.4,75,HIGH
198.6,67.3,38.1,38.0,30.9,19.4,37,5.4,34,13,203.3,11.2,33.9,19.2,25.3,38,MODERATE
328.5,144.1,43.8,63.7,3.6,18.1,71,4.6,44,39,292.9,19.4,43.9,13.3,6.6,69,HIGH
49.5,19.8,0.0,19.2,5.0,43.8,27,1.8,2,5,51.8,6.5,40.0,0.0,98.7,25,LOW
317.1,70.0,126.9,45.9,22.1,16.4,81,3.9,67,21,324.5,-40.0,22.1,40.0,12.1,66,HIGH
385.0,169.3,98.9,121.2,6.2,14.1,60,6.4,76,21,397.4,34.6,44.0,25.7,5.3,69,HIGH
100.9,36.7,24.3,23.5,16.9,31.2,24,4.2,0,4,93.8,-2.7,36.4,24.1,47.7,18,LOW
205.6,75.1,28.4,37.2,59.5,39.1,32,6.4,28,12,227.0,12.0,36.5,13.8,48.0,47,MODERATE
367.3,101.6,108.9,69.5,29.2,27.6,50,7.3,82,5,307.3,-12.1,27.7,29.7,15.5,63,HIGH
34.4,13.8,10.3,13.8,26.0,26.2,7,4.9,6,2,37.7,9.5,40.0,30.0,151.8,9,LOW
342.5,178.4,78.3,71.6,3.2,33.0,58,5.9,84,21,332.2,-10.5,52.1,22.9,10.6,76,HIGH
357.3,71.7,142.9,74.4,16.2,12.8,73,4.9,72,29,357.9,-2.4,20.1,40.0,8.1,70,HIGH
235.4,30.2,52.5,16.9,44.4,19.7,27,8.7,28,19,227.4,-2.9,12.8,22.3,27.2,47,MODERATE
150.3,36.9,8.8,18.5,30.1,34.4,26,5.8,8,4,161.1,4.1,24.5,5.9,42.9,8,LOW
90.4,36.2,12.6,28.1,5.0,27.6,5,18.1,10,3,89.7,4.8,40.0,14.0,36.0,18,LOW
336.8,149.3,101.1,136.6,28.1,5.7,62,5.4,76,24,272.9,39.7,44.3,30.0,10.0,68,HIGH
308.0,166.4,49.0,49.8,36.8,40.0,82,3.8,43,37,300.6,-16.4,54.0,15.9,24.9,62,HIGH
84.2,33.7,3.3,11.3,66.7,7.5,9,9.4,14,8,78.6,-24.9,40.0,3.9,88.2,16,LOW
99.8,21.3,16.3,18.2,35.6,31.5,13,7.7,0,0,108.5,-22.0,21.3,16.4,67.2,14,LOW
115.4,21.7,34.6,15.7,26.6,35.5,24,4.8,3,0,118.7,-10.3,18.8,30.0,53.9,22,LOW
96.0,7.6,12.0,19.4,64.3,6.7,31,3.1,1,9,86.6,3.4,7.9,12.5,74.0,25,LOW
70.5,28.2,21.2,18.2,13.2,5.0,22,3.2,2,0,74.5,11.6,40.0,30.0,25.8,26,LOW
359.4,169.8,29.2,56.6,26.2,17.2,70,5.1,48,21,357.8,20.6,47.3,8.1,12.1,65,HIGH
477.2,289.4,57.3,123.4,1.5,2.2,131,3.6,150,45,413.6,47.6,60.7,12.0,0.8,88,CRITICAL
270.0,29.8,42.5,29.0,1.4,22.0,24,11.2,20,12,279.6,25.1,11.0,15.8,8.7,40,MODERATE
368.8,70.0,36.6,76.4,17.1,14.7,53,7.0,36,40,350.8,18.6,19.0,9.9,8.6,79,HIGH
257.5,29.9,51.3,57.0,16.7,28.8,54,4.8,12,15,238.2,20.7,11.6,19.9,17.7,58,MODERATE
528.2,165.1,205.4,57.8,9.0,1.4,105,5.0,129,29,456.4,65.9,31.2,38.9,2.0,81,CRITICAL
73.4,29.4,22.0,18.8,20.5,11.7,19,3.9,7,0,73.2,-7.3,40.0,30.0,43.9,18,LOW
95.5,24.0,2.6,8.5,37.5,36.7,29,3.3,0,12,95.5,4.3,25.1,2.7,77.7,5,LOW
191.5,81.9,19.1,10.0,0.5,2.9,58,3.3,22,16,168.5,14.7,42.8,10.0,1.8,54,MODERATE
187.8,81.2,63.4,63.3,45.9,23.8,21,8.9,16,9,214.4,-3.9,43.2,33.8,37.1,47,MODERATE
322.8,125.8,127.9,90.2,25.6,21.7,48,6.7,103,24,314.4,33.9,39.0,39.6,14.6,67,HIGH
210.4,83.7,31.6,43.4,24.4,22.6,32,6.6,11,18,233.1,-14.5,39.8,15.0,22.3,42,MODERATE
125.5,16.7,14.4,13.2,18.8,15.6,14,9.0,0,3,125.7,2.0,13.3,11.5,27.4,29,LOW
46.3,18.5,7.1,5.0,10.3,14.9,20,2.3,0,8,48.4,-1.4,40.0,15.2,54.5,7,LOW
332.1,197.4,71.8,116.2,22.1,10.4,87,3.8,69,29,336.0,-5.5,59.4,21.6,9.8,74,HIGH
68.6,22.2,18.9,4.8,41.4,53.3,29,2.4,1,8,62.9,2.1,32.4,27.6,138.2,9,LOW
79.1,18.6,8.8,13.3,15.4,34.3,31,2.6,5,2,73.6,-6.6,23.6,11.1,62.9,10,LOW
175.4,41.8,35.5,10.0,23.3,0.0,58,3.0,12,25,160.1,25.0,23.8,20.3,13.3,41,MODERATE
73.7,29.5,7.5,29.5,5.0,16.9,14,5.3,0,0,80.1,-2.6,40.0,10.2,29.7,13,LOW
110.3,32.0,23.9,30.7,36.3,17.5,15,7.4,0,6,106.6,11.7,29.0,21.6,48.8,6,LOW
270.0,67.9,16.2,62.0,58.0,20.2,52,5.2,36,20,265.9,7.3,25.1,6.0,28.9,33,MODERATE
195.1,45.9,41.5,21.5,15.1,42.3,64,3.0,26,20,211.0,0.6,23.5,21.3,29.4,33,MODERATE
110.0,33.0,7.7,21.0,31.9,37.5,25,4.4,8,8,110.4,4.9,30.0,7.0,63.0,20,LOW
205.9,80.7,56.1,34.5,59.4,29.7,29,7.1,26,8,232.6,12.8,39.2,27.2,43.3,39,MODERATE
101.3,34.8,14.7,25.5,17.3,17.6,18,5.6,0,1,95.5,-2.1,34.4,14.5,34.4,11,LOW
359.2,132.1,92.7,68.7,0.0,23.5,54,6.7,57,35,373.6,57.0,36.8,25.8,6.6,65,HIGH
182.8,56.6,31.1,40.3,57.8,30.7,47,3.9,28,16,195.0,3.5,30.9,17.0,48.4,33,MODERATE
338.8,95.8,49.8,98.2,9.5,18.9,48,7.1,62,14,348.4,-8.9,28.3,14.7,8.4,75,HIGH
221.5,45.2,25.2,54.9,21.3,37.3,44,5.0,27,21,245.5,10.8,20.4,11.4,26.5,32,MODERATE
171.7,64.3,47.2,10.0,49.8,27.0,23,7.5,23,20,162.4,15.8,37.5,27.5,44.7,50,MODERATE
487.8,236.4,181.4,145.1,0.4,4.3,97,5.0,75,32,463.3,-1.7,48.5,37.2,1.0,86,CRITICAL
564.7,245.4,113.2,35.0,3.5,0.0,110,5.1,128,16,481.0,35.6,43.5,20.0,0.6,96,CRITICAL
517.7,305.3,106.0,123.4,10.4,3.9,78,6.6,90,37,482.2,46.9,59.0,20.5,2.8,96,CRITICAL
340.9,147.4,67.2,51.8,6.2,23.0,83,4.1,110,15,350.4,10.2,43.2,19.7,8.6,67,HIGH
480.0,270.4,98.0,93.5,6.6,0.0,81,5.9,81,28,502.3,44.6,56.3,20.4,1.4,92,CRITICAL
324.7,165.4,84.6,95.2,30.4,4.4,60,5.4,30,27,282.6,13.3,50.9,26.1,10.7,72,HIGH
208.2,88.5,61.3,40.2,42.0,30.5,42,5.0,24,6,227.9,-0.5,42.5,29.5,34.8,40,MODERATE
207.4,103.7,54.9,34.7,33.1,25.0,33,6.3,21,9,191.9,7.0,50.0,26.5,28.0,41,MODERATE
193.0,84.1,28.2,15.5,15.0,33.5,30,6.4,41,21,218.5,29.0,43.6,14.6,25.2,51,MODERATE
88.2,24.7,26.5,28.2,48.0,27.2,14,6.3,0,5,89.9,-4.6,28.0,30.0,85.2,15,LOW
381.6,156.5,133.7,109.1,25.9,8.6,65,5.9,74,11,340.2,46.5,41.0,35.0,9.0,65,HIGH
246.0,39.3,28.8,40.3,46.2,0.0,36,6.8,0,9,212.7,-3.5,16.0,11.7,18.8,47,MODERATE
125.7,10.5,31.7,25.0,14.4,19.3,24,5.2,0,5,130.5,2.0,8.3,25.2,26.9,7,LOW
368.7,157.8,57.0,49.4,5.6,11.1,67,5.5,41,21,386.1,13.7,42.8,15.5,4.5,69,HIGH
194.3,50.1,7.9,64.8,27.4,6.3,32,6.1,11,12,207.7,24.2,25.8,4.0,17.3,32,MODERATE
318.0,155.5,51.0,53.7,12.9,17.3,79,4.0,64,20,334.1,13.1,48.9,16.1,9.5,67,HIGH
65.6,14.3,19.7,8.6,31.9,5.0,26,2.5,8,0,69.3,-8.4,21.7,30.0,56.3,7,LOW
107.3,27.2,6.4,28.4,16.4,21.5,40,2.7,2,4,113.1,-0.4,25.4,6.0,35.2,22,LOW
436.0,190.2,145.2,170.3,1.7,14.9,111,3.9,124,21,395.9,13.5,43.6,33.3,3.8,82,CRITICAL
330.7,179.5,112.7,20.0,13.2,18.2,54,6.1,48,24,340.4,52.8,54.3,34.1,9.5,63,HIGH
324.5,159.9,74.6,80.0,17.4,34.2,65,5.0,97,25,346.3,25.7,49.3,23.0,15.9,70,HIGH
66.4,26.0,17.3,11.4,16.2,22.8,10,6.6,6,6,63.8,28.1,39.2,26.1,58.6,9,LOW
149.1,42.5,33.0,28.9,33.9,9.8,22,6.8,2,0,147.3,-23.6,28.5,22.1,29.3,20,LOW
348.2,157.0,48.9,80.8,33.3,12.3,81,4.3,63,27,381.2,20.8,45.1,14.1,13.1,70,HIGH
189.5,28.5,54.0,31.1,47.9,38.2,48,3.9,29,7,217.0,38.4,15.0,28.5,45.5,47,MODERATE
370.4,120.4,131.7,129.4,27.3,22.3,72,5.1,34,21,328.3,20.2,32.5,35.6,13.4,63,HIGH
399.0,108.2,93.2,78.5,17.7,15.3,58,6.9,90,20,397.3,-9.9,27.1,23.4,8.3,62,HIGH
376.0,221.6,88.3,60.0,9.1,27.5,55,6.8,81,12,378.9,25.7,58.9,23.5,9.8,66,HIGH
275.0,136.6,15.0,82.2,29.1,4.5,49,5.6,31,20,230.1,10.5,49.7,5.5,12.2,65,HIGH
293.6,176.1,88.2,73.5,18.0,6.9,55,5.3,103,10,255.4,-4.2,60.0,30.0,8.5,68,HIGH
40.1,16.1,12.0,16.1,27.5,5.0,16,2.5,2,9,39.9,-2.7,40.0,30.0,80.9,28,LOW
184.9,81.6,44.4,44.2,15.1,14.1,45,4.1,4,13,174.0,14.7,44.1,24.0,15.8,49,MODERATE
572.9,273.3,107.2,121.7,0.0,15.3,91,6.3,111,24,531.7,39.4,47.7,18.7,2.7,86,CRITICAL
565.0,244.6,116.1,92.0,2.4,0.0,122,4.6,119,26,508.6,-20.8,43.3,20.5,0.4,85,CRITICAL
410.5,146.3,48.4,80.8,17.8,14.0,45,9.1,54,8,415.1,30.1,35.6,11.8,7.8,75,HIGH
179.6,88.6,37.2,69.1,53.7,26.3,38,4.7,22,11,181.8,-24.8,49.3,20.7,44.6,53,MODERATE
172.0,45.2,22.6,28.1,26.0,14.4,32,5.4,35,21,176.2,22.1,26.3,13.2,23.5,58,MODERATE
151.8,42.3,46.6,19.6,24.9,54.2,41,3.7,26,4,143.7,43.9,27.9,30.7,52.1,34,MODERATE
160.2,80.1,44.2,60.0,18.6,34.3,55,2.9,20,28,164.4,5.8,50.0,27.6,33.1,55,MODERATE
219.0,31.9,46.6,74.5,16.1,21.1,34,6.4,36,12,234.7,36.1,14.6,21.3,17.0,57,MODERATE
98.5,27.9,23.9,39.4,5.0,19.4,17,5.8,0,7,103.4,-5.3,28.3,24.2,24.7,5,LOW
215.3,69.8,40.1,25.8,40.1,35.7,26,8.3,4,11,219.8,37.3,32.4,18.6,35.2,51,MODERATE
333.3,200.0,85.2,91.9,13.9,23.8,93,3.6,62,16,331.3,12.6,60.0,25.6,11.3,79,HIGH
82.9,13.4,13.2,25.9,24.9,23.7,34,2.4,20,3,75.4,3.3,16.2,16.0,58.6,12,LOW
377.5,112.8,61.7,69.5,13.1,14.4,60,6.3,45,28,324.1,14.0,29.9,16.4,7.3,79,HIGH
110.3,3.5,2.8,12.0,42.4,38.6,16,6.9,7,11,106.3,0.3,3.2,2.5,73.5,27,LOW
93.3,23.1,28.0,25.4,25.3,13.7,24,3.9,1,0,101.4,20.2,24.8,30.0,41.8,7,LOW
95.0,23.7,11.2,6.0,27.1,23.5,10,9.5,6,6,98.3,5.8,24.9,11.8,53.3,14,LOW
114.7,16.0,30.4,16.7,55.2,5.0,17,6.7,2,5,114.8,-4.8,13.9,26.5,52.4,18,LOW
113.1,27.6,19.4,23.0,7.9,5.0,35,3.2,6,0,124.1,-1.5,24.4,17.2,11.4,25,LOW
112.2,19.7,6.5,12.3,35.5,12.5,19,5.9,2,5,110.1,4.0,17.5,5.8,42.7,22,LOW
95.5,10.9,28.6,38.2,27.4,32.3,21,4.5,5,0,86.8,-5.5,11.5,30.0,62.5,9,LOW
453.0,221.2,127.9,121.8,15.5,12.8,70,6.5,169,25,385.8,13.1,48.8,28.2,6.2,93,CRITICAL
219.9,75.1,0.0,87.0,21.4,11.0,38,5.8,40,29,221.0,7.3,34.2,0.0,14.7,56,MODERATE
496.8,206.0,51.4,164.0,16.1,6.2,79,6.3,131,25,491.4,22.4,41.5,10.3,4.5,84,CRITICAL
109.0,23.1,18.4,34.9,13.3,12.2,17,6.4,1,0,109.3,0.6,21.2,16.9,23.4,23,LOW
351.0,142.9,55.1,79.3,29.2,13.4,65,5.4,60,31,307.6,12.3,40.7,15.7,12.2,79,HIGH
270.0,64.4,57.4,21.9,0.0,3.9,20,13.5,45,13,284.7,-11.6,23.8,21.3,1.4,58,MODERATE
212.3,95.9,41.9,10.0,33.9,3.2,30,7.1,12,6,232.6,-19.8,45.2,19.7,17.5,57,MODERATE
81.9,30.9,24.6,6.7,19.5,18.2,8,10.2,2,7,75.0,-5.4,37.8,30.0,46.0,7,LOW
113.8,36.2,7.4,13.2,10.0,23.4,5,22.8,1,6,109.0,-10.9,31.8,6.5,29.3,19,LOW
59.9,24.0,2.6,11.7,14.2,30.7,17,3.5,5,11,55.1,-10.0,40.0,4.3,75.0,19,LOW
259.1,73.8,19.9,18.8,24.2,36.3,63,4.1,27,21,282.8,0.6,28.5,7.7,23.3,52,MODERATE
180.2,54.0,40.1,54.1,40.5,31.9,42,4.3,14,15,189.2,38.4,30.0,22.2,40.2,54,MODERATE
299.0,116.3,53.8,52.4,35.0,18.1,56,5.3,55,14,322.3,11.7,38.9,18.0,17.8,77,HIGH
312.3,187.4,107.7,92.8,12.3,31.4,45,6.9,107,13,265.5,12.2,60.0,34.5,14.0,68,HIGH
242.3,93.3,84.8,45.8,51.3,40.2,53,4.6,43,8,224.9,-4.0,38.5,35.0,37.8,57,MODERATE
226.0,58.0,4.9,35.5,13.9,29.0,45,5.0,2,18,225.4,-15.0,25.7,2.2,19.0,53,MODERATE
330.9,171.5,44.9,114.7,10.4,21.5,65,5.1,44,29,311.8,4.5,51.8,13.6,9.7,70,HIGH
124.1,10.2,10.7,21.6,15.3,28.4,15,8.3,6,4,128.2,7.2,8.2,8.6,35.2,16,LOW
222.5,24.1,25.4,43.9,17.6,14.6,45,4.9,34,4,216.1,-5.4,10.8,11.4,14.5,45,MODERATE
482.4,314.7,124.4,156.2,11.2,11.7,106,4.6,133,47,475.4,31.9,65.2,25.8,4.8,91,CRITICAL
105.9,15.5,31.8,28.9,26.9,13.8,27,3.9,1,5,111.1,-20.7,14.6,30.0,38.5,17,LOW
233.7,59.0,33.8,28.3,43.2,33.5,35,6.7,9,1,263.8,22.8,25.2,14.5,32.8,52,MODERATE
371.6,186.3,95.5,64.8,45.0,19.4,45,8.3,59,15,301.3,35.5,50.1,25.7,17.3,77,HIGH
118.4,40.3,22.2,6.5,17.1,25.9,10,11.8,0,8,112.3,8.5,34.0,18.8,36.3,25,LOW
488.5,187.0,62.4,114.5,11.1,16.8,100,4.9,146,21,433.4,29.0,38.3,12.8,5.7,96,CRITICAL
93.8,0.6,15.1,16.2,10.7,33.2,25,3.8,3,0,89.8,4.7,0.7,16.1,46.8,9,LOW
107.4,28.1,9.5,11.9,24.6,34.1,24,4.5,2,3,107.7,13.8,26.2,8.8,54.7,9,LOW
116.4,28.2,28.1,19.8,12.0,17.4,7,16.6,6,0,122.0,4.4,24.2,24.2,25.3,8,LOW
384.4,184.2,145.1,20.0,29.0,0.0,94,4.1,74,10,396.3,35.2,47.9,37.8,7.5,62,HIGH
100.6,40.2,5.5,11.9,13.4,30.0,27,3.7,1,7,104.1,20.0,40.0,5.4,43.1,22,LOW
206.0,53.2,56.4,16.8,65.4,38.2,20,10.3,19,10,206.8,12.1,25.8,27.4,50.3,35,MODERATE
75.6,12.0,22.7,9.9,36.2,18.3,17,4.4,3,2,74.1,-12.5,15.9,30.0,72.1,6,LOW
119.9,21.2,16.5,10.3,33.8,9.1,20,6.0,12,8,130.5,-3.1,17.7,13.8,35.8,5,LOW
332.7,122.4,76.1,31.6,0.0,13.4,65,5.1,66,13,352.5,46.0,36.8,22.9,4.0,63,HIGH
375.7,191.7,66.0,75.0,1.1,30.4,65,5.8,44,27,396.6,-30.0,51.0,17.6,8.4,68,HIGH
326.1,174.7,68.5,42.4,25.8,9.5,91,3.6,74,17,269.0,20.4,53.6,21.0,10.8,63,HIGH
126.9,11.4,20.1,12.6,49.3,10.8,29,4.4,1,5,127.5,-26.4,9.0,15.8,47.3,27,LOW
323.6,194.2,71.6,102.9,22.8,31.1,45,7.2,61,36,307.3,39.0,60.0,22.1,16.7,76,HIGH
487.3,213.1,157.4,35.0,10.1,5.6,125,3.9,106,39,471.9,51.0,43.7,32.3,3.2,84,CRITICAL
92.2,22.3,21.1,29.1,17.0,13.1,17,5.4,4,0,89.8,19.7,24.2,22.9,32.7,5,LOW
375.4,112.3,83.1,63.3,11.8,3.1,82,4.6,37,19,338.0,-2.8,29.9,22.1,4.0,77,HIGH
94.9,33.0,4.1,15.4,35.4,30.2,17,5.6,9,4,85.6,-18.2,34.8,4.3,69.2,22,LOW
150.0,75.0,0.0,39.7,12.3,11.7,58,2.6,24,4,148.9,-5.6,50.0,0.0,16.0,33,MODERATE
314.7,143.0,62.6,88.6,27.6,12.5,45,7.0,85,8,335.2,24.0,45.4,19.9,12.7,65,HIGH
93.1,32.4,16.8,4.0,30.7,27.3,24,3.9,5,10,99.6,-0.8,34.8,18.0,62.3,10,LOW
340.0,112.7,64.5,54.2,15.5,28.6,75,4.5,85,5,366.1,19.3,33.2,19.0,13.0,62,HIGH
376.4,168.8,75.3,62.1,15.1,16.0,49,7.7,64,28,396.2,37.3,44.8,20.0,8.3,68,HIGH
328.8,197.3,68.8,70.1,11.4,20.4,70,4.7,64,23,315.6,56.8,60.0,20.9,9.7,62,HIGH
89.9,29.3,12.8,9.9,11.2,16.4,32,2.8,7,4,81.5,-9.0,32.5,14.2,30.6,6,LOW
92.4,25.5,19.0,10.5,31.8,15.6,12,7.7,4,7,96.6,11.1,27.5,20.6,51.3,20,LOW
370.2,151.9,55.1,79.2,23.2,35.9,54,6.9,53,22,393.1,12.4,41.0,14.9,16.0,70,HIGH
358.1,155.6,87.2,67.1,40.4,5.7,45,8.0,30,5,371.6,32.8,43.5,24.3,12.9,73,HIGH
83.5,32.0,17.2,18.0,24.8,8.3,8,10.4,6,8,85.1,-9.5,38.3,20.6,39.6,25,LOW
73.2,16.4,11.6,23.8,16.5,14.7,25,2.9,0,4,69.3,-11.0,22.4,15.8,42.7,17,LOW
205.0,45.6,71.8,10.0,18.9,15.6,65,3.2,43,23,206.0,-1.0,22.2,35.0,16.8,49,MODERATE
356.8,147.7,91.9,77.8,22.4,14.2,52,6.9,68,32,366.1,27.8,41.4,25.8,10.3,66,HIGH
84.7,13.4,10.7,20.6,22.6,5.0,29,2.9,0,0,87.7,-9.7,15.8,12.6,32.6,20,LOW
142.6,44.5,37.2,18.1,29.4,5.0,31,4.6,0,0,144.6,-7.1,31.2,26.1,24.1,10,LOW
210.9,58.9,31.3,36.9,42.8,27.9,65,3.2,23,7,232.8,53.1,27.9,14.9,33.6,50,MODERATE
354.1,142.8,129.1,125.0,30.4,12.1,78,4.5,70,22,340.4,-16.3,40.3,36.5,12.0,77,HIGH
96.0,37.4,18.3,37.7,10.1,21.6,20,4.8,1,0,86.8,11.5,39.0,19.1,33.0,29,LOW
183.5,60.6,3.4,51.2,0.0,20.7,53,3.5,9,17,183.4,25.8,33.0,1.8,11.3,45,MODERATE
336.3,141.4,15.0,89.8,2.6,19.2,81,4.2,55,32,292.1,1.6,42.0,4.5,6.5,73,HIGH
224.8,74.1,78.7,43.5,44.0,17.9,51,4.4,33,14,212.2,35.0,32.9,35.0,27.6,36,MODERATE
551.4,172.1,157.2,54.3,8.0,0.0,65,8.5,137,29,564.2,-6.9,31.2,28.5,1.5,98,CRITICAL
358.5,132.1,52.4,45.4,15.3,9.4,82,4.4,46,21,364.8,19.2,36.8,14.6,6.9,74,HIGH
138.7,37.5,7.6,4.0,19.2,25.2,21,6.6,7,11,144.6,3.9,27.0,5.5,32.0,26,LOW
315.3,119.4,52.9,99.6,32.5,23.1,77,4.1,78,5,304.9,18.2,37.9,16.8,17.6,67,HIGH
112.7,32.0,20.2,4.5,28.3,26.0,19,5.9,6,15,120.1,-5.6,28.4,17.9,48.2,6,LOW
455.0,242.2,94.4,109.4,2.7,8.3,91,5.0,75,29,425.7,-3.0,53.2,20.7,2.4,96,CRITICAL
475.4,134.1,138.0,164.0,8.2,13.3,91,5.2,121,56,439.9,20.7,28.2,29.0,4.5,89,CRITICAL
377.5,170.7,104.2,72.6,13.8,11.2,72,5.2,57,14,372.6,8.1,45.2,27.6,6.6,63,HIGH
96.7,26.5,29.0,3.2,36.9,40.0,17,5.7,1,9,91.2,4.6,27.4,30.0,79.5,21,LOW
61.1,24.4,18.3,24.4,5.0,10.9,12,5.1,7,5,62.1,-5.9,40.0,30.0,26.0,9,LOW
88.9,35.6,9.0,0.0,34.6,5.6,25,3.6,0,8,93.6,15.9,40.0,10.2,45.2,5,LOW
461.3,278.9,106.8,124.9,15.0,7.6,81,5.7,122,20,403.0,30.7,60.5,23.2,4.9,96,CRITICAL
340.8,110.3,83.8,126.5,0.0,12.7,49,7.0,66,16,345.2,4.7,32.4,24.6,3.7,72,HIGH
86.6,6.3,26.0,14.4,20.7,7.2,5,17.3,5,2,84.8,2.5,7.2,30.0,32.1,9,LOW
92.5,21.7,0.0,16.3,38.2,26.5,24,3.9,7,3,90.0,-6.0,23.5,0.0,69.9,24,LOW
337.9,86.1,92.7,37.5,19.2,19.5,68,5.0,88,19,366.9,27.4,25.5,27.4,11.5,70,HIGH
39.5,13.9,5.4,15.8,29.2,42.3,27,1.5,0,5,39.9,28.7,35.2,13.7,181.1,13,LOW
73.7,29.5,5.3,17.2,47.1,9.5,32,2.3,0,12,80.3,-21.9,40.0,7.2,76.9,6,LOW
74.1,29.6,10.7,24.6,22.1,20.8,23,3.2,0,11,72.1,-6.2,40.0,14.4,58.0,7,LOW
367.7,220.6,64.2,70.1,5.2,17.5,95,3.9,84,14,300.5,18.7,60.0,17.4,6.2,64,HIGH
170.4,85.2,31.0,10.0,19.5,11.1,40,4.3,17,13,175.0,3.7,50.0,18.2,18.0,54,MODERATE
302.4,111.1,66.6,95.6,30.4,34.1,62,4.9,62,9,250.3,-9.6,36.7,22.0,21.3,73,HIGH
357.8,134.2,138.1,25.6,31.7,16.9,79,4.5,67,5,324.4,20.1,37.5,38.6,13.6,71,HIGH
491.4,253.9,113.0,102.7,11.5,24.2,84,5.9,116,22,509.3,13.9,51.7,23.0,7.3,95,CRITICAL
517.2,319.6,93.3,92.5,17.0,2.4,105,4.9,119,30,526.0,88.9,61.8,18.0,3.8,93,CRITICAL
548.7,163.4,86.0,155.0,3.5,9.7,126,4.4,75,27,526.8,34.5,29.8,15.7,2.4,86,CRITICAL
117.2,11.5,7.3,20.8,40.4,26.0,21,5.6,6,5,127.2,-12.4,9.8,6.3,56.7,18,LOW
174.0,85.3,57.2,47.1,60.5,37.3,50,3.5,12,17,156.8,8.9,49.0,32.8,56.2,53,MODERATE
102.0,40.8,0.0,18.5,11.4,27.2,7,14.6,15,6,92.4,-7.6,40.0,0.0,37.9,15,LOW
347.4,171.3,36.6,20.0,33.9,24.7,66,5.3,86,12,352.5,2.5,49.3,10.5,16.9,65,HIGH
473.6,303.2,40.0,156.5,14.0,3.5,93,5.1,85,16,491.7,-11.8,64.0,8.4,3.7,92,CRITICAL
324.7,124.1,70.7,71.9,14.5,15.2,57,5.7,73,40,313.7,-1.2,38.2,21.8,9.1,79,HIGH
358.3,141.1,72.6,108.8,19.0,17.7,67,5.3,90,8,323.8,57.1,39.4,20.3,10.2,65,HIGH
214.0,72.2,34.7,33.4,0.5,16.4,30,7.1,27,19,209.1,21.9,33.8,16.2,7.9,57,MODERATE
69.5,27.8,17.4,13.2,5.8,30.5,25,2.8,2,4,71.4,-18.3,40.0,25.1,52.2,29,LOW
315.7,149.6,73.2,72.5,35.4,26.1,46,6.9,95,5,346.9,65.3,47.4,23.2,19.5,68,HIGH
184.9,32.8,28.4,67.5,39.8,25.0,36,5.1,17,12,170.9,-14.2,17.7,15.4,35.1,34,MODERATE
345.9,165.2,121.7,81.0,22.3,19.8,46,7.5,36,11,288.9,40.3,47.8,35.2,12.2,66,HIGH
174.1,87.0,54.1,56.8,31.1,29.1,24,7.3,23,12,187.0,-11.3,50.0,31.1,34.6,43,MODERATE
375.7,207.9,44.6,33.1,20.2,17.7,85,4.4,40,14,363.1,-29.2,55.3,11.9,10.1,76,HIGH
98.7,38.1,0.2,25.5,21.2,12.5,21,4.7,11,0,96.6,3.7,38.6,0.2,34.1,9,LOW
70.5,28.2,2.3,21.2,9.8,5.0,16,4.4,4,0,66.6,20.1,40.0,3.3,20.9,11,LOW
96.4,21.3,26.5,0.0,24.8,18.7,16,6.0,6,13,91.2,4.3,22.1,27.4,45.1,10,LOW
72.5,13.4,21.7,29.0,32.3,32.9,12,6.0,5,6,79.5,-1.5,18.5,30.0,89.9,5,LOW
476.0,229.1,66.7,111.1,16.0,1.2,88,5.4,143,10,443.4,74.4,48.1,14.0,3.6,92,CRITICAL
338.5,131.3,105.5,76.6,20.2,10.0,78,4.3,44,24,350.6,28.6,38.8,31.2,8.9,64,HIGH
176.9,70.0,16.3,30.9,35.3,0.0,61,2.9,22,1,186.7,-13.3,39.6,9.2,20.0,54,MODERATE
556.7,165.8,183.0,170.7,7.1,12.1,109,5.1,176,29,589.8,9.3,29.8,32.9,3.4,86,CRITICAL
136.0,1.9,20.8,17.9,27.3,15.2,20,6.8,1,5,130.4,-5.4,1.4,15.3,31.3,25,LOW
215.8,96.8,31.7,32.8,34.7,32.0,47,4.6,19,0,218.3,-11.5,44.9,14.7,30.9,54,MODERATE
56.1,22.4,2.2,22.4,5.0,40.4,21,2.7,7,4,52.0,-0.5,40.0,3.9,80.9,27,LOW
108.6,15.3,30.6,31.9,5.0,7.1,11,9.9,2,8,101.8,5.5,14.1,28.2,11.1,8,LOW
543.4,248.1,79.6,115.4,1.1,7.3,89,6.1,129,22,462.3,22.6,45.7,14.6,1.5,98,CRITICAL
306.4,142.7,53.0,91.6,15.9,0.0,100,3.1,67,20,289.4,-15.9,46.6,17.3,5.2,65,HIGH
201.5,42.3,57.6,56.5,46.9,43.2,37,5.4,10,11,223.1,-10.7,21.0,28.6,44.7,47,MODERATE
95.1,31.6,28.5,23.0,11.2,16.0,13,7.3,0,0,93.0,7.8,33.2,30.0,28.6,27,LOW
354.0,117.4,41.0,87.7,9.1,17.4,83,4.3,71,12,388.7,49.0,33.2,11.6,7.5,73,HIGH
81.9,23.8,0.0,7.9,16.2,5.0,5,16.4,4,10,83.7,11.7,29.1,0.0,25.9,7,LOW
416.9,150.3,47.4,99.3,17.0,24.0,64,6.5,96,13,367.2,28.6,36.1,11.4,9.8,63,HIGH
347.3,105.3,59.2,102.4,28.8,29.1,83,4.2,73,23,299.0,23.6,30.3,17.0,16.7,67,HIGH
588.5,200.7,70.6,102.2,17.4,8.7,82,7.2,139,43,608.5,27.4,34.1,12.0,4.4,98,CRITICAL
534.4,196.3,94.0,138.6,17.3,0.0,110,4.9,108,47,484.5,-18.0,36.7,17.6,3.2,81,CRITICAL
530.0,338.7,69.0,148.8,7.5,5.2,119,4.5,95,15,529.8,39.5,63.9,13.0,2.4,93,CRITICAL
86.8,34.7,12.1,0.0,30.2,15.3,17,5.1,2,4,87.1,4.8,40.0,13.9,52.3,22,LOW
334.2,167.8,47.8,56.9,40.0,30.3,45,7.4,88,19,296.2,2.4,50.2,14.3,21.0,66,HIGH
371.2,222.7,39.5,80.1,33.3,5.3,60,6.2,47,29,307.1,47.2,60.0,10.7,10.4,72,HIGH
89.9,22.8,0.6,31.4,39.3,29.5,14,6.4,3,1,84.0,-13.0,25.4,0.6,76.5,8,LOW
113.9,33.9,16.1,12.3,22.5,38.4,21,5.4,1,4,124.5,-0.8,29.8,14.2,53.5,21,LOW
192.3,35.4,40.0,76.9,24.2,48.5,32,6.0,24,18,215.2,4.8,18.4,20.8,37.8,41,MODERATE
82.6,26.5,8.7,21.1,16.1,13.5,27,3.1,2,0,74.7,7.9,32.1,10.6,35.9,23,LOW
261.3,80.5,28.3,26.1,32.2,38.1,37,7.1,18,30,248.3,24.4,30.8,10.8,26.9,49,MODERATE
243.9,65.6,62.7,34.5,23.5,37.2,22,11.1,7,20,248.7,-16.1,26.9,25.7,24.9,44,MODERATE
368.8,95.4,55.4,99.6,23.0,26.3,96,3.8,41,31,348.4,10.7,25.9,15.0,13.4,78,HIGH
385.7,144.4,57.6,56.2,11.3,17.8,64,6.0,48,8,329.2,15.6,37.4,14.9,7.6,68,HIGH
222.5,57.3,38.4,47.1,26.6,21.8,65,3.4,31,30,201.2,-3.9,25.7,17.3,21.8,45,MODERATE
309.2,125.9,59.2,95.2,22.1,18.2,96,3.2,30,9,286.7,-5.8,40.7,19.1,13.0,67,HIGH
117.4,24.3,24.7,25.3,27.7,24.0,22,5.3,4,8,115.8,-2.0,20.7,21.0,44.0,18,LOW
104.2,13.7,9.9,7.3,24.1,31.5,12,8.7,1,7,94.6,-6.4,13.2,9.5,53.3,9,LOW
83.9,21.8,25.2,31.4,39.0,24.4,11,7.6,1,4,86.6,7.6,25.9,30.0,75.6,22,LOW
81.3,13.0,23.3,5.9,6.4,20.3,20,4.1,3,2,87.5,-0.6,15.9,28.7,32.9,5,LOW
356.1,96.2,67.9,20.0,13.8,18.6,79,4.5,45,23,313.8,50.3,27.0,19.1,9.1,69,HIGH
205.9,48.3,56.1,24.6,34.8,31.2,30,6.9,22,4,180.3,30.0,23.5,27.3,32.0,55,MODERATE
240.9,57.6,25.9,30.0,28.1,18.7,56,4.3,16,5,251.9,40.0,23.9,10.7,19.4,33,MODERATE
212.0,81.4,3.7,46.7,28.9,35.9,39,5.4,9,12,215.9,-14.5,38.4,1.8,30.6,41,MODERATE
114.0,21.5,14.4,25.9,29.4,5.0,11,10.4,6,9,103.8,-1.6,18.9,12.6,30.1,13,LOW
52.0,18.8,15.6,0.0,8.2,20.6,31,1.7,0,1,49.5,17.8,36.3,30.0,55.4,14,LOW
130.5,14.1,2.8,32.2,36.6,27.8,26,5.0,0,0,125.4,-9.3,10.8,2.2,49.3,29,LOW
232.9,83.4,37.2,77.0,33.3,3.7,46,5.1,24,7,239.9,15.3,35.8,16.0,15.9,41,MODERATE
218.0,67.2,15.2,50.2,27.5,0.0,29,7.5,31,27,214.6,11.6,30.8,7.0,12.6,56,MODERATE
167.3,69.3,54.3,62.4,17.9,6.2,38,4.4,40,17,175.8,17.7,41.4,32.5,14.4,55,MODERATE
68.7,27.5,0.0,13.3,20.1,40.1,17,4.0,3,0,66.1,7.4,40.0,0.0,87.6,28,LOW
189.2,82.6,19.7,20.6,34.1,22.3,27,7.0,29,15,211.5,-1.5,43.7,10.4,29.8,39,MODERATE
531.8,281.9,64.0,101.9,10.6,4.3,112,4.7,106,50,523.8,4.7,53.0,12.0,2.8,90,CRITICAL
266.7,79.1,18.7,10.6,32.7,25.0,23,11.6,21,7,299.1,5.2,29.7,7.0,21.6,54,MODERATE
253.5,42.6,21.9,29.6,54.3,54.9,51,5.0,31,7,283.2,40.1,16.8,8.6,43.1,49,MODERATE
310.5,163.3,82.1,118.8,20.1,0.4,64,4.9,37,7,335.1,30.8,52.6,26.5,6.6,73,HIGH
225.1,30.9,30.2,10.0,10.0,11.8,55,4.1,30,7,220.2,18.1,13.7,13.4,9.7,57,MODERATE
546.5,274.8,105.4,140.4,2.8,12.0,93,5.9,89,31,536.0,20.7,50.3,19.3,2.7,92,CRITICAL
260.6,113.2,37.6,29.9,52.1,3.3,37,7.0,13,2,261.1,-0.0,43.5,14.4,21.3,34,MODERATE
220.0,67.0,4.7,60.0,12.8,18.7,53,4.2,34,8,192.1,-2.4,30.5,2.2,14.4,57,MODERATE
262.9,59.9,0.0,40.9,32.0,0.0,58,4.5,13,14,250.4,0.9,22.8,0.0,12.2,40,MODERATE
530.3,130.0,132.6,91.2,0.0,19.3,110,4.8,132,49,505.0,34.2,24.5,25.0,3.6,82,CRITICAL
96.2,34.0,1.5,37.9,28.2,23.2,16,6.0,3,4,98.7,3.3,35.4,1.6,53.5,28,LOW
221.2,68.4,43.2,24.6,35.4,21.6,45,4.9,13,7,251.3,26.1,30.9,19.5,25.8,55,MODERATE
110.3,15.8,5.7,28.1,21.3,5.0,34,3.2,4,2,113.5,-12.0,14.3,5.1,23.8,13,LOW
296.8,112.3,103.2,73.2,14.9,15.4,64,4.6,76,8,317.8,18.5,37.8,34.8,10.2,75,HIGH
382.7,138.7,67.9,95.1,17.9,15.0,56,6.8,49,45,320.2,13.7,36.2,17.8,8.6,78,HIGH
504.3,229.3,206.8,106.8,2.1,10.6,107,4.7,122,28,472.7,51.7,45.5,41.0,2.5,83,CRITICAL
346.8,168.0,75.5,91.8,7.0,2.1,69,5.0,40,11,375.1,38.5,48.4,21.8,2.6,65,HIGH
83.7,33.5,21.8,0.0,37.0,14.8,12,7.0,2,4,85.3,-1.5,40.0,26.1,61.9,23,LOW
204.6,102.3,37.4,66.2,42.1,24.5,34,6.0,25,16,225.2,-5.3,50.0,18.3,32.5,47,MODERATE
186.2,41.2,26.7,44.4,34.1,16.0,54,3.4,19,5,201.9,9.1,22.1,14.3,26.9,59,MODERATE
204.4,55.4,42.0,39.6,13.7,67.0,36,5.7,0,5,213.5,-17.8,27.1,20.5,39.5,56,MODERATE
130.3,5.2,5.0,33.5,31.4,42.9,11,11.8,9,0,121.7,-0.6,4.0,3.8,57.0,5,LOW
211.3,67.8,70.5,24.2,30.6,9.1,36,5.9,42,2,209.4,15.6,32.1,33.3,18.8,59,MODERATE
175.4,47.4,48.8,70.1,50.7,4.8,52,3.4,14,7,190.2,-3.3,27.0,27.8,31.7,51,MODERATE
84.2,33.7,7.3,12.8,18.3,5.4,5,16.8,1,3,92.0,-1.7,40.0,8.7,28.2,15,LOW
444.4,199.9,97.4,133.8,9.7,5.8,79,5.6,138,25,437.1,36.8,45.0,21.9,3.5,86,CRITICAL
372.8,164.2,116.6,50.8,9.0,28.6,82,4.5,41,14,394.9,55.2,44.1,31.3,10.1,74,HIGH
370.1,167.4,76.2,107.3,20.4,29.1,89,4.2,76,12,335.0,15.1,45.2,20.6,13.4,73,HIGH
339.4,191.0,42.9,83.2,37.5,10.9,63,5.4,110,24,299.3,6.9,56.3,12.6,14.3,76,HIGH
191.3,95.7,54.8,76.5,57.5,2.8,28,6.8,9,4,213.2,10.8,50.0,28.6,31.5,55,MODERATE
86.6,31.8,17.7,32.4,44.4,23.7,22,3.9,4,6,94.7,-0.0,36.7,20.5,78.6,14,LOW
97.7,22.0,17.9,23.4,29.4,21.4,26,3.8,17,5,104.5,-11.7,22.5,18.3,52.0,18,LOW
585.2,135.0,89.4,68.9,3.5,18.2,102,5.7,152,31,609.3,-2.3,23.1,15.3,3.7,92,CRITICAL
194.0,87.5,37.5,51.9,47.3,23.2,65,3.0,16,27,174.9,-12.5,45.1,19.3,36.3,53,MODERATE
491.1,264.8,40.0,121.9,26.0,8.9,100,4.9,125,26,458.6,35.9,53.9,8.1,7.1,96,CRITICAL
526.2,213.4,110.1,152.3,5.9,0.0,67,7.9,175,45,474.8,44.4,40.6,20.9,1.1,88,CRITICAL
406.6,170.2,99.6,47.8,13.6,7.6,80,5.1,89,14,330.4,10.0,41.9,24.5,5.2,77,HIGH
96.1,3.0,28.8,21.7,30.7,36.4,14,6.9,0,7,103.3,-1.3,3.1,30.0,69.8,22,LOW
72.4,17.2,9.0,28.9,5.0,57.7,28,2.6,19,6,71.0,6.3,23.7,12.5,86.6,19,LOW
111.1,41.4,5.4,28.2,40.9,5.0,10,11.1,11,0,107.8,18.0,37.3,4.8,41.3,14,LOW
430.0,130.0,150.2,131.0,10.1,0.2,65,6.6,102,37,393.8,13.4,30.2,34.9,2.4,94,CRITICAL
124.1,24.6,9.2,0.6,12.0,5.0,12,10.3,2,4,127.1,9.8,19.8,7.4,13.7,25,LOW
96.0,26.4,21.1,7.7,21.1,5.0,23,4.2,6,8,94.5,-14.7,27.6,22.0,27.2,29,LOW
519.0,214.7,227.2,144.2,10.1,4.8,84,6.2,126,18,544.3,45.0,41.4,43.8,2.9,86,CRITICAL
205.1,52.3,27.6,34.2,20.4,27.6,65,3.2,13,9,235.0,4.1,25.5,13.4,23.4,42,MODERATE
573.2,130.0,95.0,105.3,0.0,5.2,67,8.6,75,28,608.7,20.6,22.7,16.6,0.9,83,CRITICAL
365.4,202.5,55.7,91.9,4.5,13.9,73,5.0,78,12,361.4,8.3,55.4,15.2,5.0,73,HIGH
250.4,77.4,49.1,56.8,32.5,46.9,34,7.4,23,17,277.4,-18.8,30.9,19.6,31.7,57,MODERATE
255.2,56.8,45.6,43.0,10.7,36.0,28,9.1,22,9,264.9,21.1,22.3,17.9,18.3,36,MODERATE
121.8,48.7,7.1,3.4,29.6,28.7,18,6.8,4,12,115.7,-7.3,40.0,5.9,47.8,16,LOW
102.4,26.7,12.2,18.7,71.5,16.9,24,4.3,20,1,111.6,3.5,26.0,11.9,86.3,22,LOW
200.2,71.9,32.7,62.8,42.5,33.9,20,10.0,23,11,185.6,8.0,35.9,16.3,38.1,42,MODERATE
128.3,39.2,35.7,35.4,5.0,25.4,16,8.0,3,6,139.4,-6.0,30.5,27.8,23.7,28,LOW
339.7,94.5,94.0,85.7,33.0,14.5,85,4.0,65,21,303.6,64.5,27.8,27.7,14.0,79,HIGH
413.1,139.2,93.3,20.0,7.9,4.5,64,6.5,110,24,430.1,55.3,33.7,22.6,3.0,69,HIGH
240.8,64.7,46.6,19.3,18.3,15.9,65,3.7,12,5,249.0,-13.8,26.9,19.3,14.2,58,MODERATE
155.2,40.6,11.0,24.1,21.8,17.7,49,3.2,24,0,139.3,6.5,26.2,7.1,25.4,55,MODERATE
367.4,116.0,113.1,31.3,20.7,0.0,45,8.2,48,13,385.3,50.2,31.6,30.8,5.6,70,HIGH
494.4,178.2,82.5,123.6,6.3,2.7,120,4.1,120,24,479.1,0.9,36.0,16.7,1.8,86,CRITICAL
350.5,188.1,51.7,33.8,23.5,17.4,83,4.2,55,17,283.8,14.7,53.7,14.7,11.7,72,HIGH
215.8,66.3,57.4,51.2,21.8,40.7,56,3.9,5,24,239.5,11.6,30.7,26.6,29.0,48,MODERATE
212.8,57.0,0.0,16.1,41.6,55.3,52,4.1,25,11,210.3,35.3,26.8,0.0,45.5,49,MODERATE
176.0,88.0,9.6,24.1,17.9,32.6,42,4.2,19,13,191.0,15.6,50.0,5.5,28.7,50,MODERATE
345.2,111.7,19.2,74.1,8.5,27.3,63,5.5,71,33,338.8,-14.7,32.4,5.6,10.4,63,HIGH
505.3,287.3,92.0,160.5,8.6,0.3,65,7.8,115,35,541.7,61.3,56.9,18.2,1.8,90,CRITICAL
270.0,72.1,50.5,58.9,8.7,33.8,45,6.0,18,4,279.3,17.5,26.7,18.7,15.7,44,MODERATE
189.1,82.3,47.5,74.4,43.6,41.4,33,5.7,31,27,185.7,-7.4,43.5,25.1,44.9,51,MODERATE
174.2,84.9,41.8,56.3,55.3,15.9,40,4.4,25,4,161.0,1.6,48.7,24.0,40.9,56,MODERATE
208.5,94.4,38.2,29.1,19.3,33.9,57,3.7,25,17,232.2,16.0,45.3,18.3,25.5,58,MODERATE
89.2,27.4,10.1,7.8,5.0,7.3,17,5.2,2,6,95.2,-10.6,30.8,11.3,13.8,24,LOW
86.8,33.8,18.4,23.8,32.0,5.0,26,3.3,9,8,95.4,-12.2,38.9,21.2,42.7,5,LOW
90.3,35.1,6.7,14.1,5.0,5.0,34,2.7,6,13,90.5,-1.9,38.9,7.5,11.1,6,LOW
529.8,331.7,130.5,89.3,28.3,7.3,76,7.0,206,21,534.0,8.7,62.6,24.6,6.7,82,CRITICAL
270.0,65.6,37.6,70.1,43.7,25.6,43,6.3,3,7,295.0,14.3,24.3,13.9,25.7,49,MODERATE
559.2,173.3,102.8,90.0,22.7,7.5,91,6.1,151,62,521.2,38.1,31.0,18.4,5.4,98,CRITICAL
376.9,179.2,52.6,47.5,7.0,12.7,71,5.3,92,31,385.1,-17.5,47.5,14.0,5.2,68,HIGH
218.6,98.5,34.3,60.1,60.8,44.6,55,4.0,18,13,233.2,-18.7,45.1,15.7,48.2,57,MODERATE
150.0,59.7,52.5,22.5,40.5,10.7,43,3.5,30,6,166.4,8.1,39.8,35.0,34.2,39,MODERATE
328.3,182.1,69.2,36.7,2.0,17.8,45,7.3,54,22,332.6,-5.3,55.5,21.1,6.0,74,HIGH
200.1,79.4,38.1,54.6,18.6,12.7,53,3.8,21,14,187.6,-0.5,39.7,19.0,15.6,54,MODERATE
240.1,90.3,31.5,33.0,18.3,17.7,20,12.0,13,7,268.7,1.8,37.6,13.1,15.0,33,MODERATE
225.8,52.2,37.7,10.0,40.6,28.7,41,5.5,22,15,229.0,4.5,23.1,16.7,30.7,44,MODERATE
355.3,140.2,101.5,116.9,9.4,13.5,78,4.6,62,10,382.0,29.9,39.5,28.6,6.4,77,HIGH
141.2,9.3,17.7,38.8,34.0,22.1,12,11.8,6,0,144.4,-5.3,6.6,12.6,39.7,16,LOW
76.2,30.5,9.3,0.0,28.0,24.4,30,2.5,5,2,82.5,15.4,40.0,12.2,68.7,18,LOW
452.7,193.9,57.2,118.2,3.1,0.0,90,5.0,75,50,488.7,14.1,42.8,12.6,0.7,82,CRITICAL
85.1,8.4,24.9,10.7,13.3,31.9,5,17.0,20,0,84.5,5.8,9.9,29.2,53.1,17,LOW
76.6,24.4,0.0,24.7,35.2,10.1,21,3.6,5,7,72.8,-6.5,31.8,0.0,59.1,15,LOW
551.4,282.7,103.7,72.4,17.9,3.4,105,5.3,179,10,493.1,50.7,51.3,18.8,3.9,83,CRITICAL
62.8,8.2,9.2,25.1,5.0,5.0,16,3.9,2,7,66.7,-4.9,13.1,14.6,15.9,16,LOW
110.8,44.3,24.4,9.9,27.5,15.6,24,4.6,0,6,114.3,4.0,40.0,22.0,38.9,18,LOW
72.2,11.3,20.4,28.9,6.1,43.7,23,3.1,5,0,65.5,9.2,15.6,28.3,68.9,16,LOW
382.9,205.9,63.7,107.6,21.2,11.9,56,6.8,43,12,333.8,42.5,53.8,16.6,8.6,73,HIGH
305.5,180.1,97.0,84.9,26.5,29.0,60,5.1,80,31,301.4,56.7,58.9,31.8,18.2,65,HIGH
564.0,170.0,40.0,134.5,14.7,19.8,70,8.1,120,48,607.9,31.0,30.1,7.1,6.1,88,CRITICAL
99.2,36.3,20.0,9.5,36.1,12.3,21,4.7,12,3,96.9,-12.5,36.6,20.2,48.9,15,LOW
244.3,54.4,0.0,44.2,30.3,35.9,65,3.8,17,5,275.9,-16.0,22.3,0.0,27.1,50,MODERATE
325.9,131.4,107.5,40.5,29.1,18.0,59,5.5,40,8,357.9,1.7,40.3,33.0,14.4,68,HIGH
320.2,155.6,41.7,131.2,38.2,24.6,69,4.6,51,19,313.2,54.1,48.6,13.0,19.6,78,HIGH
75.8,22.6,0.0,30.3,23.7,21.0,32,2.4,5,9,79.5,-2.3,29.8,0.0,58.9,18,LOW
368.9,155.3,66.7,65.1,45.0,6.2,81,4.6,65,11,400.8,16.9,42.1,18.1,13.9,62,HIGH
243.0,48.2,46.4,31.7,37.6,32.1,25,9.7,20,14,271.2,-2.9,19.8,19.1,28.7,50,MODERATE
337.8,113.1,68.8,57.2,29.2,24.7,54,6.3,64,26,293.5,14.1,33.5,20.4,16.0,67,HIGH
90.2,3.6,0.0,12.6,22.0,35.6,26,3.5,10,6,97.2,-10.7,4.0,0.0,63.9,27,LOW
484.2,252.1,93.4,112.1,6.8,4.5,86,5.6,103,21,426.7,2.6,52.1,19.3,2.3,86,CRITICAL
356.2,161.2,68.2,91.3,0.0,20.0,47,7.6,45,27,324.3,13.6,45.3,19.1,5.6,78,HIGH
270.0,75.5,18.0,21.6,48.8,9.4,64,4.2,0,23,236.8,13.8,28.0,6.7,21.6,53,MODERATE
95.1,25.6,10.5,27.5,9.0,18.3,20,4.8,1,7,98.4,-18.4,26.9,11.0,28.7,7,LOW
297.9,169.6,72.2,77.7,24.0,14.5,69,4.3,69,27,268.9,-15.6,56.9,24.2,12.9,74,HIGH
393.1,98.8,84.6,44.8,10.2,23.4,57,6.9,54,11,377.9,57.3,25.1,21.5,8.5,62,HIGH
599.0,230.0,163.6,131.1,27.0,14.4,98,6.1,147,28,562.1,21.2,38.4,27.3,6.9,85,CRITICAL
175.0,87.5,11.1,70.0,47.8,38.5,33,5.3,26,1,150.3,21.4,50.0,6.4,49.3,43,MODERATE
158.4,45.4,27.3,63.3,43.5,49.4,61,2.6,15,10,149.8,-2.4,28.6,17.2,58.6,44,MODERATE
198.3,69.5,60.7,38.9,32.6,35.9,48,4.1,14,12,209.2,14.9,35.0,30.6,34.5,41,MODERATE
329.5,70.0,131.8,57.9,13.1,34.7,49,6.7,87,14,322.2,-11.1,21.2,40.0,14.5,74,HIGH
332.3,110.8,108.7,114.8,17.7,14.1,45,7.4,78,36,266.8,4.0,33.4,32.7,9.5,66,HIGH
85.4,0.4,3.2,17.1,42.2,5.0,22,3.9,6,11,90.2,1.7,0.4,3.7,55.3,10,LOW
81.7,20.3,3.8,24.5,61.9,29.4,13,6.3,7,10,80.6,9.7,24.9,4.6,111.7,22,LOW
109.4,23.5,29.1,14.2,39.3,19.5,15,7.3,8,7,117.1,1.0,21.4,26.6,53.8,6,LOW
229.6,38.0,50.5,42.8,75.0,0.0,58,4.0,17,0,254.6,-4.5,16.5,22.0,32.7,48,MODERATE
210.2,66.8,9.7,14.3,30.8,3.9,21,10.0,16,8,210.7,-10.8,31.8,4.6,16.6,33,MODERATE
69.9,27.9,21.0,27.9,14.6,29.3,25,2.8,3,3,75.8,-0.4,40.0,30.0,62.9,20,LOW
59.9,24.0,14.8,19.3,33.8,31.5,27,2.2,1,10,55.1,9.2,40.0,24.7,109.1,29,LOW
101.7,28.9,8.3,31.9,22.4,10.9,24,4.2,2,0,111.4,13.0,28.4,8.2,32.8,8,LOW
102.4,39.2,9.1,27.9,6.0,29.4,12,8.5,10,0,100.9,3.0,38.3,8.9,34.6,9,LOW
207.5,103.7,48.2,62.0,27.5,28.3,36,5.8,31,11,234.1,9.0,50.0,23.2,26.9,58,MODERATE
461.9,217.5,44.6,170.9,0.0,0.0,106,4.4,81,24,434.5,29.6,47.1,9.7,0.0,97,CRITICAL
99.9,29.8,30.0,15.6,28.1,7.6,15,6.7,7,4,101.0,25.7,29.8,30.0,35.7,22,LOW
418.0,160.9,90.2,40.0,28.3,28.9,71,5.9,64,11,437.5,13.2,38.5,21.6,13.7,65,HIGH
95.2,28.7,22.9,34.0,23.8,33.1,19,5.0,1,9,103.5,2.5,30.1,24.0,59.8,6,LOW
199.4,81.6,24.4,24.0,6.1,44.7,28,7.1,30,4,196.8,28.7,40.9,12.2,25.5,47,MODERATE
113.8,15.4,28.8,36.9,45.9,9.4,20,5.7,9,0,103.3,-6.8,13.5,25.3,48.6,19,LOW
336.5,179.7,78.7,25.9,20.7,9.8,54,6.2,34,26,314.3,42.5,53.4,23.4,9.1,72,HIGH
106.0,16.2,17.3,0.0,34.0,23.6,25,4.2,5,10,115.5,-10.6,15.3,16.3,54.3,21,LOW
217.1,66.1,63.1,58.2,19.6,23.7,41,5.3,22,30,214.3,11.7,30.5,29.0,20.0,41,MODERATE
212.1,48.6,16.0,30.6,67.3,27.0,46,4.6,7,0,216.2,-9.7,22.9,7.5,44.5,53,MODERATE
227.3,79.4,44.7,65.5,16.4,39.0,33,6.9,10,16,228.7,26.9,34.9,19.6,24.4,59,MODERATE
520.2,215.3,192.4,135.7,16.2,14.4,111,4.7,197,34,486.1,27.8,41.4,37.0,5.9,82,CRITICAL
480.0,272.6,53.6,59.2,7.8,0.0,99,4.8,75,35,524.5,32.6,56.8,11.2,1.6,88,CRITICAL
552.6,274.3,140.0,99.6,0.0,11.5,73,7.6,149,41,598.1,16.3,49.6,25.3,2.1,85,CRITICAL
213.5,45.7,42.7,74.8,27.8,27.0,65,3.3,7,21,228.1,24.3,21.4,20.0,25.6,50,MODERATE
427.2,113.1,96.4,51.9,21.6,9.0,49,8.7,75,24,424.5,43.2,26.5,22.6,7.2,70,HIGH
463.6,131.7,92.8,62.8,15.7,1.1,127,3.7,124,32,424.2,-21.5,28.4,20.0,3.6,97,CRITICAL
234.1,44.9,32.1,43.6,48.4,28.1,62,3.8,5,13,212.6,8.2,19.2,13.7,32.7,52,MODERATE
87.5,15.0,17.0,26.8,22.8,5.0,28,3.1,4,3,87.5,5.4,17.2,19.5,31.8,28,LOW
310.2,186.1,71.4,107.6,32.5,8.3,86,3.6,75,9,310.6,27.9,60.0,23.0,13.2,69,HIGH
124.9,18.1,16.5,33.1,25.3,15.7,8,15.6,14,0,123.4,-11.6,14.5,13.2,32.8,17,LOW
75.4,30.2,22.6,7.9,19.9,22.8,26,2.9,3,2,74.9,9.1,40.0,30.0,56.6,23,LOW
323.9,194.4,24.7,67.5,19.8,21.2,45,7.2,68,5,278.8,20.1,60.0,7.6,12.7,66,HIGH
216.1,22.2,42.9,57.9,3.0,10.3,42,5.1,20,16,210.9,2.5,10.3,19.9,6.2,54,MODERATE
104.5,21.7,11.6,10.6,9.6,34.2,33,3.2,5,10,98.3,-5.6,20.7,11.1,41.9,16,LOW
83.2,14.1,25.0,9.2,5.0,10.5,17,4.9,1,11,79.7,14.7,17.0,30.0,18.7,16,LOW
186.9,67.3,13.5,31.7,28.8,52.2,43,4.3,41,13,205.6,-2.0,36.0,7.2,43.3,57,MODERATE
193.9,74.4,56.9,30.6,28.0,31.9,36,5.4,27,16,176.0,24.5,38.4,29.3,30.9,40,MODERATE
565.1,215.4,46.9,35.9,2.2,9.4,106,5.3,107,44,494.1,-0.4,38.1,8.3,2.1,95,CRITICAL
460.8,300.1,176.8,141.0,16.3,3.3,92,5.0,168,37,489.3,29.6,65.1,38.4,4.3,89,CRITICAL
226.0,71.4,43.1,50.3,29.0,15.1,48,4.7,40,7,213.6,-13.4,31.6,19.1,19.5,39,MODERATE
150.0,61.9,52.5,36.2,47.1,20.4,44,3.4,8,3,150.6,18.1,41.3,35.0,45.0,57,MODERATE
302.4,181.5,64.8,59.3,26.8,31.4,50,6.0,54,28,300.6,24.3,60.0,21.4,19.2,76,HIGH
137.0,2.1,28.1,17.3,37.9,21.0,29,4.7,0,3,148.9,-13.2,1.5,20.5,43.0,28,LOW
580.2,206.6,95.0,130.8,0.4,7.8,65,8.9,141,63,619.2,12.0,35.6,16.4,1.4,81,CRITICAL
234.6,83.9,22.6,41.0,15.2,21.8,50,4.7,23,22,213.8,-15.5,35.8,9.6,15.8,49,MODERATE
243.3,42.2,29.5,69.9,34.9,30.1,27,9.0,9,19,267.5,-5.6,17.4,12.1,26.7,41,MODERATE
52.6,21.1,9.3,15.7,64.6,23.6,16,3.3,2,0,54.1,-12.0,40.0,17.7,167.5,20,LOW
338.7,118.2,91.5,72.3,30.0,21.5,56,6.0,86,11,312.4,31.8,34.9,27.0,15.2,76,HIGH
301.3,180.8,79.7,67.6,35.2,10.5,76,4.0,66,24,266.7,10.6,60.0,26.4,15.2,66,HIGH
382.1,193.1,76.4,57.9,39.1,12.2,50,7.6,78,24,415.3,6.1,50.5,20.0,13.4,75,HIGH
299.9,173.9,40.6,20.0,15.5,27.0,49,6.1,76,27,308.5,-10.0,58.0,13.6,14.2,70,HIGH
243.5,75.0,54.6,10.7,22.2,11.3,56,4.3,17,18,227.9,14.6,30.8,22.4,13.8,37,MODERATE
465.0,239.3,195.4,177.0,16.5,7.6,88,5.3,151,32,441.7,29.5,51.4,42.0,5.2,86,CRITICAL
207.8,71.9,9.1,56.0,18.0,24.7,41,5.1,15,3,219.5,-0.1,34.6,4.4,20.6,59,MODERATE
229.4,107.8,47.8,29.2,13.8,10.7,65,3.5,18,6,247.2,2.1,47.0,20.8,10.7,44,MODERATE
344.4,128.8,18.9,49.4,10.2,5.7,63,5.5,42,18,346.3,23.3,37.4,5.5,4.6,64,HIGH
216.8,91.0,57.7,43.8,22.9,15.0,39,5.6,16,16,234.9,12.6,42.0,26.6,17.5,49,MODERATE
181.0,61.8,39.6,39.2,25.6,31.3,60,3.0,31,23,192.6,-13.8,34.1,21.9,31.5,58,MODERATE
485.3,195.9,93.6,144.8,5.7,18.0,110,4.4,131,29,455.0,57.7,40.4,19.3,4.9,93,CRITICAL
232.0,93.4,36.0,57.6,19.8,29.4,57,4.1,14,5,266.5,6.8,40.3,15.5,21.2,57,MODERATE
236.0,93.6,42.1,10.0,53.0,12.0,32,7.4,23,23,226.9,24.0,39.7,17.8,27.6,56,MODERATE
54.6,21.8,6.4,21.8,38.5,30.8,21,2.6,1,4,57.8,-2.0,40.0,11.7,127.0,5,LOW
628.3,174.8,150.7,91.7,1.0,1.2,100,6.3,92,23,569.7,17.0,27.8,24.0,0.3,85,CRITICAL
62.8,25.1,18.8,25.1,24.1,5.0,13,4.8,4,5,57.6,8.2,40.0,30.0,46.4,19,LOW
213.8,48.7,0.0,65.0,7.5,26.6,45,4.8,25,9,222.2,9.9,22.8,0.0,15.9,32,MODERATE
142.2,15.4,17.2,25.5,20.6,15.7,21,6.8,8,11,145.1,-0.3,10.8,12.1,25.5,22,LOW
180.3,56.7,37.0,45.9,49.2,48.1,31,5.8,23,17,189.1,32.3,31.5,20.5,54.0,57,MODERATE
124.7,31.3,28.2,17.6,5.0,25.2,30,4.2,4,9,113.6,-6.4,25.1,22.6,24.2,12,LOW
76.3,30.5,22.9,13.1,24.9,19.7,20,3.8,0,0,77.6,11.4,40.0,30.0,58.4,19,LOW
89.1,4.2,26.7,35.6,16.4,30.9,24,3.7,1,11,86.8,21.4,4.7,30.0,53.0,17,LOW
270.0,82.1,68.5,32.4,40.5,45.1,31,8.7,16,25,280.8,-12.6,30.4,25.4,31.7,42,MODERATE
205.4,71.4,15.5,70.4,0.0,23.7,55,3.7,5,15,235.0,-7.3,34.8,7.5,11.5,54,MODERATE
34.1,13.6,6.9,13.6,6.3,16.8,20,1.7,5,6,32.9,-7.2,40.0,20.1,67.6,21,LOW
86.0,27.4,16.0,34.4,51.1,5.0,16,5.4,3,5,93.6,0.4,31.9,18.6,65.2,26,LOW
560.7,237.9,184.3,98.1,13.9,6.5,125,4.5,117,43,533.3,1.1,42.4,32.9,3.6,81,CRITICAL
257.8,68.4,59.5,27.3,37.6,26.3,51,5.1,19,15,269.7,24.8,26.5,23.1,24.8,34,MODERATE
190.8,87.2,40.0,63.3,32.8,44.4,44,4.3,4,23,189.4,-12.1,45.7,20.9,40.5,55,MODERATE
366.9,154.3,44.7,62.3,28.8,6.5,61,6.0,76,28,393.0,13.8,42.1,12.2,9.6,64,HIGH
228.3,62.1,35.6,66.8,28.3,25.2,34,6.7,27,14,209.8,21.2,27.2,15.6,23.4,36,MODERATE
654.9,252.1,40.0,167.0,6.9,6.8,84,7.8,131,34,653.5,11.9,38.5,6.1,2.1,81,CRITICAL
96.4,31.4,14.3,25.8,26.0,5.0,12,8.0,5,4,90.9,18.4,32.5,14.8,32.1,8,LOW
146.3,4.5,8.7,19.5,22.8,32.1,11,13.3,0,6,138.8,-6.9,3.1,6.0,37.5,27,LOW
553.6,167.7,137.0,67.3,16.2,14.4,84,6.6,167,10,604.8,55.5,30.3,24.7,5.5,97,CRITICAL
348.5,128.8,15.0,44.7,28.5,26.1,64,5.4,81,29,382.7,21.4,37.0,4.3,15.7,79,HIGH
150.0,38.7,29.5,56.4,37.3,32.1,37,4.1,18,6,160.3,18.8,25.8,19.7,46.3,39,MODERATE
341.8,130.2,30.1,68.4,16.4,5.4,77,4.4,74,26,328.9,1.1,38.1,8.8,6.4,67,HIGH
115.7,23.8,0.0,17.0,10.4,21.0,31,3.7,1,0,108.2,-4.6,20.5,0.0,27.1,28,LOW
114.0,24.6,13.3,15.3,24.8,30.4,13,8.8,0,0,102.9,2.2,21.6,11.6,48.4,11,LOW
139.1,55.6,15.9,29.5,5.0,38.0,26,5.4,2,2,148.3,-5.5,40.0,11.4,30.9,22,LOW
528.4,205.6,111.4,132.7,19.9,12.7,84,6.3,84,55,561.4,-11.6,38.9,21.1,6.2,85,CRITICAL
577.3,187.1,77.6,166.4,7.2,2.1,115,5.0,145,33,559.4,56.1,32.4,13.4,1.6,96,CRITICAL
492.1,274.2,40.3,98.6,12.6,13.2,141,3.5,79,22,462.3,-28.7,55.7,8.2,5.3,88,CRITICAL
73.9,29.6,7.7,29.6,34.6,17.4,5,14.8,4,0,80.7,-4.9,40.0,10.4,70.5,17,LOW
124.5,27.9,0.0,21.8,54.0,35.4,15,8.3,0,0,122.8,-14.2,22.4,0.0,71.8,24,LOW
102.9,21.0,14.1,13.6,5.0,23.9,34,3.0,15,5,97.2,2.7,20.4,13.7,28.0,20,LOW
96.2,15.0,17.7,19.4,21.4,9.1,15,6.4,0,8,99.5,1.2,15.6,18.4,31.7,19,LOW
201.0,56.1,38.9,45.7,19.2,0.0,30,6.7,15,10,182.1,-15.3,27.9,19.4,9.5,42,MODERATE
130.8,27.3,21.6,2.0,42.9,35.6,5,26.2,9,1,137.6,-8.1,20.9,16.5,60.0,6,LOW
65.9,19.1,6.2,23.6,34.5,15.6,36,1.8,2,5,64.1,-3.3,28.9,9.4,76.1,15,LOW
178.9,49.3,56.7,49.9,39.2,11.5,20,8.9,15,5,179.2,11.3,27.6,31.7,28.3,46,MODERATE
231.6,69.5,35.2,17.0,54.6,17.4,48,4.8,4,10,210.5,10.2,30.0,15.2,31.1,32,MODERATE
92.1,21.4,0.2,11.4,18.1,32.7,22,4.2,0,0,97.7,-8.1,23.2,0.2,55.1,5,LOW
181.0,90.5,44.4,45.1,40.3,29.1,41,4.4,6,9,206.4,16.2,50.0,24.5,38.4,34,MODERATE
341.4,155.7,104.2,74.8,20.4,9.3,73,4.7,76,14,324.0,-2.3,45.6,30.5,8.7,72,HIGH
347.2,132.9,98.8,85.6,0.0,30.4,75,4.6,44,16,363.8,-10.6,38.3,28.5,8.8,64,HIGH
200.0,52.7,26.7,18.9,46.9,49.0,53,3.8,37,9,177.8,-6.5,26.4,13.3,48.0,55,MODERATE
124.8,35.4,0.6,44.0,42.7,5.0,22,5.7,1,0,116.7,5.3,28.4,0.5,38.2,26,LOW
131.0,6.4,28.2,38.9,12.0,20.8,25,5.2,7,2,124.5,0.0,4.9,21.6,25.1,17,LOW
165.7,68.8,32.6,38.1,35.3,27.8,47,3.5,23,15,165.9,6.7,41.5,19.7,38.1,33,MODERATE
334.2,188.5,86.7,45.0,18.3,10.2,70,4.8,49,20,334.9,12.0,56.4,26.0,8.5,70,HIGH
350.5,185.1,111.1,74.1,24.6,9.0,93,3.8,61,20,339.0,9.0,52.8,31.7,9.6,77,HIGH
314.9,139.4,44.0,126.8,17.6,26.9,75,4.2,70,20,316.2,45.2,44.3,14.0,14.1,69,HIGH
270.0,52.9,66.4,43.8,5.2,32.2,45,6.0,9,4,261.5,4.6,19.6,24.6,13.9,46,MODERATE
109.5,30.5,30.4,35.1,14.7,29.8,12,9.1,0,8,102.9,-6.2,27.9,27.8,40.7,15,LOW
104.9,19.9,17.9,41.9,38.1,16.1,29,3.6,2,2,102.3,-22.4,19.0,17.1,51.6,23,LOW
93.3,9.2,18.9,27.7,34.8,25.5,10,9.3,20,1,87.5,-3.6,9.8,20.2,64.6,17,LOW
293.4,121.6,117.4,82.2,17.9,36.1,62,4.7,63,29,268.5,9.2,41.4,40.0,18.4,70,HIGH
312.9,187.7,81.9,93.7,16.0,4.9,81,3.9,71,33,323.8,13.7,60.0,26.2,6.7,69,HIGH
82.3,32.9,7.5,32.5,26.8,5.0,22,3.7,9,0,84.3,3.3,40.0,9.1,38.7,13,LOW
211.5,73.2,3.4,56.4,8.1,55.6,37,5.7,19,5,214.2,-6.3,34.6,1.6,30.1,48,MODERATE
227.0,95.3,0.0,70.6,30.8,31.5,32,7.1,12,15,193.4,47.9,42.0,0.0,27.5,55,MODERATE
370.2,167.1,97.1,41.4,20.4,6.8,51,7.3,72,29,355.3,13.7,45.1,26.2,7.3,75,HIGH
366.6,193.2,75.3,69.8,34.1,22.9,56,6.5,84,17,343.8,10.7,52.7,20.5,15.6,78,HIGH
189.1,32.6,14.9,46.5,20.2,27.9,35,5.4,9,2,198.9,33.1,17.3,7.9,25.4,48,MODERATE
100.5,22.1,19.3,11.8,12.3,22.7,20,5.0,12,12,93.2,0.2,22.0,19.3,34.8,29,LOW
443.9,204.8,182.2,134.1,10.2,15.9,111,4.0,119,35,415.3,8.8,46.1,41.0,5.9,82,CRITICAL
358.4,121.3,102.5,57.9,0.0,32.0,70,5.1,65,30,290.1,37.2,33.8,28.6,8.9,62,HIGH
107.8,25.3,23.7,37.2,25.1,36.0,27,4.0,7,3,105.2,9.1,23.4,22.0,56.6,7,LOW
69.4,27.7,20.8,19.6,64.0,5.0,25,2.8,2,10,74.8,-3.5,40.0,30.0,99.5,23,LOW
83.3,28.5,4.0,24.1,23.7,23.3,22,3.8,3,0,75.9,-7.2,34.3,4.8,56.5,26,LOW
521.5,363.0,147.1,69.6,13.7,7.7,71,7.3,75,38,535.1,45.4,69.6,28.2,4.1,86,CRITICAL
74.7,29.9,15.3,3.5,45.5,21.5,26,2.9,0,11,78.0,11.7,40.0,20.6,89.8,27,LOW
385.7,137.5,18.1,68.6,25.4,1.9,54,7.1,40,27,402.3,54.8,35.7,4.7,7.1,62,HIGH
169.9,77.2,45.2,46.4,26.4,39.4,30,5.7,12,3,172.4,6.5,45.5,26.6,38.7,32,MODERATE
341.8,108.1,91.4,95.7,12.4,12.8,61,5.6,60,5,316.2,14.0,31.6,26.7,7.4,73,HIGH
390.1,111.5,87.1,97.7,31.8,3.9,71,5.5,99,19,338.4,28.6,28.6,22.3,9.2,62,HIGH
73.5,14.6,22.0,8.6,31.8,10.9,23,3.2,2,9,70.0,-10.0,19.8,30.0,58.1,27,LOW
210.1,69.9,35.7,36.5,35.1,32.0,32,6.6,27,21,214.7,17.7,33.3,17.0,32.0,56,MODERATE
453.6,195.3,87.5,135.6,22.6,5.2,128,3.5,198,27,451.6,18.6,43.1,19.3,6.1,81,CRITICAL
160.0,7.9,22.8,9.8,24.6,5.0,16,10.0,8,4,158.7,-7.6,4.9,14.3,18.5,23,LOW
139.1,18.9,0.0,29.9,50.2,24.7,11,12.6,5,4,131.1,-16.2,13.6,0.0,53.9,18,LOW
177.5,66.4,24.9,41.4,37.4,20.4,28,6.3,21,4,161.5,0.1,37.4,14.0,32.6,33,MODERATE
325.9,138.6,50.3,87.4,22.4,21.1,73,4.5,88,19,357.3,40.2,42.5,15.4,13.4,63,HIGH
96.8,38.7,5.7,22.9,39.6,26.0,21,4.6,3,10,95.4,-7.8,40.0,5.9,67.8,24,LOW
206.1,60.1,13.4,10.0,42.3,28.6,52,4.0,16,6,199.4,5.1,29.1,6.5,34.4,57,MODERATE
116.6,46.7,5.2,4.6,9.6,19.2,40,2.9,4,0,106.9,-16.9,40.0,4.4,24.7,6,LOW
543.1,217.9,76.6,45.6,10.8,7.1,83,6.5,127,43,521.2,55.8,40.1,14.1,3.3,85,CRITICAL
205.6,85.4,34.9,60.3,23.5,27.9,32,6.4,36,5,183.8,-0.8,41.5,17.0,25.0,37,MODERATE
82.9,0.1,24.9,33.2,29.5,6.4,11,7.5,6,3,76.3,3.5,0.2,30.0,43.2,27,LOW
483.9,218.6,131.1,108.1,13.8,8.7,77,6.3,75,40,475.2,69.2,45.2,27.1,4.6,91,CRITICAL
236.9,79.9,37.8,60.3,40.7,36.8,31,7.6,8,8,222.5,4.7,33.7,15.9,32.7,45,MODERATE
343.9,149.7,69.2,77.7,10.0,10.7,56,6.1,32,23,313.2,37.7,43.5,20.1,6.0,78,HIGH
330.1,158.5,35.7,80.3,14.7,5.5,48,6.9,41,17,349.3,20.7,48.0,10.8,6.1,76,HIGH
113.4,12.5,20.0,23.9,25.5,18.9,19,6.0,6,2,113.5,7.0,11.1,17.7,39.1,26,LOW
572.5,180.2,57.4,133.8,9.8,0.1,87,6.6,96,23,503.7,91.1,31.5,10.0,1.7,87,CRITICAL
296.1,177.6,73.9,61.5,29.1,15.6,78,3.8,45,13,280.6,38.8,60.0,25.0,15.1,76,HIGH
217.9,83.7,28.5,48.6,0.0,18.3,51,4.3,17,8,235.8,-13.7,38.4,13.1,8.4,32,MODERATE
458.7,167.4,102.5,68.8,22.5,6.6,65,7.1,131,39,400.4,17.5,36.5,22.3,6.3,98,CRITICAL
134.5,12.8,6.9,4.9,21.5,25.6,27,5.0,6,4,122.7,-10.0,9.5,5.1,35.0,8,LOW
242.4,45.0,12.5,83.5,20.1,5.3,21,11.5,34,9,270.0,0.4,18.6,5.1,10.5,44,MODERATE
206.2,43.5,19.7,18.8,27.7,12.0,52,4.0,26,11,236.5,-9.4,21.1,9.6,19.3,53,MODERATE
155.5,26.8,30.3,6.5,12.2,21.1,16,9.7,1,7,161.1,-11.3,17.2,19.5,21.4,23,LOW
99.7,24.5,7.7,17.7,27.7,10.2,8,12.5,2,14,90.8,12.1,24.5,7.7,38.0,8,LOW
95.0,24.9,11.7,21.9,37.4,9.6,14,6.8,2,3,90.6,-5.7,26.2,12.3,49.4,24,LOW
66.5,10.4,12.9,13.8,16.8,13.5,18,3.7,2,0,64.9,24.6,15.7,19.4,45.6,25,LOW
335.9,98.2,53.5,108.7,19.8,14.3,76,4.4,49,35,355.7,18.2,29.2,15.9,10.2,66,HIGH
467.8,269.5,130.9,146.6,15.9,0.0,84,5.6,77,34,453.5,-5.1,57.6,28.0,3.4,86,CRITICAL
227.6,38.8,34.9,38.8,39.9,28.4,58,3.9,14,17,220.7,7.9,17.0,15.3,30.0,40,MODERATE
522.3,285.8,125.7,138.3,11.3,12.1,107,4.9,75,44,485.8,48.0,54.7,24.1,4.5,89,CRITICAL
430.0,255.5,154.5,144.3,0.0,10.9,78,5.5,139,47,416.1,37.2,59.4,35.9,2.5,95,CRITICAL
635.5,285.8,108.8,170.4,23.7,0.0,122,5.2,151,48,647.4,48.3,45.0,17.1,3.7,89,CRITICAL
190.2,68.5,19.7,45.3,35.0,50.2,26,7.3,27,23,202.9,18.7,36.0,10.4,44.8,54,MODERATE
321.5,141.5,48.4,106.7,21.0,8.0,80,4.0,45,5,334.2,17.9,44.0,15.1,9.0,78,HIGH
373.5,126.2,88.3,46.7,25.8,17.7,47,7.9,56,41,350.1,22.5,33.8,23.7,11.6,72,HIGH
231.5,57.1,35.6,37.8,41.5,46.5,51,4.5,33,19,241.6,14.9,24.7,15.4,38.0,43,MODERATE
95.3,38.1,12.4,38.1,34.4,9.7,11,8.7,14,7,104.0,-2.7,40.0,13.0,46.3,5,LOW
489.7,271.6,55.7,78.4,12.4,3.3,114,4.3,98,35,452.1,36.2,55.5,11.4,3.2,82,CRITICAL
93.4,17.1,24.8,21.5,17.9,5.0,12,7.8,0,0,93.5,-3.2,18.3,26.6,24.5,17,LOW
65.5,11.2,19.6,9.7,20.2,15.6,16,4.1,2,8,70.3,-14.8,17.1,30.0,54.6,22,LOW
552.0,215.6,135.2,157.8,12.0,10.8,100,5.5,152,28,586.8,20.2,39.1,24.5,4.1,90,CRITICAL
520.8,169.8,40.0,205.5,10.8,9.0,82,6.4,156,24,481.6,-41.7,32.6,7.7,3.8,82,CRITICAL
243.4,53.2,7.6,55.7,21.8,51.8,45,5.4,23,9,217.9,33.6,21.8,3.1,30.3,54,MODERATE
175.0,67.1,39.5,23.6,40.3,19.0,20,8.8,29,3,164.8,-13.9,38.3,22.5,33.9,56,MODERATE
428.7,221.5,90.7,92.0,33.0,12.2,59,7.3,78,11,354.9,31.0,51.7,21.2,10.5,72,HIGH
82.0,32.8,0.0,5.6,29.1,5.0,11,7.5,2,4,89.2,19.3,40.0,0.0,41.6,12,LOW
139.0,29.3,18.4,0.0,22.2,17.1,31,4.5,1,0,135.8,-0.8,21.1,13.2,28.3,25,LOW
345.8,162.5,60.6,92.6,24.8,8.1,53,6.5,64,26,366.2,59.0,47.0,17.5,9.5,72,HIGH
187.5,93.8,56.1,53.0,38.4,11.2,38,4.9,39,7,179.5,24.1,50.0,29.9,26.5,41,MODERATE
275.0,111.6,97.7,123.8,8.7,19.8,84,3.3,54,26,247.2,17.3,40.6,35.5,10.4,73,HIGH
507.6,171.5,108.9,150.9,23.7,1.5,92,5.5,106,35,473.0,-10.0,33.8,21.5,5.0,88,CRITICAL
391.1,122.4,86.3,78.4,11.9,20.4,81,4.8,66,20,393.3,-1.2,31.3,22.1,8.3,74,HIGH
374.9,160.5,125.5,90.7,33.4,22.0,72,5.2,88,26,404.5,22.6,42.8,33.5,14.8,73,HIGH
238.5,58.1,34.0,35.9,67.0,28.8,35,6.8,2,27,258.1,2.1,24.4,14.2,40.2,52,MODERATE
195.1,66.5,68.3,51.0,20.8,12.5,36,5.4,45,8,181.4,21.3,34.1,35.0,17.1,59,MODERATE
51.3,20.5,13.2,7.9,10.4,16.4,17,3.0,1,3,47.4,9.2,40.0,25.7,52.2,26,LOW
252.6,26.0,47.0,64.7,9.9,11.7,31,8.1,13,8,270.9,9.4,10.3,18.6,8.6,51,MODERATE
548.6,299.7,67.3,117.7,14.5,4.8,109,5.0,124,20,501.1,9.0,54.6,12.3,3.5,98,CRITICAL
76.6,30.6,23.0,25.2,31.0,22.9,16,4.8,16,8,83.4,21.8,40.0,30.0,70.5,16,LOW
549.1,173.1,98.3,89.9,16.4,5.2,142,3.9,132,48,597.8,2.6,31.5,17.9,3.9,90,CRITICAL
150.0,23.0,52.5,44.1,32.7,0.0,32,4.7,18,13,143.1,-2.2,15.4,35.0,21.8,59,MODERATE
161.9,68.4,41.8,64.7,49.7,38.0,20,8.1,33,17,157.8,9.6,42.3,25.9,54.1,40,MODERATE
185.9,92.9,36.4,33.5,51.2,18.0,61,3.0,11,23,192.1,8.6,50.0,19.6,37.2,48,MODERATE
441.4,226.3,88.7,129.2,15.0,9.4,107,4.1,121,25,400.2,39.8,51.3,20.1,5.5,82,CRITICAL
256.2,83.2,25.6,70.9,34.0,19.1,45,5.7,35,15,267.8,37.8,32.5,10.0,20.7,54,MODERATE
525.9,254.5,54.4,148.3,20.8,10.4,65,8.1,182,18,542.1,37.7,48.4,10.4,5.9,93,CRITICAL
236.9,66.8,33.1,35.5,32.5,39.9,52,4.6,26,16,271.1,27.9,28.2,14.0,30.6,51,MODERATE
526.4,218.2,123.6,81.6,18.5,15.8,113,4.7,111,32,526.8,67.2,41.4,23.5,6.5,91,CRITICAL
218.6,91.5,36.0,40.1,38.7,11.9,43,5.1,7,12,224.2,2.7,41.9,16.5,23.2,34,MODERATE
82.9,26.8,24.9,30.8,21.0,9.3,5,16.6,0,1,81.6,-1.6,32.3,30.0,36.5,7,LOW
163.9,78.4,0.0,31.7,18.5,20.8,20,8.2,26,1,160.5,25.4,47.8,0.0,24.0,33,MODERATE
189.7,57.5,18.3,34.3,7.3,33.2,41,4.6,1,5,171.2,11.1,30.3,9.7,21.4,38,MODERATE
430.0,172.7,58.3,90.0,10.1,3.0,65,6.6,141,32,461.1,38.2,40.2,13.6,3.1,91,CRITICAL
87.4,27.1,6.5,18.2,18.9,10.1,28,3.1,7,0,91.4,9.8,31.0,7.4,33.2,23,LOW
320.0,181.0,109.3,105.4,15.9,0.0,76,4.2,62,10,291.1,5.8,56.6,34.2,5.0,74,HIGH
338.9,175.5,69.5,72.8,8.2,18.2,87,3.9,68,5,305.5,-9.5,51.8,20.5,7.8,78,HIGH
318.3,191.0,16.8,43.4,37.8,24.4,63,5.1,89,24,342.6,23.1,60.0,5.3,19.5,74,HIGH
100.0,37.6,26.1,34.2,34.6,6.3,33,3.0,0,0,103.2,-0.8,37.6,26.0,40.9,26,LOW
525.7,247.2,146.6,54.6,0.0,12.0,105,5.0,97,37,513.6,-7.2,47.0,27.9,2.3,90,CRITICAL
525.6,285.3,40.0,110.5,2.6,0.8,96,5.5,149,36,564.4,10.8,54.3,7.6,0.6,88,CRITICAL
41.7,16.7,12.5,12.2,25.0,20.7,15,2.8,2,3,37.8,3.4,40.0,30.0,109.5,16,LOW
102.0,22.7,20.5,19.6,10.7,9.6,12,8.5,1,5,98.2,16.7,22.3,20.1,19.9,20,LOW
220.1,72.3,61.6,10.3,42.9,8.6,52,4.2,16,5,220.6,-6.0,32.9,28.0,23.4,37,MODERATE
215.6,90.6,33.4,86.2,12.4,22.7,35,6.2,33,0,233.2,-21.0,42.0,15.5,16.3,45,MODERATE
218.9,83.8,50.7,10.0,26.3,8.5,43,5.1,16,16,214.1,4.7,38.3,23.1,15.9,41,MODERATE
116.6,0.0,7.8,8.9,6.2,17.4,23,5.1,0,8,120.1,4.4,0.0,6.7,20.3,5,LOW
99.1,2.6,5.8,9.2,45.9,17.9,29,3.4,6,0,92.1,8.2,2.6,5.9,64.5,12,LOW
246.1,75.7,16.5,42.2,5.2,31.2,39,6.3,21,21,249.3,-3.2,30.8,6.7,14.8,32,MODERATE
407.8,244.7,21.0,104.5,18.1,28.5,82,5.0,93,22,393.6,-1.6,60.0,5.1,11.4,78,HIGH
396.3,107.3,59.2,59.8,27.4,18.5,66,6.0,30,28,325.6,13.2,27.1,14.9,11.6,72,HIGH
127.8,16.2,8.3,9.5,42.2,5.0,20,6.4,16,12,118.7,-6.1,12.7,6.5,37.0,5,LOW
197.0,98.5,19.9,68.6,42.8,24.8,31,6.4,12,7,186.1,-27.1,50.0,10.1,34.3,42,MODERATE
312.7,173.2,95.9,87.0,10.1,21.3,45,6.9,91,7,337.4,-6.7,55.4,30.7,10.0,75,HIGH
217.2,85.9,60.7,20.0,14.2,13.3,23,9.4,21,16,239.3,4.6,39.5,27.9,12.7,58,MODERATE
306.8,94.9,80.9,52.2,28.0,4.7,59,5.2,38,24,259.7,32.3,30.9,26.4,10.7,72,HIGH
564.2,168.6,41.6,200.7,12.5,11.8,121,4.7,106,43,569.9,44.8,29.9,7.4,4.3,87,CRITICAL
77.7,17.1,9.3,26.4,40.5,15.1,27,2.9,13,5,70.1,-1.5,22.0,11.9,71.6,21,LOW
318.9,183.8,15.0,72.7,0.0,19.0,80,4.0,70,29,309.6,61.2,57.6,4.7,6.0,70,HIGH
201.6,59.8,56.6,58.9,33.9,25.0,29,7.0,0,12,174.1,19.3,29.7,28.1,29.2,43,MODERATE
373.4,174.4,76.2,73.8,14.8,10.4,66,5.7,39,14,400.2,42.4,46.7,20.4,6.7,71,HIGH
87.4,21.2,21.2,35.0,26.9,17.4,17,5.1,4,5,80.1,5.4,24.3,24.2,50.6,25,LOW
484.7,339.3,152.4,99.0,19.7,12.4,110,4.4,120,37,525.1,-24.6,70.0,31.5,6.6,82,CRITICAL
89.9,1.9,21.1,30.5,45.1,34.1,13,6.9,5,9,81.1,24.7,2.1,23.5,88.2,22,LOW
334.9,163.9,42.2,72.0,13.1,40.0,90,3.7,86,5,352.0,37.0,48.9,12.6,15.8,71,HIGH
469.6,199.7,40.0,197.5,17.5,5.0,80,5.9,125,31,455.7,-3.9,42.5,8.5,4.8,88,CRITICAL
249.3,62.0,16.4,13.2,18.4,18.8,51,4.9,8,24,252.0,-19.1,24.9,6.6,15.0,47,MODERATE
132.9,32.2,15.7,17.5,10.7,20.9,22,6.0,1,0,144.6,-22.9,24.2,11.8,23.8,6,LOW
251.6,51.3,40.3,53.5,40.4,41.9,33,7.6,20,7,236.1,4.1,20.4,16.0,32.7,48,MODERATE
228.8,88.3,17.6,41.7,66.4,23.8,55,4.2,33,0,259.1,10.6,38.6,7.7,39.4,51,MODERATE
304.9,177.4,27.8,65.5,21.1,13.1,65,4.7,37,10,249.1,29.0,58.2,9.1,11.2,71,HIGH
319.4,191.6,107.7,53.4,15.5,13.4,47,6.8,46,29,273.9,29.1,60.0,33.7,9.0,72,HIGH
358.5,125.2,46.9,103.9,8.0,24.2,72,5.0,68,5,329.7,10.1,34.9,13.1,9.0,66,HIGH
327.6,107.3,15.0,113.0,26.0,21.6,86,3.8,39,5,288.8,26.5,32.8,4.6,14.5,71,HIGH
80.4,32.2,24.1,20.1,30.8,36.3,18,4.5,0,1,77.6,10.5,40.0,30.0,83.5,26,LOW
430.0,216.4,60.5,61.4,45.0,7.2,67,6.4,65,19,461.6,-20.3,50.3,14.1,12.1,64,HIGH
632.3,185.7,174.3,117.2,3.5,9.6,118,5.4,75,41,617.8,27.7,29.4,27.6,2.1,98,CRITICAL
524.2,289.8,159.0,113.7,23.1,1.3,145,3.6,94,31,518.5,13.8,55.3,30.3,4.6,89,CRITICAL
295.2,177.1,36.9,132.9,14.1,39.3,47,6.3,85,24,265.4,36.4,60.0,12.5,18.1,76,HIGH
125.6,22.6,11.3,0.0,55.5,25.6,16,7.8,5,11,116.8,-2.1,18.0,9.0,64.6,23,LOW
393.3,161.5,32.6,61.3,34.5,21.2,69,5.7,53,31,391.3,54.6,41.1,8.3,14.2,73,HIGH
225.9,33.5,12.8,50.0,35.1,10.1,35,6.5,0,23,223.9,-18.4,14.8,5.7,20.0,58,MODERATE
99.9,20.8,18.4,16.5,27.5,35.8,11,9.1,3,10,106.3,-25.5,20.8,18.4,63.4,17,LOW
252.1,73.6,37.3,49.3,24.2,54.9,32,7.9,24,12,217.3,23.2,29.2,14.8,31.4,57,MODERATE
383.9,186.7,85.3,82.4,29.5,0.0,71,5.4,66,22,324.3,16.1,48.6,22.2,7.7,75,HIGH
199.4,45.8,21.8,44.8,18.4,33.2,50,4.0,45,21,178.7,9.4,23.0,10.9,25.9,32,MODERATE
350.5,85.7,50.4,46.5,11.9,35.9,84,4.2,73,28,362.2,-23.6,24.5,14.4,13.6,74,HIGH
505.4,274.3,131.4,114.1,0.0,1.8,107,4.7,75,27,512.2,29.0,54.3,26.0,0.4,95,CRITICAL
126.9,41.4,14.4,20.3,38.4,13.5,5,25.4,5,3,137.5,3.5,32.6,11.4,40.9,25,LOW
203.2,67.2,7.8,36.7,37.7,30.3,35,5.8,18,8,192.4,-0.0,33.1,3.9,33.5,47,MODERATE
360.1,108.3,45.4,102.7,42.5,8.0,56,6.4,56,14,313.5,60.5,30.1,12.6,14.0,64,HIGH
155.3,34.4,14.8,16.8,25.3,26.6,10,15.5,7,10,163.8,5.3,22.2,9.5,33.4,8,LOW
213.3,36.5,41.5,10.0,2.2,37.3,35,6.1,10,22,208.4,10.9,17.1,19.4,18.5,57,MODERATE
118.7,25.7,19.2,14.4,19.5,23.5,10,11.9,1,3,113.1,-25.3,21.6,16.2,36.2,28,LOW
282.4,169.4,113.0,127.1,7.4,19.2,87,3.2,59,14,267.8,-23.1,60.0,40.0,9.4,77,HIGH
311.3,148.5,79.1,59.1,13.5,14.1,89,3.5,64,10,326.9,-3.1,47.7,25.4,8.9,64,HIGH
97.6,34.4,12.1,36.9,18.9,15.7,5,19.5,1,0,94.3,4.4,35.2,12.4,35.4,26,LOW
388.7,141.6,15.0,81.8,0.0,3.5,54,7.2,44,14,383.8,-4.9,36.4,3.9,0.9,68,HIGH
96.9,22.8,10.1,5.0,25.3,5.0,14,6.9,2,0,100.0,-16.3,23.5,10.4,31.3,16,LOW
58.9,23.6,17.7,23.6,28.1,24.9,31,1.9,0,0,57.6,-14.0,40.0,30.0,89.9,5,LOW
80.1,21.4,23.1,13.0,13.8,17.3,10,8.0,0,14,87.9,-6.8,26.7,28.8,38.8,6,LOW
148.9,17.7,22.4,23.6,44.5,38.7,20,7.4,0,1,156.0,24.2,11.9,15.1,55.9,6,LOW
85.4,28.0,25.6,34.2,34.1,17.8,24,3.6,6,9,84.7,2.8,32.8,30.0,60.8,23,LOW
113.2,41.5,15.4,7.7,22.4,27.1,20,5.7,7,14,122.9,11.9,36.7,13.6,43.8,15,LOW
373.1,132.7,56.6,60.3,25.3,2.6,64,5.8,84,7,328.3,21.8,35.6,15.2,7.5,64,HIGH
187.4,42.7,26.4,43.0,47.8,52.3,58,3.2,32,3,163.5,-2.4,22.8,14.1,53.4,49,MODERATE
188.0,50.5,56.4,22.7,33.4,23.1,54,3.5,29,12,189.5,-5.0,26.9,30.0,30.0,40,MODERATE
185.1,73.6,56.4,71.9,24.9,29.4,47,3.9,29,4,197.9,37.8,39.8,30.5,29.3,52,MODERATE
453.9,167.4,56.4,140.6,7.1,15.1,80,5.7,75,30,396.1,69.2,36.9,12.4,4.9,84,CRITICAL
257.0,75.0,21.1,25.1,34.6,25.7,51,5.0,28,9,222.9,-4.8,29.2,8.2,23.5,42,MODERATE
485.0,253.6,152.2,88.6,30.0,0.0,80,6.1,133,63,492.3,13.9,52.3,31.4,6.2,84,CRITICAL
229.6,87.6,31.4,84.8,21.2,28.5,44,5.2,8,9,258.6,7.9,38.1,13.7,21.6,59,MODERATE
270.0,53.3,37.6,26.1,31.2,13.3,54,5.0,23,4,301.5,20.1,19.7,13.9,16.5,48,MODERATE
343.5,141.3,80.1,94.3,19.6,10.1,79,4.3,65,5,286.4,-29.0,41.1,23.3,8.6,73,HIGH
261.7,59.5,38.1,69.9,0.0,17.3,37,7.1,17,10,284.4,31.0,22.7,14.6,6.6,51,MODERATE
83.4,29.7,2.2,33.4,44.0,5.1,30,2.8,0,4,88.3,11.1,35.5,2.7,58.8,11,LOW
204.9,73.1,46.5,62.9,42.2,28.8,46,4.5,8,5,219.7,21.1,35.7,22.7,34.7,53,MODERATE
387.2,182.3,75.5,110.7,8.7,28.8,56,6.9,89,19,399.9,-26.0,47.1,19.5,9.7,75,HIGH
97.0,35.5,29.1,25.8,20.8,18.1,25,3.9,11,12,96.5,-8.4,36.6,30.0,40.1,8,LOW
108.6,18.1,5.8,0.0,39.3,29.8,7,15.5,0,0,107.6,-16.9,16.7,5.3,63.6,24,LOW
291.6,154.7,88.1,35.6,15.0,18.1,71,4.1,59,8,274.0,16.8,53.0,30.2,11.4,66,HIGH
72.3,26.7,18.1,2.2,34.1,36.2,18,4.0,11,11,71.0,-26.6,36.9,25.1,97.1,16,LOW
178.5,70.4,35.8,44.9,22.2,16.3,29,6.2,27,6,159.0,22.4,39.4,20.0,21.6,43,MODERATE
236.3,47.7,53.0,36.9,48.2,9.5,40,5.9,16,20,269.4,-4.4,20.2,22.4,24.4,44,MODERATE
537.6,197.2,99.5,144.7,4.3,13.3,101,5.3,138,52,566.3,36.9,36.7,18.5,3.3,97,CRITICAL
315.9,189.6,78.2,39.5,11.6,9.3,89,3.5,79,18,295.8,55.6,60.0,24.7,6.6,76,HIGH
208.2,68.8,48.8,13.5,26.3,47.6,58,3.6,32,16,207.3,34.8,33.1,23.4,35.5,51,MODERATE
357.8,168.1,52.8,46.7,45.0,15.0,65,5.5,78,35,317.7,6.0,47.0,14.8,16.8,68,HIGH
244.4,80.8,49.1,22.0,37.9,11.8,26,9.4,21,4,232.8,19.2,33.1,20.1,20.3,47,MODERATE
440.7,189.0,100.1,86.7,6.7,18.8,92,4.8,139,10,448.9,0.4,42.9,22.7,5.8,91,CRITICAL
177.5,80.5,44.2,60.5,21.4,54.8,43,4.1,7,9,172.6,-16.7,45.3,24.9,42.9,52,MODERATE
365.3,182.9,55.4,91.3,39.0,5.4,73,5.0,81,19,370.8,45.2,50.1,15.2,12.2,79,HIGH
106.7,27.9,32.0,0.5,10.7,27.3,21,5.1,5,4,115.1,-9.5,26.1,30.0,35.6,7,LOW
102.3,13.0,15.9,13.6,35.6,29.6,33,3.1,3,0,105.1,-15.6,12.7,15.5,63.6,23,LOW
206.8,59.6,64.9,55.8,51.8,28.8,31,6.7,14,12,218.5,-6.3,28.8,31.4,39.0,41,MODERATE
79.1,31.7,8.1,1.9,7.6,19.7,14,5.7,0,0,84.0,-13.4,40.0,10.2,34.6,26,LOW
74.4,9.5,6.0,29.8,11.3,21.5,15,5.0,5,10,77.8,3.7,12.8,8.1,44.0,20,LOW
212.9,85.6,27.2,18.4,11.7,5.6,47,4.5,39,7,215.0,16.3,40.2,12.8,8.2,38,MODERATE
198.4,58.5,31.5,42.0,18.3,27.1,54,3.7,25,3,179.1,-1.2,29.5,15.9,22.9,57,MODERATE
65.6,26.2,8.7,22.7,25.9,10.7,17,3.9,4,5,67.2,1.8,40.0,13.3,55.8,12,LOW
224.9,48.3,27.8,82.8,23.9,13.0,56,4.0,9,6,239.7,15.4,21.5,12.4,16.4,50,MODERATE
214.1,83.8,41.2,60.1,12.5,17.7,46,4.7,36,5,235.0,-31.6,39.1,19.2,14.1,41,MODERATE
226.2,56.4,58.8,44.3,33.3,24.4,20,11.3,41,15,257.7,10.9,24.9,26.0,25.5,41,MODERATE
474.9,261.7,152.2,108.0,4.1,8.5,127,3.7,126,14,456.5,30.7,55.1,32.0,2.6,97,CRITICAL
509.7,196.6,116.9,92.2,5.7,0.0,88,5.8,142,32,548.6,73.4,38.6,22.9,1.1,98,CRITICAL
208.8,99.3,36.5,38.4,41.3,22.6,64,3.3,21,17,222.6,-8.6,47.6,17.5,30.6,57,MODERATE
229.0,41.4,22.9,70.1,21.6,41.8,47,4.9,22,6,254.6,3.3,18.1,10.0,27.7,47,MODERATE
230.3,43.4,49.8,45.3,50.0,42.1,59,3.9,39,13,222.4,-15.9,18.8,21.6,40.0,44,MODERATE
328.5,167.6,63.8,30.8,0.0,25.9,49,6.7,70,20,313.8,9.9,51.0,19.4,7.9,74,HIGH
222.7,98.5,53.1,89.1,20.1,50.1,32,7.0,26,17,249.7,-4.2,44.2,23.8,31.6,47,MODERATE
358.1,159.8,72.0,56.7,9.4,14.2,85,4.2,92,19,358.1,-2.7,44.6,20.1,6.6,70,HIGH
208.6,85.1,41.5,51.9,38.3,37.1,38,5.5,34,3,184.6,4.9,40.8,19.9,36.2,36,MODERATE
223.4,62.9,21.4,67.1,32.1,31.5,21,10.6,0,0,215.8,-3.6,28.2,9.6,28.5,46,MODERATE
207.4,86.8,64.9,71.0,14.0,24.0,45,4.6,18,15,217.6,19.8,41.9,31.3,18.3,48,MODERATE
546.6,299.4,148.2,159.6,5.9,11.3,97,5.6,131,45,542.0,57.4,54.8,27.1,3.1,98,CRITICAL
496.0,166.5,64.9,109.0,22.2,6.9,129,3.8,140,47,529.9,37.7,33.6,13.1,5.9,93,CRITICAL
244.9,122.4,13.3,53.5,21.4,55.7,25,9.8,29,0,272.4,-0.7,50.0,5.4,31.5,45,MODERATE
212.3,82.8,74.3,79.2,22.2,3.2,37,5.7,10,15,238.9,-16.3,39.0,35.0,12.0,44,MODERATE
66.8,26.7,14.6,18.0,11.6,27.1,17,3.9,10,4,68.5,-1.4,40.0,21.9,58.0,13,LOW
608.7,309.2,40.0,78.8,0.0,6.1,73,8.3,96,47,656.0,-15.9,50.8,6.6,1.0,95,CRITICAL
188.9,65.4,59.8,50.9,38.9,13.7,54,3.5,45,5,215.3,-16.3,34.6,31.7,27.8,38,MODERATE
564.9,241.6,157.0,35.0,10.8,0.0,97,5.8,149,56,539.0,4.5,42.8,27.8,1.9,81,CRITICAL
512.9,239.0,99.3,65.0,23.0,7.9,101,5.1,197,22,520.1,44.4,46.6,19.4,6.0,83,CRITICAL
588.1,202.7,88.9,53.4,8.4,10.5,88,6.7,139,29,534.3,-4.6,34.5,15.1,3.2,97,CRITICAL
401.7,124.7,72.0,20.0,2.2,19.6,86,4.7,37,20,355.5,9.7,31.1,17.9,5.4,74,HIGH
238.8,68.1,13.9,33.4,8.5,21.8,53,4.5,21,20,214.9,11.1,28.5,5.8,12.7,57,MODERATE
214.5,34.7,43.2,35.0,70.4,16.5,36,6.0,11,22,231.8,-1.7,16.2,20.1,40.5,38,MODERATE
548.7,251.3,132.4,151.0,0.0,8.0,104,5.3,139,29,509.5,32.0,45.8,24.1,1.5,88,CRITICAL
260.3,79.5,57.7,46.9,17.9,24.1,32,8.1,40,18,252.1,14.4,30.6,22.2,16.1,47,MODERATE
94.6,33.2,20.9,17.4,26.0,15.5,8,11.8,2,6,97.5,-9.3,35.1,22.1,43.9,5,LOW
201.0,53.2,25.3,68.7,25.2,8.0,36,5.6,22,1,171.5,34.3,26.4,12.6,16.5,50,MODERATE
527.9,190.6,93.7,135.7,10.6,14.3,105,5.0,91,25,501.4,28.5,36.1,17.7,4.7,95,CRITICAL
559.1,227.2,136.1,145.2,0.0,18.4,92,6.1,149,42,586.6,-34.2,40.6,24.3,3.3,85,CRITICAL
334.1,152.9,89.1,70.5,21.6,9.8,45,7.4,67,21,290.3,29.6,45.8,26.7,9.4,68,HIGH
217.9,100.3,32.6,65.1,33.4,21.4,40,5.4,21,14,224.8,-12.3,46.1,15.0,25.2,39,MODERATE
391.3,163.1,78.3,59.1,10.7,14.4,45,8.7,70,20,382.2,-2.5,41.7,20.0,6.4,75,HIGH
146.9,29.4,28.0,16.4,30.7,16.1,15,9.8,0,8,133.4,0.6,20.0,19.0,31.8,8,LOW
239.3,68.6,34.1,40.0,26.9,34.1,46,5.2,21,24,263.4,-48.4,28.7,14.3,25.5,52,MODERATE
107.6,29.3,15.8,37.8,9.5,18.2,14,7.7,16,0,99.4,4.0,27.2,14.7,25.7,22,LOW
430.0,212.8,158.3,44.4,0.0,7.0,76,5.7,87,39,410.8,15.6,49.5,36.8,1.6,88,CRITICAL
124.2,39.7,3.6,6.0,15.8,5.0,13,9.6,0,6,117.3,3.0,31.9,2.9,16.8,6,LOW
241.6,107.6,48.5,50.9,24.9,27.7,58,4.2,21,4,256.1,-24.2,44.5,20.1,21.8,57,MODERATE
430.0,192.0,98.0,64.4,12.5,15.2,84,5.1,45,9,358.4,29.9,44.6,22.8,6.4,73,HIGH
233.0,54.5,36.3,42.8,45.5,5.4,20,11.7,19,15,201.0,7.7,23.4,15.6,21.8,57,MODERATE
83.0,14.6,21.9,15.3,40.9,27.4,25,3.3,4,0,88.6,-4.4,17.6,26.4,82.3,18,LOW
94.2,5.9,19.2,13.1,38.2,20.0,23,4.1,1,0,87.7,10.3,6.2,20.4,61.9,23,LOW
465.2,186.4,40.0,125.2,11.9,21.5,107,4.3,107,15,414.8,25.6,40.1,8.6,7.2,95,CRITICAL
69.3,27.7,0.0,27.7,25.7,13.7,13,5.3,8,3,75.0,8.3,40.0,0.0,57.0,10,LOW
143.6,37.8,7.3,21.6,23.3,9.4,26,5.5,0,7,147.5,-2.8,26.3,5.1,22.7,23,LOW
473.1,271.0,99.7,194.9,5.5,8.8,92,5.1,140,46,466.0,43.2,57.3,21.1,3.0,87,CRITICAL
496.3,158.1,55.4,131.5,17.9,14.7,101,4.9,158,58,455.8,57.8,31.8,11.2,6.6,94,CRITICAL
225.9,92.1,26.0,55.6,14.5,61.7,53,4.3,19,5,256.1,2.9,40.8,11.5,33.8,57,MODERATE
489.5,176.1,62.7,50.7,13.2,2.4,97,5.0,118,18,477.0,-10.1,36.0,12.8,3.2,91,CRITICAL
190.6,85.5,27.4,42.3,29.8,19.7,44,4.3,35,2,209.4,13.8,44.9,14.4,26.0,56,MODERATE
507.0,231.1,98.1,102.3,1.9,8.5,105,4.8,139,32,530.8,51.2,45.6,19.3,2.1,81,CRITICAL
237.5,89.2,23.4,60.9,18.7,58.5,33,7.2,34,18,230.6,10.7,37.6,9.8,32.5,33,MODERATE
170.7,84.7,20.9,60.7,12.8,40.5,45,3.8,12,17,163.2,-5.6,49.6,12.2,31.2,57,MODERATE
431.8,238.6,118.0,81.1,5.7,18.6,113,3.8,109,64,414.9,-1.9,55.2,27.3,5.6,82,CRITICAL
385.2,113.4,41.5,65.3,28.2,5.4,58,6.6,53,29,390.9,29.6,29.4,10.8,8.7,73,HIGH
430.0,195.1,107.9,172.0,5.6,10.6,96,4.5,158,37,385.4,48.8,45.4,25.1,3.8,86,CRITICAL
386.1,180.7,84.1,63.2,3.2,14.1,84,4.6,67,5,322.0,-6.7,46.8,21.8,4.5,77,HIGH
119.9,31.9,12.0,14.4,29.7,26.9,31,3.9,2,10,109.0,8.1,26.6,10.1,47.2,16,LOW
152.7,49.2,53.4,61.1,21.8,17.2,43,3.6,28,22,153.9,-3.2,32.2,35.0,25.6,38,MODERATE
355.4,117.3,85.7,35.6,15.9,15.5,84,4.2,67,29,312.8,30.2,33.0,24.1,8.8,77,HIGH
96.5,17.8,11.6,0.0,39.6,23.6,13,7.4,8,14,104.3,1.0,18.4,12.0,65.5,12,LOW
78.4,23.0,22.9,31.4,15.3,36.7,17,4.6,4,6,73.5,-10.2,29.3,29.3,66.3,17,LOW
385.6,154.0,119.0,43.8,7.0,8.9,69,5.6,95,35,362.0,-32.8,39.9,30.9,4.1,71,HIGH
51.9,16.9,15.6,8.2,18.0,25.5,26,2.0,8,3,56.9,-7.2,32.5,30.0,84.0,19,LOW
331.4,167.7,79.5,77.5,3.6,19.0,82,4.0,54,33,342.4,-1.2,50.6,24.0,6.8,71,HIGH
396.6,171.9,41.9,125.9,22.0,10.8,84,4.7,74,5,358.8,6.4,43.3,10.6,8.3,71,HIGH
335.6,145.6,112.4,41.0,27.3,12.4,94,3.6,66,32,312.6,1.3,43.4,33.5,11.8,65,HIGH
174.3,47.7,31.3,53.3,0.7,12.6,49,3.6,10,22,185.2,-3.2,27.3,18.0,7.6,37,MODERATE
112.0,11.2,22.5,22.4,32.1,12.3,6,18.7,3,7,108.3,11.3,10.0,20.1,39.6,19,LOW
310.9,139.0,124.3,67.2,18.5,24.2,82,3.8,68,31,319.3,-8.3,44.7,40.0,13.7,67,HIGH
120.7,34.6,15.2,8.3,34.7,20.2,5,24.1,9,8,120.6,-13.1,28.6,12.5,45.5,26,LOW
270.0,101.9,35.9,48.2,15.3,13.0,46,5.9,15,19,232.8,33.3,37.7,13.3,10.5,53,MODERATE
127.1,33.5,24.8,27.7,31.7,30.8,9,14.1,1,0,132.5,3.4,26.3,19.5,49.2,9,LOW
527.7,180.1,227.4,150.1,0.0,0.0,84,6.3,148,38,473.6,25.2,34.1,43.1,0.0,86,CRITICAL
228.5,89.4,28.1,42.3,27.5,27.7,41,5.6,31,21,254.4,-9.7,39.1,12.3,24.2,42,MODERATE
200.7,60.2,20.1,45.4,23.6,26.2,43,4.7,10,8,205.1,6.4,30.0,10.0,24.8,55,MODERATE
205.5,20.0,27.1,80.8,30.2,20.4,42,4.9,26,17,236.1,0.9,9.7,13.2,24.6,58,MODERATE
566.5,202.7,125.5,122.9,9.6,15.6,113,5.0,84,28,514.0,71.6,35.8,22.2,4.5,91,CRITICAL
418.7,188.9,132.2,63.9,21.2,23.3,67,6.2,50,11,352.7,22.7,45.1,31.6,10.6,77,HIGH
215.6,77.6,18.7,28.7,39.7,0.0,34,6.3,45,4,233.8,25.7,36.0,8.7,18.4,36,MODERATE
206.7,66.0,9.7,33.3,30.8,14.0,52,4.0,14,13,188.6,7.1,31.9,4.7,21.6,59,MODERATE
430.0,199.2,124.5,82.6,26.2,8.7,82,5.2,85,44,383.9,11.8,46.3,29.0,8.1,91,CRITICAL
99.9,13.3,19.1,0.0,40.4,25.7,22,4.5,4,9,103.2,-22.1,13.3,19.1,66.2,17,LOW
335.3,126.3,76.0,76.7,32.8,13.9,45,7.5,57,5,308.6,27.1,37.7,22.7,13.9,67,HIGH
270.0,52.5,60.9,52.0,20.1,37.0,48,5.6,22,14,307.4,-5.7,19.4,22.6,21.1,40,MODERATE
124.7,43.5,9.5,17.0,13.7,24.6,28,4.5,9,0,113.3,4.9,34.9,7.6,30.7,5,LOW
99.8,28.9,29.9,0.0,23.8,20.2,9,11.1,1,3,92.5,-20.1,28.9,30.0,44.1,28,LOW
348.6,113.2,78.8,113.4,18.0,16.2,69,5.1,87,11,334.6,49.9,32.5,22.6,9.8,79,HIGH
115.0,37.6,18.5,33.1,24.1,27.5,18,6.4,5,7,115.7,-19.3,32.7,16.1,44.9,8,LOW
368.2,146.8,102.8,33.9,11.6,14.7,78,4.7,69,41,361.8,0.3,39.9,27.9,7.1,69,HIGH
121.8,11.1,16.5,32.2,23.1,34.0,17,7.2,4,6,122.0,-15.6,9.1,13.5,46.9,14,LOW
203.5,70.4,39.9,20.9,60.8,17.9,49,4.2,31,10,185.6,15.9,34.6,19.6,38.7,47,MODERATE
62.1,19.4,18.6,20.5,8.9,25.5,14,4.4,4,13,65.0,16.3,31.3,30.0,55.4,23,LOW
75.3,12.3,14.5,25.7,21.8,28.0,13,5.8,3,5,75.8,12.0,16.3,19.3,66.1,9,LOW
442.2,200.2,71.8,149.9,20.5,7.0,102,4.3,140,57,452.1,-16.3,45.3,16.2,6.2,96,CRITICAL
354.1,122.8,73.6,56.8,10.6,29.6,79,4.5,64,21,299.9,17.8,34.7,20.8,11.4,74,HIGH
200.8,45.6,45.2,21.8,65.0,44.4,42,4.8,32,0,186.9,50.4,22.7,22.5,54.5,33,MODERATE
169.9,51.8,57.0,46.2,1.8,0.0,43,4.0,32,0,175.4,13.1,30.5,33.5,1.1,48,MODERATE
66.8,11.2,17.6,26.7,10.0,5.0,28,2.4,2,4,61.2,0.2,16.8,26.3,22.5,27,LOW
120.8,3.3,9.2,21.0,9.9,25.2,25,4.8,1,5,128.3,-30.3,2.7,7.6,29.0,25,LOW
370.1,122.8,84.4,38.0,30.9,5.2,45,8.2,89,11,387.3,56.7,33.2,22.8,9.8,75,HIGH
195.6,65.6,37.0,35.9,25.9,45.2,58,3.4,25,1,202.2,14.7,33.5,18.9,36.3,49,MODERATE
405.6,136.6,37.4,129.4,26.3,37.2,80,5.1,38,26,324.8,-3.6,33.7,9.2,15.7,71,HIGH
130.6,17.8,17.3,41.6,30.7,25.8,15,8.7,4,8,125.2,-18.0,13.6,13.2,43.3,22,LOW
96.9,31.1,13.3,34.7,42.4,34.1,6,16.2,0,8,99.1,2.8,32.1,13.7,78.9,26,LOW
182.8,50.5,59.2,32.7,44.3,43.8,33,5.5,11,9,159.5,-14.6,27.6,32.4,48.2,53,MODERATE
473.8,228.3,84.8,116.3,16.0,6.0,102,4.6,133,27,501.1,9.6,48.2,17.9,4.6,85,CRITICAL
307.4,123.1,120.7,94.7,13.7,28.8,65,4.7,92,42,332.4,40.6,40.0,39.2,13.8,72,HIGH
78.6,18.9,15.8,23.9,10.2,28.7,20,3.9,1,0,73.4,-0.9,24.0,20.1,49.4,7,LOW
211.4,51.0,7.2,62.7,36.9,29.3,47,4.5,13,3,221.0,5.7,24.1,3.4,31.3,49,MODERATE
239.5,56.4,11.0,29.6,24.8,39.9,41,5.8,19,2,234.6,19.1,23.5,4.6,27.0,33,MODERATE
518.5,154.1,81.6,108.8,3.2,9.5,136,3.8,178,35,568.5,47.5,29.7,15.7,2.4,81,CRITICAL
244.4,63.7,38.7,64.7,52.4,20.5,45,5.4,42,0,253.9,-7.4,26.1,15.9,29.8,50,MODERATE
224.4,75.8,19.5,72.1,25.7,19.2,65,3.5,28,19,242.5,29.4,33.8,8.7,20.0,42,MODERATE
317.6,173.1,73.3,44.7,0.0,21.2,56,5.7,86,20,307.7,2.6,54.5,23.1,6.7,74,HIGH
343.9,147.7,47.7,52.0,25.3,16.4,72,4.8,35,19,327.2,40.7,42.9,13.9,12.1,64,HIGH
103.5,41.4,24.5,13.1,11.5,25.9,9,11.5,13,14,111.1,14.2,40.0,23.7,36.1,29,LOW
94.3,27.3,15.9,24.3,27.4,45.6,29,3.3,18,3,98.5,1.0,29.0,16.9,77.4,27,LOW
471.8,275.0,137.6,74.3,11.3,12.2,101,4.7,163,27,500.3,-28.4,58.3,29.2,5.0,96,CRITICAL
186.8,57.2,25.6,59.6,35.2,35.5,28,6.7,39,8,192.5,-14.8,30.6,13.7,37.8,45,MODERATE
181.0,53.7,38.6,55.2,6.1,24.7,34,5.3,14,13,188.7,-4.9,29.7,21.3,17.1,50,MODERATE
331.2,198.7,38.6,84.5,34.3,21.8,86,3.9,76,24,291.5,26.1,60.0,11.7,17.0,77,HIGH
217.3,82.3,35.5,24.5,19.2,24.9,56,3.9,27,5,241.0,16.7,37.9,16.3,20.3,41,MODERATE
609.6,249.7,119.5,85.2,0.0,7.6,119,5.1,113,37,607.4,63.7,41.0,19.6,1.2,95,CRITICAL
458.0,177.7,40.0,74.1,18.0,3.7,65,7.0,107,39,423.9,-17.8,38.8,8.7,4.7,92,CRITICAL
348.7,70.0,83.9,78.5,33.9,10.5,45,7.7,68,23,292.0,20.1,20.1,24.0,12.7,71,HIGH
83.7,33.5,17.6,24.0,37.0,25.1,17,4.9,10,8,80.1,-9.7,40.0,21.0,74.2,25,LOW
378.1,155.6,82.1,76.9,35.9,21.5,57,6.6,66,16,395.2,21.6,41.1,21.7,15.2,62,HIGH
287.8,150.9,84.7,83.9,32.1,24.6,53,5.4,44,23,250.5,39.8,52.4,29.4,19.7,71,HIGH
106.0,7.8,6.6,0.0,5.0,22.1,5,21.2,0,0,106.0,23.9,7.4,6.2,25.6,22,LOW
325.8,108.0,33.7,109.5,11.1,12.5,77,4.2,51,5,355.1,-16.8,33.1,10.3,7.2,70,HIGH
209.1,69.5,59.9,54.5,33.0,10.6,50,4.2,25,22,204.5,5.8,33.2,28.6,20.9,43,MODERATE
339.1,138.6,81.5,109.0,14.2,40.0,97,3.5,91,26,282.6,62.2,40.9,24.0,16.0,68,HIGH
512.4,358.7,72.2,102.8,3.8,4.2,115,4.5,144,44,475.0,61.6,70.0,14.1,1.6,93,CRITICAL
369.3,170.3,22.4,74.8,17.6,2.7,68,5.4,59,25,390.8,19.8,46.1,6.1,5.5,77,HIGH
106.9,33.5,26.8,24.9,5.0,14.3,40,2.7,3,8,108.3,2.9,31.3,25.1,18.1,28,LOW
179.2,61.4,36.3,58.9,39.6,27.5,43,4.2,30,5,182.4,35.5,34.3,20.2,37.4,43,MODERATE
499.2,233.4,49.6,103.9,7.5,6.3,103,4.8,75,15,492.8,56.3,46.8,9.9,2.8,87,CRITICAL
227.5,78.5,56.1,45.3,42.0,35.8,48,4.7,18,13,203.2,-5.6,34.5,24.7,34.2,46,MODERATE
336.1,117.3,38.2,82.6,45.0,23.4,45,7.5,50,13,351.7,-0.1,34.9,11.4,20.3,64,HIGH
55.2,17.0,6.0,22.1,26.8,5.0,27,2.0,0,0,57.0,-4.4,30.8,10.8,57.5,24,LOW
568.4,164.2,82.9,112.0,18.0,4.8,79,7.2,130,29,619.3,16.3,28.9,14.6,4.0,98,CRITICAL
100.8,22.5,8.5,12.1,16.0,24.1,12,8.4,7,0,107.0,3.0,22.4,8.4,39.8,20,LOW
290.9,174.5,97.3,88.7,17.8,5.3,50,5.8,45,17,262.3,41.7,60.0,33.4,8.0,72,HIGH
242.8,84.4,42.4,46.1,39.9,29.7,54,4.5,32,3,263.4,-14.5,34.8,17.5,28.7,40,MODERATE
446.6,267.7,108.4,83.1,16.5,10.8,93,4.8,81,20,413.5,6.6,59.9,24.3,6.1,91,CRITICAL
304.5,93.4,61.3,62.9,17.6,16.9,60,5.1,60,11,273.5,51.5,30.7,20.1,11.3,64,HIGH
544.2,202.4,82.2,51.3,6.6,0.0,139,3.9,95,47,502.4,73.5,37.2,15.1,1.2,98,CRITICAL
216.2,64.1,23.2,17.9,20.3,20.0,20,10.8,19,19,219.1,15.2,29.6,10.7,18.7,32,MODERATE
116.1,25.3,28.5,1.8,5.0,5.0,14,8.3,1,5,126.1,1.2,21.8,24.6,8.7,5,LOW
536.5,195.4,121.8,143.3,11.6,8.6,90,6.0,134,24,531.7,45.6,36.4,22.7,3.8,88,CRITICAL
94.2,37.7,28.3,8.3,31.4,7.0,24,3.9,6,11,85.7,-11.7,40.0,30.0,40.7,15,LOW
275.0,134.8,34.8,89.8,17.7,11.7,100,2.8,85,30,240.3,66.4,49.0,12.6,10.7,75,HIGH
112.0,44.8,33.4,36.4,37.4,20.2,23,4.9,1,1,110.6,10.2,40.0,29.9,51.4,6,LOW
107.6,14.9,21.4,20.4,5.0,13.1,22,4.9,2,19,114.5,-12.9,13.8,19.9,16.8,9,LOW
168.6,77.5,59.0,56.3,39.6,38.1,62,2.7,36,15,180.4,21.3,46.0,35.0,46.0,38,MODERATE
369.4,175.9,58.6,80.4,20.8,16.5,70,5.3,90,30,374.4,-8.0,47.6,15.9,10.1,74,HIGH
184.9,48.1,58.7,57.9,31.2,32.1,41,4.5,28,9,179.1,9.8,26.0,31.7,34.3,39,MODERATE
207.1,63.4,43.4,56.4,47.6,5.7,42,4.9,9,11,180.6,0.9,30.6,20.9,25.8,45,MODERATE
365.1,122.9,74.0,63.6,41.0,27.5,88,4.1,65,28,345.3,20.0,33.7,20.3,18.8,76,HIGH
501.6,224.0,154.4,136.2,17.4,5.0,106,4.7,75,41,537.7,-2.4,44.7,30.8,4.5,86,CRITICAL
233.4,56.5,28.2,61.2,9.8,0.0,36,6.5,33,14,235.4,20.4,24.2,12.1,4.2,41,MODERATE
339.3,185.4,43.0,53.4,27.0,26.0,89,3.8,74,21,287.2,30.7,54.6,12.7,15.6,64,HIGH
79.1,12.2,0.0,31.6,36.9,29.7,18,4.4,4,15,86.2,-8.3,15.4,0.0,84.3,24,LOW
200.3,38.7,33.6,70.3,45.0,28.5,55,3.6,9,9,191.7,12.1,19.3,16.8,36.7,59,MODERATE
91.6,25.2,7.2,27.8,23.2,25.0,12,7.6,1,2,98.6,20.7,27.5,7.8,52.6,27,LOW
575.9,130.0,90.1,56.2,6.0,7.6,74,7.8,75,34,613.5,80.2,22.6,15.6,2.4,87,CRITICAL
391.7,205.7,66.8,76.3,26.2,15.4,75,5.2,63,30,359.9,33.9,52.5,17.1,10.6,78,HIGH
219.7,45.1,11.4,54.8,46.8,23.8,36,6.1,23,12,217.8,9.4,20.5,5.2,32.2,44,MODERATE
91.2,21.1,4.6,5.9,32.0,13.4,22,4.1,0,0,83.4,2.2,23.1,5.0,49.7,6,LOW
268.2,79.8,57.4,33.3,45.9,20.3,43,6.2,41,3,295.6,8.7,29.8,21.4,24.7,54,MODERATE
97.0,34.1,22.0,23.3,21.9,16.2,26,3.7,9,7,95.3,-1.5,35.2,22.6,39.3,10,LOW
422.3,173.2,63.7,95.9,13.7,10.0,93,4.5,42,16,427.3,24.7,41.0,15.1,5.6,65,HIGH
256.0,84.8,52.4,38.9,17.4,19.7,22,11.6,38,9,268.9,28.2,33.1,20.5,14.5,40,MODERATE
204.5,41.8,44.2,24.6,18.6,10.3,40,5.1,36,11,179.0,-3.0,20.5,21.6,14.2,59,MODERATE
254.4,75.2,5.7,10.0,29.0,6.8,49,5.2,22,13,256.4,-7.7,29.5,2.2,14.1,46,MODERATE
225.4,51.8,36.3,32.5,19.1,18.9,33,6.8,30,6,231.3,-11.3,23.0,16.1,16.8,50,MODERATE
152.6,12.8,23.2,4.3,27.4,31.7,5,30.5,1,3,144.8,4.6,8.4,15.2,38.7,27,LOW
